% start	end	CellId	IMSI	RNTI	LCID	nTxPDUs	TxBytes	nRxPDUs	RxBytes	delay	stdDev	min	max	PduSize	stdDev	min	max
0	1	7	1	1	3	2210	2032126	2891	2230018	0.000784482	0.000646436	0	0.00358214	771.366	1787.83	5	9422	
0	1	1	2	3	3	2194	2134691	2297	2150363	0.000957128	0.000562218	0	0.003	936.162	2038.78	9	9422	
0	1	2	3	1	3	2666	2280142	2737	2314067	0.000953757	0.000507868	0	0.003	845.476	1854.66	5	9422	
0	1	1	4	1	3	638	1523500	620	1518068	0.00134246	0.000910704	0	0.003	2448.5	3458.19	9	9422	
0	1	1	5	6	3	942	1692469	1134	1721434	0.00103424	0.000836906	0	0.003	1518.02	2845.29	17	9422	
0	1	5	6	2	3	2385	2074208	2613	2114043	0.000932899	0.000587321	0	0.003	809.048	1870.41	5	9422	
0	1	1	7	5	3	263	1192195	235	1180856	0.0022748	0.000991583	0	0.00383214	5024.92	4624.55	13	9422	
1	2	7	1	1	3	4890	4956004	6360	5415832	0.000770834	0.000627338	0	0.00358214	851.546	1745.18	5	9422	
1	2	1	2	3	3	3916	4841401	5362	5411440	0.000764817	0.000678922	0	0.00383214	1009.22	1941.73	5	9422	
1	2	2	3	1	3	3681	3891146	3758	3931166	0.00101766	0.000608811	0	0.003	1046.08	2283.59	5	9422	
1	2	8	4	1	3	1070	2960860	1264	2990431	0.00126854	0.00106921	0	0.00383214	2365.85	3519.41	9	9422	
1	2	1	5	6	3	1104	2942312	1390	2986543	0.00117888	0.00102022	0	0.00383214	2148.59	3456.87	13	9422	
1	2	1	6	2	3	2641	3529587	3231	3674248	0.000922757	0.000763764	0	0.00383214	1137.19	2430.9	5	9422	
1	2	1	7	5	3	487	2546588	441	2532357	0.00234269	0.00105919	0	0.00408214	5742.31	4545.63	4	9422	
2	3	7	1	1	3	5664	6810845	7937	7475349	0.00074506	0.000693183	0	0.00383214	941.836	1923.39	5	9422	
2	3	3	2	3	3	5441	7515510	8425	8990545	0.000684323	0.000699577	0	0.00383214	1067.13	1929.73	5	9422	
2	3	2	3	1	3	5573	7565356	5700	7633037	0.00101388	0.000611858	0	0.003	1339.13	2320.09	5	9422	
2	3	1	4	4	3	1856	4327383	2133	4358806	0.0012323	0.00101079	0	0.00383214	2043.51	3458.21	5	9422	
2	3	8	5	2	3	1698	4370881	3100	4581995	0.000815946	0.00101058	0	0.00383214	1478.06	3017.89	5	9422	
2	3	1	6	2	3	2863	4803456	3391	4941607	0.00101138	0.000863401	0	0.00383214	1457.27	2847.33	5	9422	
2	3	1	7	5	3	900	3904132	901	3901952	0.00190857	0.00115397	0	0.00408214	4330.69	4646.57	4	9422	
3	4	1	1	1	3	7586	9250143	11337	10322977	0.000696521	0.000692404	0	0.00383214	910.556	1890.83	5	9422	
3	4	1	2	3	3	7266	10163168	10778	12092753	0.00072793	0.000706763	0	0.00383214	1121.98	1958.69	5	9422	
3	4	2	3	7	3	7786	9999489	8077	10121922	0.00099437	0.000608266	0	0.003	1253.18	2257.87	5	9422	
3	4	1	4	1	3	2103	5655822	2282	5691773	0.00134316	0.00106726	0	0.00383214	2494.2	3783.82	5	9422	
3	4	8	5	2	3	5308	8183440	6790	8421640	0.000896456	0.000777943	0	0.00383214	1240.3	2420.31	5	9422	
3	4	1	6	2	3	3108	6063480	3533	6181499	0.00109131	0.000931714	0	0.00383214	1749.65	3144.23	5	9422	
3	4	1	7	5	3	1095	5254029	1107	5251752	0.00197032	0.00117451	0	0.00408214	4744.13	4668.92	4	9422	
4	5	7	1	1	3	9920	11218116	13761	12297775	0.000747458	0.000682971	0	0.00383214	893.669	1929.29	5	9422	
4	5	3	2	3	3	10097	12405184	14288	14510663	0.000746617	0.000683666	0	0.00383214	1015.58	1921.74	5	9422	
4	5	1	3	7	3	9990	12106624	11036	12550210	0.0009337	0.000631829	0	0.003	1137.21	2177.9	5	9422	
4	5	1	4	4	3	2598	7116112	2711	7154510	0.00137727	0.00106641	0	0.00383214	2639.07	3835.88	5	9422	
4	5	8	5	2	3	9054	12301360	10585	12553197	0.000912047	0.000682131	0	0.00383214	1185.94	2206.6	5	9422	
4	5	1	6	2	3	3353	7373050	3676	7480359	0.00116556	0.000985169	0	0.00383214	2034.92	3397.63	5	9422	
4	5	1	7	5	3	1331	6575805	1264	6569582	0.00207059	0.00116072	0	0.00408214	5197.45	4632.37	4	9422	
5	6	7	1	1	3	11795	13401927	15679	14484370	0.000783055	0.000682807	0	0.00383214	923.807	1987.6	5	9422	
5	6	1	2	3	3	10811	13851143	15280	16011912	0.000760735	0.000708369	0	0.00383214	1047.9	2025.86	5	9422	
5	6	1	3	7	3	10382	13440440	11416	13876539	0.000964194	0.000671165	0	0.00383214	1215.53	2323.92	5	9422	
5	6	1	4	4	3	2780	8420973	2860	8457721	0.00145984	0.00109801	0	0.00383214	2957.25	4000.24	5	9422	
5	6	1	5	6	3	11839	15116019	13445	15382591	0.000927414	0.000655363	0	0.00383214	1144.11	2162.11	5	9422	
5	6	1	6	2	3	3597	8719383	3819	8825404	0.00123425	0.00102739	0	0.00383214	2310.92	3615.38	5	9422	
5	6	1	7	5	3	1502	7859433	1426	7852698	0.0021362	0.00115483	0	0.00408214	5506.8	4560.59	4	9422	
6	7	7	1	1	3	12886	14951631	16840	16050477	0.000804398	0.000696269	0	0.00383214	953.116	2078.8	5	9422	
6	7	3	2	1	3	12719	17141735	17217	19303016	0.000791599	0.0007042	0	0.00408214	1121.16	2073.65	5	9422	
6	7	1	3	7	3	10612	14773483	11632	15206153	0.000996666	0.00071618	0	0.00383214	1307.27	2469.5	5	9422	
6	7	1	4	4	3	2930	9755713	3385	9841802	0.00136198	0.00116117	0	0.00383214	2907.47	4018.6	4	9422	
6	7	8	5	2	3	13892	17739503	15590	18005566	0.000937879	0.000650822	0	0.00383214	1154.94	2177.68	5	9422	
6	7	1	6	2	3	3842	10039304	3962	10134615	0.00129798	0.00106109	0	0.00383214	2557.95	3776.78	5	9422	
6	7	1	7	5	3	1645	9179296	1569	9172561	0.00221493	0.00112865	0	0.00408214	5846.12	4482.64	4	9422	
7	8	7	1	1	3	13090	16284952	17065	17385688	0.00082305	0.00072535	0	0.00383214	1018.79	2201.65	5	9422	
7	8	3	2	1	3	15524	20741850	20092	22970791	0.000821419	0.000686121	0	0.00408214	1143.28	2058.16	5	9422	
7	8	2	3	1	3	11440	16218631	12583	16673155	0.0010064	0.00073406	0	0.00383214	1325.05	2535.22	5	9422	
7	8	1	4	4	3	3167	11102869	3572	11184413	0.00144094	0.00118918	0	0.00408214	3131.13	4126.32	4	9422	
7	8	1	5	6	3	15030	19834170	16724	20116285	0.000950791	0.000662304	0	0.00383214	1202.84	2229.58	5	9422	
7	8	1	6	2	3	3995	11361551	4105	11455812	0.00135727	0.00108817	0	0.00383214	2790.7	3909.82	5	9422	
7	8	1	7	5	3	1788	10522673	1719	10510920	0.00226947	0.00111061	0	0.00408214	6114.55	4413.69	4	9422	
8	9	7	1	1	3	16250	19733545	20612	20966418	0.000829278	0.00069692	0	0.00383214	1017.19	2127	5	9422	
8	9	1	2	1	3	16898	23374741	21587	25754868	0.000843564	0.000692957	0	0.00408214	1193.07	2092.02	5	9422	
8	9	2	3	1	3	13771	19239049	15935	20110336	0.000945536	0.000728694	0	0.00383214	1262.02	2401.19	5	9422	
8	9	8	4	1	3	3652	12904878	4071	12984039	0.00146159	0.00117481	0	0.00408214	3189.4	4063.9	4	9422	
8	9	1	5	6	3	16061	21837650	18047	22170997	0.000949742	0.000677725	0	0.00383214	1228.51	2271.05	5	9422	
8	9	1	6	2	3	4138	12647763	4248	12742024	0.00141257	0.00110997	0	0.00383214	2999.53	4007.49	5	9422	
8	9	1	7	5	3	1931	11853812	1931	11841625	0.00224247	0.00114931	0	0.00408214	6132.38	4409.07	4	9422	
9	10	7	1	1	3	18128	22695175	24122	24876792	0.000789874	0.000701227	0	0.00383214	1031.29	2074.75	5	9422	
9	10	1	2	3	3	18162	25884951	22985	28403470	0.000862769	0.000699953	0	0.00408214	1235.74	2124.98	5	9422	
9	10	2	3	1	3	15744	21947783	19398	23676663	0.000883126	0.000733356	0	0.00383214	1220.57	2301.75	5	9422	
9	10	1	4	4	3	3891	14233634	4241	14305835	0.00151152	0.00118772	0	0.00408214	3373.22	4138.82	4	9422	
9	10	1	5	6	3	17583	23515226	19603	23852555	0.00096431	0.000682923	0	0.00383214	1216.78	2303.46	5	9422	
9	10	1	6	2	3	4281	13938946	4391	14033207	0.00146427	0.00112753	0	0.00383214	3195.9	4087.83	5	9422	
9	10	1	7	5	3	2073	13191736	2074	13188971	0.00229471	0.00112545	0	0.00408214	6359.2	4335.2	4	9422	
10	11	1	1	1	3	20649	24737242	27453	27115063	0.000786239	0.000692901	0	0.00383214	987.69	2042.83	5	9422	
10	11	3	2	1	3	18977	27936390	23816	30450060	0.000876525	0.000713015	0	0.00408214	1278.55	2180.37	5	9422	
10	11	2	3	7	3	16537	23691684	21665	26010598	0.000836721	0.000750582	0	0.00383214	1200.58	2285.63	5	9422	
10	11	1	4	4	3	4049	15539668	4398	15621006	0.00155567	0.00119891	0	0.00408214	3551.84	4201.24	4	9422	
10	11	8	5	2	3	21132	27239703	23218	27596468	0.00096657	0.000658735	0	0.00383214	1188.58	2227.16	5	9422	
10	11	1	6	2	3	4424	15269124	4533	15353963	0.00151237	0.00114152	0	0.00383214	3387.15	4162.9	5	9422	
10	11	1	7	5	3	2216	14510672	2217	14507907	0.0023402	0.00110224	0	0.00408214	6543.94	4257.05	4	9422	
11	12	1	1	1	3	21819	26445810	29286	28952241	0.000783331	0.000700255	0	0.00383214	988.603	2064.65	5	9422	
11	12	1	2	3	3	20780	31139142	25817	33921914	0.00088292	0.000709565	0	0.00408214	1313.94	2176.63	5	9422	
11	12	1	3	1	3	18653	26352244	24831	29092747	0.000819983	0.000744003	0	0.00383214	1171.63	2245.77	5	9422	
11	12	1	4	4	3	4192	16834441	4872	17081900	0.00149237	0.00123256	0	0.00408214	3506.14	4182.5	4	9422	
11	12	8	5	2	3	23010	29823868	25231	30197242	0.000968705	0.000657842	0	0.00383214	1196.83	2239.63	5	9422	
11	12	1	6	2	3	4567	16602044	4676	16686883	0.00155787	0.00115275	0	0.00383214	3568.62	4225.15	5	9422	
11	12	1	7	5	3	2362	15833361	2360	15830446	0.00238018	0.00107985	0	0.00408214	6707.82	4178.22	4	9422	
12	13	1	1	1	3	21962	27728696	29460	30238160	0.000793266	0.000715443	0	0.00383214	1026.41	2133.33	5	9422	
12	13	3	2	1	3	22964	33875904	28646	36879914	0.000875208	0.000705826	0	0.00408214	1287.44	2154.92	5	9422	
12	13	2	3	7	3	20669	28920878	28154	32240521	0.000799729	0.00074029	0	0.00383214	1145.15	2200.35	5	9422	
12	13	1	4	4	3	4372	18148008	5411	18488789	0.00142739	0.00125599	0	0.00408214	3416.89	4163.04	4	9422	
12	13	1	5	6	3	24086	31600066	26362	31986317	0.000975747	0.000664888	0	0.00383214	1213.35	2279.42	5	9422	
12	13	1	6	2	3	4709	17910762	4842	18007438	0.00159306	0.00116404	0	0.00383214	3719.01	4270.51	5	9422	
12	13	1	7	5	3	2505	17134756	2504	17131946	0.00241462	0.00105925	0	0.00408214	6841.83	4103.89	4	9422	
13	14	1	1	1	3	22104	29033902	29603	31552788	0.000803926	0.000729929	0	0.00383214	1065.86	2202.72	5	9422	
13	14	3	2	1	3	24661	35840565	30389	38853622	0.000883812	0.000703883	0	0.00408214	1278.54	2170.43	5	9422	
13	14	2	3	7	3	22711	31426469	31317	35223387	0.000785214	0.000734362	0	0.00383214	1124.74	2170.36	5	9422	
13	14	8	4	1	3	5130	19899146	6346	20294080	0.00137719	0.00122623	0	0.00408214	3197.93	4066.95	4	9422	
13	14	1	5	6	3	24284	32951790	26525	33326226	0.000986351	0.000680328	0	0.00383214	1256.41	2350.26	5	9422	
13	14	1	6	2	3	4852	19212184	4997	19310072	0.0016295	0.00117234	0	0.00383214	3864.33	4305.13	5	9422	
13	14	1	7	5	3	2648	18454492	2656	18452337	0.00243796	0.00104664	0	0.00408214	6947.42	4044.33	4	9422	
14	15	1	1	1	3	22536	30919944	30152	33484461	0.000810996	0.000742345	0	0.00383214	1110.52	2258.42	5	9422	
14	15	3	2	1	3	27569	38820474	33998	42057526	0.000875006	0.000694215	0	0.00408214	1237.06	2135.62	5	9422	
14	15	2	3	1	3	24098	34383142	32903	38223037	0.00079447	0.000735621	0	0.00383214	1161.69	2196.69	5	9422	
14	15	1	4	1	3	8317	23408717	9670	23862905	0.00123973	0.00106026	0	0.00408214	2467.73	3605.19	4	9422	
14	15	1	5	6	3	24473	34294251	26704	34668807	0.000996412	0.00069477	0	0.00383214	1298.26	2416.71	5	9422	
14	15	1	6	2	3	4995	20548105	5140	20645993	0.00166762	0.00117769	0	0.00383214	4016.73	4340.01	5	9422	
14	15	1	7	5	3	2791	19727201	2880	19720690	0.00239626	0.00109241	0	0.00408214	6847.46	4085.09	4	9422	
15	16	1	1	1	3	22732	32237650	30343	34801264	0.000823247	0.000759606	0	0.00408214	1146.93	2319.22	5	9422	
15	16	1	2	1	3	30115	41133210	37459	44645709	0.000860707	0.000688557	0	0.00408214	1191.86	2108.16	5	9422	
15	16	2	3	1	3	25248	37264452	34160	41134655	0.000804125	0.000739008	0	0.00383214	1204.18	2221.41	5	9422	
15	16	8	4	1	3	11028	27532781	13157	28224963	0.00112588	0.00098559	0	0.00408214	2145.24	3262.66	4	9422	
15	16	1	5	6	3	24953	35955251	27220	36343912	0.00100316	0.000705255	0	0.00383214	1335.19	2460.82	5	9422	
15	16	1	6	2	3	5138	21895451	5290	21994074	0.00170143	0.00118243	0	0.00383214	4157.67	4369.41	5	9422	
15	16	1	7	5	3	2934	21048928	3044	21041442	0.00240809	0.00108888	0	0.00408214	6912.43	4049.68	4	9422	
16	17	7	1	1	3	24576	35205273	32977	38198580	0.000815536	0.000754456	0	0.00408214	1158.34	2299.15	5	9422	
16	17	3	2	1	3	31950	44369106	39534	48034999	0.00086619	0.000688315	0	0.00408214	1215.03	2117.34	5	9422	
16	17	2	3	1	3	28289	40698952	37698	44813439	0.000806427	0.000723805	0	0.00383214	1188.75	2178.05	5	9422	
16	17	8	4	1	3	13348	29827531	15870	30615262	0.00109109	0.000940527	0	0.00408214	1929.13	3120.36	4	9422	
16	17	8	5	2	3	25180	37264027	27591	37718120	0.00100781	0.000720806	0	0.00383214	1367.04	2508.99	5	9422	
16	17	1	6	2	3	5281	23231399	5433	23330022	0.00173561	0.00118514	0	0.00383214	4294.13	4391.32	5	9422	
16	17	1	7	5	3	3076	22304737	3204	22307286	0.00242173	0.0010829	0	0.00408214	6962.32	4009.34	4	9422	
17	18	1	1	1	3	27045	37230912	35960	40330794	0.000817124	0.000744366	0	0.00408214	1121.55	2272.62	5	9422	
17	18	3	2	1	3	34757	46804199	42465	50523891	0.000873785	0.000680066	0	0.00408214	1189.78	2109.26	5	9422	
17	18	2	3	1	3	32007	44908762	41544	49062154	0.000816697	0.000704815	0	0.00383214	1180.97	2140.39	5	9422	
17	18	1	4	4	3	14971	31329865	17659	32141594	0.0010837	0.00091643	0	0.00408214	1820.13	3078.54	4	9422	
17	18	8	5	6	3	27444	39529398	30722	40155355	0.000984851	0.000718872	0	0.00383214	1307.06	2455.77	5	9422	
17	18	1	6	2	3	5424	24518763	5575	24607964	0.00176782	0.00118679	0	0.00383214	4413.98	4401.52	5	9422	
17	18	1	7	5	3	3219	23628397	3366	23631496	0.00243263	0.00107862	0	0.00408214	7020.65	3976.41	4	9422	
18	19	1	1	1	3	27514	38637883	36847	41815424	0.000816802	0.000755463	0	0.00408214	1134.84	2306.93	5	9422	
18	19	1	2	3	3	36266	48630802	44030	52370925	0.000881311	0.000682022	0	0.00408214	1189.44	2128.09	5	9422	
18	19	1	3	1	3	33708	47483400	43460	51690872	0.000822094	0.000703897	0	0.00383214	1189.39	2151.12	5	9422	
18	19	1	4	1	3	15552	32675912	18259	33489001	0.00109521	0.000921425	0	0.00408214	1834.11	3108.95	4	9422	
18	19	8	5	2	3	29579	41352527	33168	42028026	0.000982757	0.000714906	0	0.00383214	1267.13	2430.66	5	9422	
18	19	1	6	2	3	5567	25825180	5719	25917348	0.00179832	0.00118768	0	0.00383214	4531.8	4410.51	5	9422	
18	19	1	7	5	3	3362	24890585	3509	24893684	0.00245575	0.00106234	0	0.00408214	7094.24	3920.95	4	9422	
19	20	1	1	1	3	28130	40292968	37405	43458628	0.000826384	0.000763426	0	0.00408214	1161.84	2346.83	5	9422	
19	20	3	2	1	3	38673	52287627	47319	56384284	0.000872518	0.000681025	0	0.00408214	1191.58	2106.12	5	9422	
19	20	1	3	7	3	36433	50422613	47104	55021974	0.000815112	0.000697266	0	0.00383214	1168.1	2122.7	5	9422	
19	20	1	4	1	3	16564	34236762	19364	35056754	0.00109433	0.000914635	0	0.00408214	1810.41	3103.75	4	9422	
19	20	1	5	2	3	32753	44514831	36817	45344633	0.000971688	0.000702174	0	0.00383214	1231.62	2371.12	5	9422	
19	20	5	6	1	3	5709	27085826	5919	27190443	0.00181003	0.00119533	0	0.00383214	4593.76	4411.81	5	9422	
19	20	1	7	5	3	3505	26199754	3669	26203450	0.00246558	0.00105771	0	0.00408214	7141.85	3889.36	4	9422	
20	21	7	1	1	3	29178	43036169	38837	46395060	0.000826543	0.000766302	0	0.00408214	1194.61	2359.52	5	9422	
20	21	3	2	1	3	40681	54943577	49797	59290407	0.000871988	0.000681114	0	0.00408214	1190.64	2103.74	5	9422	
20	21	2	3	1	3	38836	53343719	50880	58568102	0.000800841	0.00069427	0	0.00383214	1151.1	2095.71	5	9422	
20	21	8	4	1	3	18153	35752027	21054	36581977	0.00108932	0.000896863	0	0.00408214	1737.53	3066.64	4	9422	
20	21	8	5	2	3	35361	46779478	40066	47785603	0.00096179	0.000697942	0	0.00383214	1192.67	2332.56	5	9422	
20	21	5	6	2	3	5852	28375363	6375	28512844	0.00174786	0.00123101	0	0.00383214	4472.6	4416.58	5	9422	
20	21	1	7	5	3	3648	27514420	3860	27519738	0.00245472	0.00107213	0	0.00408214	7129.47	3896.83	4	9422	
21	22	7	1	1	3	31556	46396693	42168	50292020	0.000817837	0.000757787	0	0.00408214	1192.66	2317.76	5	9422	
21	22	3	2	1	3	42800	57570733	51961	61953427	0.00087666	0.000678154	0	0.00408214	1192.31	2102.21	5	9422	
21	22	2	3	1	3	41745	55856628	54405	61263721	0.00080087	0.000687411	0	0.00383214	1126.07	2078.45	5	9422	
21	22	1	4	4	3	19036	37406569	21925	38240264	0.00109326	0.000895412	0	0.00408214	1744.14	3072.74	4	9422	
21	22	8	5	6	3	36043	48185163	41479	49290601	0.000954653	0.000710252	0	0.00408214	1188.33	2347.16	5	9422	
21	22	1	6	2	3	6980	30039540	7853	30213306	0.00158866	0.00121054	0	0.00383214	3847.36	4333.78	5	9422	
21	22	1	7	5	3	3791	28861263	4142	28863041	0.00239044	0.00113179	0	0.00408214	6968.38	4000.4	4	9422	
22	23	1	1	1	3	34511	49770982	45619	53794694	0.000818958	0.000744989	0	0.00408214	1179.22	2279.76	5	9422	
22	23	1	2	1	3	44220	60194127	53422	64602136	0.000881669	0.000679241	0	0.00408214	1209.28	2115.49	5	9422	
22	23	2	3	1	3	44806	58545119	58286	64174383	0.000797869	0.000680527	0	0.00383214	1101.03	2057.99	5	9422	
22	23	1	4	4	3	19272	38714652	22085	39531949	0.00110705	0.000907517	0	0.00408214	1789.99	3118.78	4	9422	
22	23	8	5	2	3	36389	49527018	41844	50645272	0.00096293	0.000720786	0	0.00408214	1210.34	2384.68	5	9422	
22	23	5	6	1	3	7352	31392577	8305	31574949	0.00158027	0.00121024	0	0.00383214	3801.92	4331.52	5	9422	
22	23	1	7	5	3	3968	30162857	4403	30171546	0.00235916	0.00115881	0	0.00408214	6852.5	4061	4	9422	
23	24	7	1	1	3	34918	51116928	46015	55139977	0.000827999	0.00075502	0	0.00408214	1198.3	2314.95	5	9422	
23	24	3	2	1	3	46612	62059384	55894	66481508	0.000886135	0.000675083	0	0.00408214	1189.42	2116.69	5	9422	
23	24	2	3	7	3	47924	62238884	62015	68126398	0.000798316	0.000673797	0	0.00383214	1098.55	2039.04	5	9422	
23	24	8	4	1	3	19675	40082888	22578	40910327	0.00111337	0.000915371	0	0.00408214	1811.96	3147.24	4	9422	
23	24	1	5	6	3	36633	50875146	41987	51983776	0.000969868	0.00072928	0	0.00408214	1238.09	2427.6	5	9422	
23	24	1	6	2	3	8310	32852807	9408	33052258	0.00151918	0.00118478	0	0.00383214	3513.21	4278.64	5	9422	
23	24	1	7	5	3	4487	31534990	4845	31540087	0.0022888	0.0011709	0	0.00408214	6509.82	4200.96	4	9422	
24	25	1	1	1	3	37042	53333455	48250	57375037	0.000836377	0.000750324	0	0.00408214	1189.12	2308.53	5	9422	
24	25	3	2	1	3	50043	65128225	59425	69574023	0.000888805	0.000665307	0	0.00408214	1170.79	2096.94	5	9422	
24	25	1	3	7	3	50195	65080137	65280	71487997	0.000793888	0.000673295	0	0.00383214	1095.1	2025.52	5	9422	
24	25	8	4	1	3	20009	41400811	23135	42257108	0.00111398	0.000925681	0	0.00433214	1826.54	3169.51	4	9422	
24	25	1	5	6	3	36869	52170039	42191	53275402	0.000977271	0.000738923	0	0.00408214	1262.72	2464.49	5	9422	
24	25	1	6	2	3	8559	34178491	9630	34365790	0.00154697	0.00118938	0	0.00383214	3568.62	4296.82	5	9422	
24	25	1	7	5	3	4779	32915184	5265	32959990	0.00220311	0.00121924	0	0.00408214	6260.21	4290.3	4	9422	
25	26	7	1	1	3	40046	55800309	51385	59860897	0.000844298	0.000739845	0	0.00408214	1164.95	2281.92	5	9422	
25	26	3	2	1	3	51648	66750709	61370	71273809	0.000889117	0.000666843	0	0.00408214	1161.38	2104.91	5	9422	
25	26	1	3	7	3	52556	67535664	68684	74392486	0.000789126	0.000672211	0	0.00383214	1083.11	2013.17	5	9422	
25	26	1	4	4	3	20229	42740228	23321	43594051	0.00112772	0.000937465	0	0.00433214	1869.3	3211.72	4	9422	
25	26	1	5	6	3	37328	53479450	42722	54590218	0.000982038	0.000745228	0	0.00408214	1277.8	2491.64	5	9422	
25	26	1	6	2	3	8803	35533674	9782	35711313	0.00156962	0.00119432	0	0.00383214	3650.72	4321.8	5	9422	
25	26	1	7	5	3	4922	34248936	5434	34296239	0.00221354	0.00121661	0	0.00408214	6311.42	4274.02	4	9422	
26	27	1	1	1	3	41295	57337294	52684	61401380	0.000850074	0.000740631	0	0.00408214	1165.47	2294.01	5	9422	
26	27	1	2	3	3	54139	69315968	64847	74149467	0.000880505	0.00066666	0	0.00408214	1143.45	2089.81	5	9422	
26	27	2	3	1	3	54563	69727346	72440	77062142	0.000776053	0.000673401	0	0.00383214	1063.81	1999.39	5	9422	
26	27	8	4	1	3	21267	44285793	24744	45202009	0.00111606	0.000936067	0	0.00433214	1826.79	3187.61	4	9422	
26	27	1	5	6	3	37471	54790705	42865	55901473	0.00098877	0.000753029	0	0.00408214	1304.13	2529.17	5	9422	
26	27	1	6	2	3	9044	36881829	9939	37060129	0.00159152	0.00119882	0	0.00383214	3728.76	4344.4	5	9422	
26	27	8	7	3	3	5065	35594498	5636	35645481	0.00221032	0.00122232	0	0.00408214	6324.61	4273.79	4	9422	
27	28	7	1	1	3	42808	59170796	54202	63244422	0.000856867	0.000740115	0	0.00408214	1166.83	2303.65	5	9422	
27	28	3	2	1	3	54849	71389972	66174	76559463	0.000877186	0.000673164	0	0.00408214	1156.94	2106.95	5	9422	
27	28	1	3	7	3	57166	72202475	76139	79917049	0.000771822	0.000670967	0	0.00383214	1049.62	1985.08	5	9422	
27	28	1	4	4	3	22397	45793005	25952	46717396	0.00111775	0.000930282	0	0.00433214	1800.15	3179.03	4	9422	
27	28	1	5	6	3	37614	56117899	43007	57219245	0.000995411	0.000760586	0	0.00408214	1330.46	2566.26	5	9422	
27	28	1	6	2	3	9279	38219211	10134	38393967	0.00161473	0.00120349	0	0.00383214	3788.63	4360.7	5	9422	
27	28	1	7	5	3	5245	36913987	6117	37014340	0.00211132	0.00128052	0	0.00408214	6051.06	4365.93	4	9422	
28	29	1	1	1	3	43258	60659684	54755	64749388	0.000861945	0.000746501	0	0.00408214	1182.53	2329.38	5	9422	
28	29	1	2	3	3	57279	74925949	69421	80362813	0.000871052	0.000672125	0	0.00408214	1157.62	2097.12	5	9422	
28	29	1	3	7	3	58617	73753388	77669	81486633	0.000777285	0.000672589	0	0.00383214	1049.15	2000.37	5	9422	
28	29	1	4	1	3	24360	47422606	27962	48352126	0.00111082	0.00091142	0	0.00433214	1729.21	3133.7	4	9422	
28	29	8	5	6	3	37804	57424541	43541	58570614	0.000993791	0.000770107	0	0.00408214	1345.18	2591.29	5	9422	
28	29	1	6	2	3	9524	39577267	10277	39741313	0.001634	0.00120605	0	0.00383214	3867.01	4380.25	5	9422	
28	29	1	7	5	3	5487	38194063	6274	38278874	0.00213333	0.0012722	0	0.00408214	6101.19	4344.93	4	9422	
29	30	7	1	1	3	45363	62695542	57635	66968447	0.000856434	0.000743186	0	0.00408214	1161.94	2314.04	5	9422	
29	30	1	2	1	3	57873	76304015	70094	81751484	0.000874901	0.000677512	0	0.00408214	1166.31	2120.33	5	9422	
29	30	1	3	1	3	60332	75560821	80071	83439584	0.000777201	0.000674138	0	0.00383214	1042.07	2002.77	5	9422	
29	30	8	4	1	3	25401	49181611	29088	50115620	0.00110983	0.000906901	0	0.00433214	1722.9	3128.14	4	9422	
29	30	1	5	6	3	40016	59492866	46159	60694378	0.000989971	0.000764586	0	0.00408214	1314.9	2565.15	5	9422	
29	30	1	6	2	3	9775	40938963	10479	41097864	0.00164686	0.00120783	0	0.00383214	3921.93	4394.58	5	9422	
29	30	1	7	5	3	5808	39494076	6551	39576302	0.00212735	0.00126658	0	0.00408214	6041.26	4362.97	4	9422	
30	31	7	1	1	3	46004	64152637	58253	68420716	0.000862929	0.000748744	0	0.00408214	1174.54	2335.57	5	9422	
30	31	1	2	3	3	58305	77616106	70526	83054532	0.000880071	0.000683142	0	0.00408214	1177.64	2143.9	5	9422	
30	31	1	3	7	3	60912	76920000	80682	84801451	0.00078189	0.000679037	0	0.00383214	1051.06	2025.04	5	9422	
30	31	1	4	4	3	27400	50800569	31257	51754298	0.00109939	0.000890782	0	0.00433214	1655.77	3082.71	4	9422	
30	31	8	5	2	3	41337	61119494	48041	62378863	0.00098245	0.000765706	0	0.00408214	1298.45	2559.77	5	9422	
30	31	1	6	2	3	9918	42256240	10633	42416296	0.00166336	0.00121033	0	0.00383214	3989.12	4407.55	5	9422	
30	31	1	7	5	3	5950	40832000	6757	40926306	0.00212599	0.00127029	0	0.00408214	6056.88	4362.61	4	9422	
31	32	1	1	1	3	48133	65994706	60621	70302931	0.000865728	0.000744725	0	0.00408214	1159.71	2328.31	5	9422	
31	32	1	2	3	3	58885	78919704	71108	84358370	0.000884758	0.000688542	0	0.00408214	1186.34	2164	5	9422	
31	32	2	3	1	3	61600	79319725	82046	87600951	0.000780256	0.000684658	0	0.00408214	1067.71	2040.94	5	9422	
31	32	8	4	1	3	28714	52247033	32638	53213947	0.00109776	0.00088423	0	0.00433214	1630.43	3073.92	4	9422	
31	32	1	5	2	3	43599	62930444	50719	64248869	0.000976317	0.000759859	0	0.00408214	1266.76	2539.24	5	9422	
31	32	1	6	2	3	10061	43577356	11079	43758926	0.00163485	0.00122635	0	0.00383214	3949.72	4406.57	5	9422	
31	32	1	7	5	3	6093	42158883	6921	42253902	0.00213759	0.00126679	0	0.00408214	6105.17	4348.6	4	9422	
32	33	1	1	1	3	48375	67339104	60821	71634760	0.000872104	0.000752723	0	0.00408214	1177.8	2358.08	5	9422	
32	33	3	2	1	3	59637	81283105	72212	87039880	0.000885485	0.000694809	0	0.00408214	1205.34	2177.99	5	9422	
32	33	1	3	7	3	62293	80768026	83129	89160233	0.000782153	0.000690171	0	0.00433214	1072.55	2058.46	5	9422	
32	33	1	4	4	3	30301	53779174	34226	54746595	0.00109721	0.000875303	0	0.00433214	1599.56	3054.08	4	9422	
32	33	1	5	6	3	44132	64586963	51178	65904035	0.000980782	0.000764818	0	0.00408214	1287.74	2563.14	5	9422	
32	33	1	6	2	3	10213	44864045	11222	45044752	0.00165224	0.00122809	0	0.00383214	4013.97	4416.03	5	9422	
32	33	1	7	5	3	6236	43480373	7067	43575485	0.00215414	0.00126028	0	0.00408214	6166.05	4328.72	4	9422	
33	34	1	1	1	3	48970	68849220	61394	73140494	0.000877939	0.000758078	0	0.00408214	1191.33	2377.87	5	9422	
33	34	3	2	1	3	61343	84881216	74874	91243553	0.000878185	0.000696392	0	0.00408214	1218.63	2172.85	5	9422	
33	34	2	3	7	3	64865	84447003	86566	93353382	0.000781895	0.000688534	0	0.00433214	1078.41	2047.89	5	9422	
33	34	1	4	4	3	30622	55120133	34563	56088628	0.00110477	0.000881321	0	0.00433214	1622.79	3080.38	4	9422	
33	34	1	5	6	3	44625	66329856	51650	67640935	0.000986328	0.000770345	0	0.00408214	1309.6	2585.38	5	9422	
33	34	1	6	2	3	10425	46199375	11694	46418421	0.00162788	0.00123911	0	0.00383214	3969.42	4409.12	5	9422	
33	34	1	7	5	3	6379	44777788	7210	44872900	0.00217091	0.00125328	0	0.00408214	6223.7	4306.63	4	9422	
34	35	1	1	1	3	49145	70155258	61620	74460659	0.00088206	0.000764378	0	0.00408214	1208.38	2405.06	5	9422	
34	35	3	2	1	3	63166	86740014	76880	93130418	0.000881335	0.0006962	0	0.00408214	1211.37	2177.7	5	9422	
34	35	1	3	7	3	66594	86721717	89065	96002520	0.000780737	0.000689282	0	0.00433214	1077.89	2048.47	5	9422	
34	35	1	4	4	3	30854	56400738	34736	57363294	0.00111361	0.000888889	0	0.00433214	1651.41	3108.97	4	9422	
34	35	1	5	6	3	44858	67641808	51832	68938224	0.00099232	0.000777362	0	0.00408214	1330.03	2613.53	5	9422	
34	35	1	6	2	3	10664	47543004	11847	47753020	0.00164597	0.00124133	0	0.00383214	4030.81	4421.34	5	9422	
34	35	1	7	5	3	6522	46091298	7353	46186410	0.00218704	0.0012463	0	0.00408214	6281.3	4285.62	4	9422	
35	36	1	1	1	3	49288	71460096	62145	75826390	0.000881511	0.000771	0	0.00408214	1220.15	2426.57	5	9422	
35	36	3	2	1	3	64700	88766054	79594	95504200	0.000871994	0.000698729	0	0.00408214	1199.89	2172.53	5	9422	
35	36	1	3	7	3	68429	88615369	90985	97914135	0.000786516	0.000689582	0	0.00433214	1076.16	2054.7	5	9422	
35	36	1	4	4	3	31324	57757490	35253	58721124	0.00111848	0.000892759	0	0.00433214	1665.71	3128.87	4	9422	
35	36	8	5	2	3	47260	70861906	54994	72297342	0.000978725	0.000771882	0	0.00408214	1314.64	2576.52	5	9422	
35	36	1	6	2	3	10897	48877136	12012	49079880	0.00166207	0.00124333	0	0.00383214	4085.9	4431.24	5	9422	
35	36	1	7	5	3	6665	47398024	7495	47483953	0.00220244	0.00123941	0	0.00408214	6335.42	4263.65	4	9422	
36	37	1	1	1	3	49431	72726483	62326	77096409	0.000885834	0.000776832	0	0.00408214	1236.99	2451.21	5	9422	
36	37	1	2	1	3	66717	91278673	82338	98193310	0.000868111	0.000698068	0	0.00408214	1192.56	2167.97	5	9422	
36	37	2	3	1	3	69856	91607211	93278	101085617	0.00078379	0.000691397	0	0.00433214	1083.7	2058.69	5	9422	
36	37	8	4	1	3	33402	59532855	38245	60621994	0.00108809	0.000882996	0	0.00433214	1585.1	3066.17	4	9422	
36	37	1	5	6	3	50407	73908721	58432	75404765	0.000972749	0.000759986	0	0.00408214	1290.47	2538.18	5	9422	
36	37	1	6	2	3	11135	50177461	12176	50372620	0.00167812	0.00124529	0	0.00383214	4137.04	4437.74	5	9422	
36	37	1	7	5	3	6808	48688393	7868	48787942	0.00215255	0.00127051	0	0.00408214	6200.81	4313.01	4	9422	
37	38	1	1	1	3	49946	74600508	62814	78963185	0.000891451	0.000782384	0	0.00408214	1257.1	2472.65	5	9422	
37	38	1	2	3	3	66987	92805523	82646	99721302	0.000871467	0.000703087	0	0.00408214	1206.61	2187.91	5	9422	
37	38	2	3	1	3	71968	94967310	95448	104459098	0.00078831	0.000689753	0	0.00433214	1094.41	2062.06	5	9422	
37	38	8	4	1	3	36242	61603584	41245	62720529	0.00107589	0.000862907	0	0.00433214	1520.68	3005.99	4	9422	
37	38	8	5	2	3	53720	75948095	62069	77478235	0.000967096	0.000748217	0	0.00408214	1248.26	2505.48	5	9422	
37	38	1	6	2	3	11380	51480587	12319	51665036	0.00169346	0.00124611	0	0.00383214	4193.93	4444.29	5	9422	
37	38	1	7	5	3	6990	49951899	8702	50099970	0.002	0.00134206	0	0.00408214	5757.29	4444.63	4	9422	
38	39	1	1	1	3	50363	76293837	63196	80655009	0.000896697	0.000787864	0	0.00408214	1276.27	2494.66	5	9422	
38	39	1	2	3	3	67546	94752518	83433	101697228	0.000872978	0.00070708	0	0.00408214	1218.91	2203.14	5	9422	
38	39	2	3	1	3	75875	101094806	99444	110649986	0.000793349	0.000682046	0	0.00433214	1112.69	2046.91	5	9422	
38	39	1	4	4	3	37339	63027607	42404	64161745	0.00107692	0.000860779	0	0.00433214	1513.11	3005.9	4	9422	
38	39	8	5	2	3	56590	78871993	65164	80476162	0.000964559	0.000740093	0	0.00408214	1234.98	2479.68	5	9422	
38	39	1	6	2	3	11625	52796557	12461	52960874	0.00170835	0.00124672	0	0.00383214	4250.13	4450.88	5	9422	
38	39	1	7	5	3	7133	51292453	9028	51449341	0.0019753	0.00135366	0	0.00408214	5698.86	4461.77	4	9422	
39	40	1	1	1	3	50683	77846943	64120	82516868	0.000892863	0.000793259	0	0.00408214	1286.91	2506.14	5	9422	
39	40	1	2	3	3	67695	96057543	83694	103023458	0.000875529	0.000712325	0	0.00408214	1230.95	2224.82	5	9422	
39	40	1	3	1	3	79717	104167460	103442	113765059	0.000797275	0.000674952	0	0.00433214	1099.8	2033.54	5	9422	
39	40	1	4	4	3	37593	64349412	42661	65483102	0.00108344	0.000866692	0	0.00433214	1534.96	3030.88	4	9422	
39	40	1	5	6	3	59472	81368773	68183	83006995	0.000966217	0.000733374	0	0.00408214	1217.41	2458	5	9422	
39	40	1	6	2	3	11794	54146633	12604	54308220	0.001723	0.00124716	0	0.00383214	4308.81	4459.33	5	9422	
39	40	1	7	5	3	7276	52639799	9198	52798144	0.00198544	0.00135137	0	0.00408214	5740.18	4454.98	4	9422	
40	41	1	1	1	3	50844	79163835	64336	83839231	0.000897076	0.000799068	0	0.00408214	1303.15	2530.07	5	9422	
40	41	1	2	1	3	68141	97428078	84284	104412559	0.000878066	0.000716679	0	0.00408214	1238.82	2242.37	5	9422	
40	41	1	3	7	3	82186	105992437	106528	115721262	0.000796936	0.000673129	0	0.00433214	1086.3	2028.43	5	9422	
40	41	8	4	1	3	40036	66731418	45565	67924081	0.0010688	0.00085478	0	0.00433214	1490.71	2981.62	4	9422	
40	41	1	5	6	3	60963	83387474	69918	85041825	0.000965051	0.000732848	0	0.00408214	1216.31	2459.65	5	9422	
40	41	1	6	2	3	11936	55474317	12747	55645326	0.00173733	0.00124741	0	0.00383214	4365.37	4466.18	5	9422	
40	41	8	7	3	3	8491	54128980	10481	54293559	0.00187479	0.00132605	0	0.00408214	5180.19	4551.16	4	9422	
41	42	1	1	1	3	51072	80459830	64493	85137088	0.000901544	0.000804311	0	0.00408214	1320.1	2553.71	5	9422	
41	42	1	2	3	3	68517	98760005	84646	105743106	0.000882208	0.000721645	0	0.00408214	1249.24	2261.91	5	9422	
41	42	2	3	1	3	83379	107524438	107748	117254967	0.000801184	0.00067549	0	0.00433214	1088.23	2041.27	5	9422	
41	42	1	4	4	3	40695	68379371	46243	69583220	0.00107122	0.000856572	0	0.00433214	1504.73	2991.01	4	9422	
41	42	1	5	6	3	61567	85031066	70603	86687394	0.000967505	0.000736488	0	0.00408214	1227.81	2475.09	5	9422	
41	42	1	6	2	3	12079	56782870	12896	56954509	0.00175052	0.00124779	0	0.00383214	4416.45	4470.27	5	9422	
41	42	1	7	5	3	10328	55820073	12433	55998485	0.00174113	0.00128218	0	0.00408214	4504.02	4563.39	4	9422	
42	43	7	1	1	3	51275	81770361	64720	86449771	0.000905849	0.000810016	0	0.00408214	1335.75	2576.14	5	9422	
42	43	1	2	3	3	69549	101036249	86107	108094650	0.000882121	0.000724457	0	0.00408214	1255.35	2268.58	5	9422	
42	43	2	3	1	3	84606	109589387	109849	119675545	0.000798952	0.000678172	0	0.00433214	1089.46	2046.23	5	9422	
42	43	1	4	4	3	40874	69697801	46388	70898631	0.00107712	0.00086192	0	0.00433214	1528.38	3017	4	9422	
42	43	1	5	6	3	61844	86349286	70890	88006434	0.000972472	0.000742213	0	0.00408214	1241.45	2495.93	5	9422	
42	43	1	6	2	3	12222	58095527	13040	58267271	0.00176409	0.00124778	0	0.00383214	4468.35	4474.17	5	9422	
42	43	1	7	5	3	10582	57170649	12587	57329915	0.00175462	0.00128149	0	0.00408214	4554.69	4566.67	4	9422	
43	44	1	1	1	3	51789	83646355	65305	88335032	0.000909421	0.00081306	0	0.00408214	1352.65	2591.44	5	9422	
43	44	1	2	3	3	69862	102383664	86601	109468158	0.000883961	0.00072885	0	0.00408214	1264.05	2286.49	5	9422	
43	44	2	3	1	3	86998	111640469	113331	121938510	0.000795713	0.000677492	0	0.00433214	1075.95	2040.41	5	9422	
43	44	1	4	4	3	41187	71045292	47058	72327211	0.00107504	0.000868476	0	0.00433214	1536.98	3029.15	4	9422	
43	44	1	5	6	3	63690	89019151	72872	90724909	0.000973488	0.000740176	0	0.00408214	1244.99	2487.32	5	9422	
43	44	1	6	2	3	12365	59393807	13183	59565551	0.0017775	0.00124758	0	0.00383214	4518.36	4476.98	5	9422	
43	44	1	7	5	3	10824	58448508	12730	58600568	0.00176861	0.00128101	0	0.00408214	4603.34	4565.09	4	9422	
44	45	7	1	1	3	52152	85127094	65769	89824866	0.000912603	0.000817167	0	0.00408214	1365.76	2610.36	5	9422	
44	45	3	2	1	3	71392	104345671	88696	112050352	0.000881826	0.0007291	0	0.00408214	1263.31	2285.46	5	9422	
44	45	2	3	1	3	89976	115557975	117101	126117758	0.000794608	0.000674608	0	0.00433214	1077	2032.49	5	9422	
44	45	1	4	4	3	41432	72334181	47207	73608403	0.00108105	0.00087372	0	0.00433214	1559.27	3052.33	4	9422	
44	45	1	5	6	3	65624	91690014	74895	93410293	0.000974459	0.000737469	0	0.00408214	1247.22	2481	5	9422	
44	45	1	6	2	3	12513	60741678	13497	60930044	0.00176793	0.00125539	0	0.00383214	4514.34	4480.97	5	9422	
44	45	1	7	5	3	11067	59760355	12873	59913872	0.00178229	0.0012804	0	0.00408214	4654.23	4565.59	4	9422	
45	46	1	1	1	3	52506	86500985	66105	91196191	0.000916979	0.000821666	0	0.00408214	1379.57	2627.56	5	9422	
45	46	3	2	1	3	74107	107506311	91851	115304653	0.000880448	0.000724604	0	0.00408214	1255.34	2275.1	5	9422	
45	46	2	3	7	3	92598	118095001	120879	128980943	0.000790833	0.000673074	0	0.00433214	1067.03	2023.65	5	9422	
45	46	1	4	4	3	41703	73624138	47449	74905052	0.00108625	0.000878314	0	0.00433214	1578.64	3073.28	4	9422	
45	46	1	5	6	3	67951	93732641	77358	95476235	0.000974913	0.000733698	0	0.00408214	1234.21	2469.53	5	9422	
45	46	1	6	2	3	12656	62034410	13639	62213354	0.00178076	0.00125509	0	0.00383214	4561.43	4482.34	5	9422	
45	46	1	7	3	3	11316	61114619	13016	61261218	0.00179567	0.00127966	0	0.00408214	4706.61	4567.56	4	9422	
46	47	1	1	1	3	53057	88671172	66646	93355797	0.000920757	0.000824806	0	0.00408214	1400.77	2641.87	5	9422	
46	47	3	2	3	3	76175	111360307	94139	119277272	0.000881295	0.000722115	0	0.00408214	1267.03	2272.38	5	9422	
46	47	1	3	7	3	94117	119737062	122773	130681060	0.000792258	0.000674169	0	0.00433214	1064.41	2029.88	5	9422	
46	47	1	4	4	3	42087	74963910	47771	76241270	0.0010914	0.000882244	0	0.00433214	1595.97	3092.16	4	9422	
46	47	8	5	2	3	68967	95190071	78630	96957929	0.000974841	0.000735569	0	0.00408214	1233.09	2477.86	5	9422	
46	47	1	6	2	3	12799	63335885	13836	63520499	0.00178641	0.00125719	0	0.00383214	4590.96	4483.99	5	9422	
46	47	8	7	3	3	12406	62662966	14707	62874903	0.00167782	0.00127993	0	0.00408214	4275.17	4539.81	4	9422	
47	48	1	1	1	3	53249	89964438	67070	94700487	0.000922083	0.000829629	0	0.00408214	1411.96	2657.77	5	9422	
47	48	3	2	1	3	78247	114778937	97403	123143675	0.00087344	0.000721516	0	0.00408214	1264.27	2259.83	5	9422	
47	48	1	3	7	3	94559	121113214	123211	132047721	0.000795585	0.000678124	0	0.00433214	1071.72	2046.31	5	9422	
47	48	1	4	4	3	42295	76306310	47914	77579285	0.00109709	0.000887057	0	0.00433214	1619.14	3116.51	4	9422	
47	48	1	5	2	3	70408	97972282	80242	99851148	0.00097468	0.000735639	0	0.00408214	1244.38	2478.34	5	9422	
47	48	1	6	2	3	13122	64667658	14503	64896767	0.00174549	0.00126744	0	0.00383214	4474.71	4482.89	5	9422	
47	48	1	7	5	3	13605	64168777	15944	64386392	0.00163826	0.00125572	0	0.00408214	4038.28	4501.62	4	9422	
48	49	1	1	1	3	53391	91255028	67219	95998030	0.000926421	0.000834266	0	0.00408214	1428.14	2678.54	5	9422	
48	49	3	2	1	3	80956	118771771	100795	127597230	0.000871068	0.000718356	0	0.00408214	1265.91	2244.36	5	9422	
48	49	1	3	7	3	94854	122477118	123511	133411858	0.000799134	0.000682697	0	0.00433214	1080.16	2063.75	5	9422	
48	49	8	4	1	3	43941	77838659	50107	79160555	0.00108393	0.000881869	0	0.00433214	1579.83	3090.67	4	9422	
48	49	8	5	2	3	73700	100841034	83719	102755621	0.000972601	0.000727615	0	0.00408214	1227.39	2452.79	5	9422	
48	49	1	6	2	3	13391	65976054	14773	66205268	0.00175816	0.00126376	0	0.00383214	4481.5	4483.82	5	9422	
48	49	1	7	5	3	14267	65512691	16634	65730781	0.00162263	0.00124683	0	0.00408214	3951.59	4491.7	4	9422	
49	50	1	1	1	3	53534	92504957	67362	97247959	0.000930823	0.000838827	0	0.00408214	1443.66	2697.39	5	9422	
49	50	1	2	3	3	81519	120190528	102232	129210929	0.00086686	0.000722465	0	0.00408214	1263.9	2251.4	5	9422	
49	50	1	3	7	3	95358	123827672	124018	134772036	0.000802695	0.000686491	0	0.00433214	1086.71	2078.61	5	9422	
49	50	1	4	4	3	44311	79151605	50526	80476042	0.00108806	0.000885199	0	0.00433214	1592.76	3105.84	4	9422	
49	50	8	5	2	3	77104	107068281	87268	109109620	0.000973163	0.000720963	0	0.00408214	1250.28	2425.65	5	9422	
49	50	1	6	2	3	13636	67280796	14930	67500934	0.00177087	0.00126395	0	0.00383214	4521.16	4485.53	5	9422	
49	50	8	7	3	3	14456	66862155	16875	67072490	0.0016263	0.00124949	0	0.00408214	3974.67	4497.59	4	9422	
50	51	7	1	1	3	54362	94698011	68352	99473572	0.000931963	0.000840083	0	0.00408214	1455.31	2704.26	5	9422	
50	51	1	2	1	3	84518	124484646	105912	134076117	0.000864527	0.000718208	0	0.00408214	1265.92	2235.41	5	9422	
50	51	1	3	7	3	96760	125456478	125431	136401667	0.000806529	0.000687736	0	0.00433214	1087.46	2087.22	5	9422	
50	51	8	4	1	3	44755	80476497	50980	81792293	0.00109272	0.000887706	0	0.00433214	1604.4	3119.85	4	9422	
50	51	8	5	2	3	80356	110381327	90713	112497736	0.000972493	0.000715079	0	0.00408214	1240.15	2404.27	5	9422	
50	51	1	6	2	3	13873	68637520	15106	68851745	0.00178502	0.00126495	0	0.00383214	4557.91	4489.34	5	9422	
50	51	1	7	5	3	14764	68198795	17140	68407160	0.00163323	0.00124853	0	0.00408214	3991.08	4500.96	4	9422	
51	52	1	1	1	3	54766	96059574	68760	100835951	0.000937884	0.000844416	0	0.00408214	1466.49	2720.66	5	9422	
51	52	3	2	1	3	86596	127822143	109513	138072198	0.000855187	0.00071796	0	0.00408214	1260.78	2222.25	5	9422	
51	52	2	3	1	3	98249	127487906	126954	138436078	0.000810099	0.000688651	0	0.00433214	1090.44	2093.01	5	9422	
51	52	1	4	4	3	45493	82076346	51758	83396107	0.00109509	0.000888237	0	0.00433214	1611.27	3124.28	4	9422	
51	52	1	5	6	3	82044	112182104	92563	114320878	0.000973273	0.000714303	0	0.00408214	1235.06	2405.6	5	9422	
51	52	1	6	1	3	14911	70320253	16448	70568524	0.00171232	0.0012606	0	0.00383214	4290.4	4468.26	5	9422	
51	52	1	7	5	3	15261	69540226	18160	69798013	0.00158269	0.00125419	0	0.00408214	3843.5	4477.55	4	9422	
52	53	1	1	1	3	55095	97411611	69096	102188561	0.000943752	0.000849193	0	0.00408214	1478.94	2738.13	5	9422	
52	53	3	2	1	3	88241	129501081	111227	139757901	0.000857808	0.000717543	0	0.00408214	1256.51	2227.87	5	9422	
52	53	1	3	1	3	99462	129871057	128543	140884546	0.000810665	0.000689854	0	0.00433214	1096.01	2100.04	5	9422	
52	53	1	4	4	3	46264	83545387	52627	84877062	0.00109527	0.000888396	0	0.00433214	1612.8	3126.54	4	9422	
52	53	8	5	2	3	84508	114456795	95399	116638144	0.00097047	0.000711603	0	0.00408214	1222.63	2396.83	5	9422	
52	53	1	6	2	3	15903	72053831	17430	72300430	0.00168151	0.0012466	0	0.00383214	4148.05	4442.33	5	9422	
52	53	1	7	5	3	15480	70873572	18326	71128193	0.00159272	0.00125565	0	0.00408214	3881.27	4485.41	4	9422	
53	54	1	1	1	3	56672	99200510	70935	104000978	0.000943866	0.000845928	0	0.00408214	1466.14	2731.84	5	9422	
53	54	3	2	3	3	91033	133651305	114893	144908749	0.000854702	0.000714674	0	0.00408214	1261.25	2213.42	5	9422	
53	54	1	3	1	3	100057	131707311	129135	142714581	0.000814196	0.000693599	0	0.00433214	1105.16	2113.53	5	9422	
53	54	1	4	4	3	47069	84919099	53480	86253707	0.00109744	0.000888532	0	0.00433214	1612.82	3131.19	4	9422	
53	54	1	5	2	3	86036	116359803	97041	118560476	0.000971982	0.000711696	0	0.00408214	1221.76	2400.59	5	9422	
53	54	1	6	2	3	16141	73347056	17605	73587450	0.00169373	0.00124772	0	0.00383214	4179.92	4445.92	5	9422	
53	54	1	7	5	3	15820	72222133	18699	72477627	0.00159672	0.00125395	0	0.00408214	3876.02	4486.12	4	9422	
54	55	1	1	1	3	57504	100989045	71757	105785915	0.000947054	0.000846885	0	0.00408214	1474.22	2740.47	5	9422	
54	55	3	2	1	3	93209	138235880	118485	150850598	0.000847826	0.000714444	0	0.00408214	1273.16	2199.17	5	9422	
54	55	2	3	7	3	103110	136553043	132846	147963902	0.000813713	0.000690502	0	0.00433214	1113.8	2102.93	5	9422	
54	55	1	4	4	3	47548	86242519	53996	87578827	0.00110087	0.000890591	0	0.00433214	1621.95	3142.53	4	9422	
54	55	1	5	2	3	88454	118972340	99611	121216334	0.00097293	0.000709268	0	0.00408214	1216.9	2392.01	5	9422	
54	55	1	6	2	3	16666	74901282	18139	75152090	0.00168765	0.00124255	0	0.00383214	4143.12	4434.51	5	9422	
54	55	1	7	5	3	16063	73521997	18859	73772153	0.00160742	0.00125487	0	0.00408214	3911.77	4491.65	4	9422	
55	56	7	1	1	3	57778	102306753	72047	107116164	0.00095138	0.000851441	0	0.00408214	1486.75	2757.23	5	9422	
55	56	3	2	1	3	95302	142352425	122056	156370585	0.000840599	0.000714195	0	0.00408214	1281.14	2184.47	5	9422	
55	56	1	3	7	3	105919	138630309	135734	150054496	0.000817133	0.000687984	0	0.00433214	1105.5	2100.33	5	9422	
55	56	1	4	4	3	47786	87562148	54239	88898338	0.00110639	0.000895019	0	0.00433214	1639.01	3160.33	4	9422	
55	56	8	5	2	3	91100	121577213	102667	123897647	0.0009711	0.000706697	0	0.00408214	1206.79	2379.38	5	9422	
55	56	1	6	2	3	16809	76248628	18314	76502468	0.00169495	0.00124401	0	0.00383214	4177.27	4440.95	5	9422	
55	56	1	7	5	3	16384	74886892	19247	75141719	0.00160466	0.00125492	0	0.00408214	3904.07	4492.01	4	9422	
56	57	7	1	1	3	59248	104063232	73857	108915042	0.000950409	0.000849242	0	0.00408214	1474.67	2750.26	5	9422	
56	57	3	2	1	3	97238	145026437	125512	159823551	0.000833506	0.000714571	0	0.00408214	1273.37	2174.49	5	9422	
56	57	1	3	7	3	107155	141472951	137056	152933524	0.000819487	0.000689233	0	0.00433214	1115.85	2108.48	5	9422	
56	57	1	4	4	3	48020	88859938	54414	90191471	0.00111222	0.00090004	0	0.00433214	1657.5	3178.35	4	9422	
56	57	1	5	6	3	91868	123680833	104075	126126475	0.000967551	0.000710265	0	0.00408214	1211.88	2384.64	5	9422	
56	57	1	6	2	3	16952	77595974	18493	77853166	0.00170174	0.00124551	0	0.00383214	4209.87	4446.94	5	9422	
56	57	1	7	5	3	16527	76181903	19389	76427308	0.00161488	0.00125596	0	0.00408214	3941.79	4497.76	4	9422	
57	58	7	1	1	3	60043	105883504	74954	110771780	0.000949914	0.000850191	0	0.00408214	1477.86	2754.66	5	9422	
57	58	1	2	1	3	100376	148323107	129076	163214334	0.000833966	0.000710465	0	0.00408214	1264.48	2167.24	5	9422	
57	58	1	3	7	3	107331	142772878	137298	154241215	0.00082152	0.000692801	0	0.00433214	1123.4	2122.53	5	9422	
57	58	1	4	4	3	48537	90387763	54949	91711900	0.00111559	0.000902564	0	0.00433214	1669.04	3187.97	4	9422	
57	58	8	5	2	3	93273	125288954	105570	127757660	0.00096862	0.000710299	0	0.00408214	1210.17	2389.59	5	9422	
57	58	1	6	2	3	17095	78933313	18680	79195029	0.00170767	0.00124718	0	0.00383214	4239.56	4452.11	5	9422	
57	58	1	7	5	3	16670	77503581	19532	77748986	0.00162502	0.00125691	0	0.00408214	3980.6	4504.29	4	9422	
58	59	7	1	1	3	61428	108460465	76979	113487602	0.000945013	0.000848633	0	0.00408214	1474.27	2743.32	5	9422	
58	59	1	2	3	3	101930	149890991	130714	164781515	0.00083651	0.000710501	0	0.00408214	1260.63	2171.24	5	9422	
58	59	1	3	1	3	107508	144105518	137505	155576825	0.000823595	0.000696284	0	0.00433214	1131.43	2137.39	5	9422	
58	59	1	4	4	3	50084	92045302	56863	93435889	0.00110826	0.000898637	0	0.00433214	1643.18	3167.68	4	9422	
58	59	1	5	6	3	93516	126630154	105753	129094116	0.000971666	0.000714092	0	0.00408214	1220.71	2406.31	5	9422	
58	59	1	6	2	3	17271	80263624	19293	80751435	0.00167741	0.00125903	0	0.00383214	4185.53	4439.42	5	9422	
58	59	1	7	5	3	16812	78827169	19675	79081996	0.00163502	0.00125777	0	0.00408214	4019.42	4510.94	4	9422	
59	60	1	1	1	3	62813	110058942	78440	115093810	0.000947374	0.000846491	0	0.00408214	1467.28	2742.87	5	9422	
59	60	1	2	3	3	103022	151421780	131804	166312130	0.000839592	0.000711806	0	0.00408214	1261.81	2180.74	5	9422	
59	60	1	3	7	3	107812	145482868	138069	156995404	0.000824497	0.000699463	0	0.00433214	1137.08	2150.3	5	9422	
59	60	8	4	1	3	52249	93755368	59071	95159373	0.0011041	0.000888856	0	0.00433214	1610.93	3143	4	9422	
59	60	1	5	6	3	93799	127972451	106075	130437143	0.000974019	0.000717454	0	0.00408214	1229.67	2421.47	5	9422	
59	60	1	6	2	3	17414	81562138	19466	82043208	0.00168438	0.00126026	0	0.00383214	4214.69	4443.06	5	9422	
59	60	8	7	3	3	16994	80147863	19994	80418441	0.00163203	0.0012608	0	0.00408214	4022.13	4510.88	4	9422	
60	61	1	1	1	3	63386	112054727	79042	117081117	0.000950665	0.000848458	0	0.00408214	1481.25	2753.39	5	9422	
60	61	3	2	1	3	103791	153683165	132755	168604986	0.000841077	0.00071373	0	0.00408214	1270.05	2190.68	5	9422	
60	61	1	3	1	3	109858	147550714	140904	159225167	0.00082281	0.000699024	0	0.00433214	1130.03	2147.87	5	9422	
60	61	1	4	4	3	53035	95156032	59858	96559952	0.00110658	0.000889189	0	0.00433214	1613.15	3147.71	4	9422	
60	61	1	5	6	3	94331	129670459	106852	132219420	0.000974568	0.000720728	0	0.00408214	1237.41	2430.68	5	9422	
60	61	1	6	2	3	17557	82852994	19943	83397254	0.00166561	0.0012688	0	0.00383214	4181.78	4440	5	9422	
60	61	1	7	5	3	17327	81507124	20326	81774727	0.00163417	0.00125879	0	0.00408214	4023.16	4507.16	4	9422	
61	62	1	1	1	3	63998	114328143	79693	119361393	0.000953443	0.000850436	0	0.00408214	1497.77	2763.38	5	9422	
61	62	3	2	1	3	105976	156525007	135020	171456603	0.000843862	0.000712473	0	0.00408214	1269.86	2191.73	5	9422	
61	62	1	3	7	3	112586	149661603	143962	161374442	0.000823551	0.000696222	0	0.00433214	1120.95	2143.2	5	9422	
61	62	8	4	1	3	54199	96626809	61238	98053505	0.00110376	0.000887782	0	0.00433214	1601.19	3140.39	4	9422	
61	62	1	5	2	3	95463	131115841	108208	133691477	0.000974256	0.000721626	0	0.00408214	1235.5	2435.6	5	9422	
61	62	1	6	2	3	17699	84150537	20091	84703194	0.00167469	0.00126936	0	0.00383214	4215.98	4444.17	5	9422	
61	62	1	7	5	3	17470	82821688	20470	83089304	0.00164363	0.00125955	0	0.00408214	4059.08	4512.36	4	9422	
62	63	1	1	1	3	65254	116278389	81016	121326918	0.000955103	0.000848921	0	0.00408214	1497.57	2763.27	5	9422	
62	63	3	2	1	3	108337	159376366	137705	174451987	0.000845254	0.000711176	0	0.00408214	1266.85	2189.02	5	9422	
62	63	1	3	7	3	113200	151010997	144593	162725185	0.000826381	0.000699066	0	0.00433214	1125.4	2153.78	5	9422	
62	63	8	4	1	3	56172	98219192	63278	99651063	0.00110016	0.000880162	0	0.00433214	1574.81	3121.34	4	9422	
62	63	8	5	2	3	97210	132627571	110005	135198356	0.000975213	0.000720333	0	0.00408214	1229.02	2436.02	5	9422	
62	63	1	6	2	3	17842	85453344	20240	86006597	0.00168356	0.00126987	0	0.00383214	4249.34	4448.08	5	9422	
62	63	1	7	5	3	17613	84155681	20613	84423297	0.00165304	0.00126021	0	0.00408214	4095.63	4518.01	4	9422	
63	64	1	1	1	3	65450	117631300	81218	122680387	0.000958801	0.000853146	0	0.00408214	1510.51	2780.01	5	9422	
63	64	3	2	1	3	109477	161281129	138863	176353765	0.000848297	0.00071243	0	0.00408214	1269.98	2196.88	5	9422	
63	64	1	3	7	3	114797	155091297	146230	166846847	0.000828717	0.000698871	0	0.00433214	1140.99	2159.27	5	9422	
63	64	1	4	4	3	57643	99687727	64897	101128490	0.00109792	0.000875981	0	0.00433214	1558.29	3112.14	4	9422	
63	64	1	5	6	3	100765	135585883	113749	138200360	0.000973222	0.000714121	0	0.00408214	1214.96	2417.53	5	9422	
63	64	1	6	2	3	18024	86787403	20671	87498380	0.00166921	0.0012768	0	0.00383214	4232.91	4443.18	5	9422	
63	64	1	7	5	3	17756	85503027	20774	85761931	0.00166074	0.00126122	0	0.00408214	4128.33	4523.51	4	9422	
64	65	1	1	1	3	66002	119744098	81714	124784047	0.000961797	0.000855258	0	0.00408214	1527.08	2791.57	5	9422	
64	65	1	2	1	3	112018	163886612	142123	179132251	0.000846921	0.000710766	0	0.00408214	1260.4	2191.62	5	9422	
64	65	2	3	7	3	114940	156391004	146524	168384983	0.000829982	0.00070196	0	0.00433214	1149.2	2171.73	5	9422	
64	65	8	4	1	3	58131	101121266	65388	102553012	0.0011017	0.000877949	0	0.00433214	1568.38	3122.19	4	9422	
64	65	8	5	2	3	103314	138327658	116353	140968984	0.000973658	0.000711288	0	0.00408214	1211.56	2409.7	5	9422	
64	65	1	6	2	3	18253	88143779	20817	88846041	0.00167862	0.00127726	0	0.00383214	4267.96	4448.55	5	9422	
64	65	1	7	5	3	17899	86850373	20963	87111448	0.00166623	0.00126277	0	0.00408214	4155.49	4528.2	4	9422	
65	66	1	1	1	3	66187	121070527	81857	126106066	0.000965357	0.00085874	0	0.00408214	1540.57	2807.82	5	9422	
65	66	3	2	1	3	114493	166538821	145278	181939066	0.00084592	0.000709259	0	0.00408214	1252.35	2185.92	5	9422	
65	66	2	3	7	3	117301	159586100	149647	171834972	0.000828921	0.000701069	0	0.00433214	1148.27	2166.96	5	9422	
65	66	1	4	4	3	58571	102571055	65733	103995354	0.0011049	0.000880267	0	0.00433214	1582.09	3135.82	4	9422	
65	66	8	5	2	3	105288	141130183	118505	143805238	0.000973918	0.000710257	0	0.00408214	1213.5	2408.24	5	9422	
65	66	1	6	2	3	18396	89467308	20960	90169570	0.00168763	0.00127753	0	0.00383214	4301.98	4452.64	5	9422	
65	66	1	7	5	3	18041	88157649	21106	88428146	0.00167527	0.00126323	0	0.00408214	4189.72	4532.29	4	9422	
66	67	1	1	1	3	66330	122396462	82408	127779466	0.000964109	0.000862728	0	0.00408214	1550.57	2817.7	5	9422	
66	67	1	2	3	3	116612	169385463	148732	185628533	0.000840954	0.000709022	0	0.00408214	1248.07	2177.57	5	9422	
66	67	2	3	1	3	119200	161738764	151904	174073598	0.000830656	0.000701415	0	0.00433214	1145.94	2166.27	5	9422	
66	67	1	4	4	3	58814	103888644	65876	105315344	0.00110901	0.000883723	0	0.00433214	1598.69	3152.78	4	9422	
66	67	8	5	2	3	107258	145117445	120842	148195212	0.000972971	0.000710282	0	0.00408214	1226.36	2402.28	5	9422	
66	67	1	6	2	3	18614	90786360	21379	91509658	0.00167665	0.00128183	0	0.00383214	4280.35	4451.56	5	9422	
66	67	1	7	5	3	18184	89467283	21249	89737780	0.00168418	0.00126363	0	0.00408214	4223.15	4535.64	4	9422	
67	68	7	1	1	3	68495	124684987	85017	130130174	0.000960291	0.000857129	0	0.00408214	1530.64	2799.77	5	9422	
67	68	1	2	3	3	118445	172039871	151287	188563207	0.000839476	0.000708928	0	0.00408214	1246.39	2176.76	5	9422	
67	68	1	3	1	3	121805	165305756	155489	178356507	0.000828574	0.000700189	0	0.00433214	1147.07	2156.36	5	9422	
67	68	1	4	4	3	59275	105467168	66304	106901367	0.00111148	0.0008858	0	0.00433214	1612.29	3162.19	4	9422	
67	68	1	5	6	3	107940	146999683	121832	150152228	0.000972706	0.000712856	0	0.00408214	1232.45	2409.46	5	9422	
67	68	1	6	2	3	18836	92142001	21552	92859990	0.0016837	0.00128237	0	0.00383214	4308.65	4456.03	5	9422	
67	68	1	7	5	3	18327	90759792	21392	91030289	0.00169298	0.00126395	0	0.00408214	4255.34	4538.32	4	9422	
68	69	1	1	1	3	70972	127777091	87601	133259039	0.000960181	0.000850023	0	0.00408214	1521.2	2780.37	5	9422	
68	69	1	2	3	3	120015	173653354	152871	190178973	0.000841948	0.000709273	0	0.00408214	1244.05	2182.28	5	9422	
68	69	2	3	1	3	125274	169178816	159398	182359917	0.000828643	0.000696095	0	0.00433214	1144.05	2145.11	5	9422	
68	69	1	4	4	3	59418	106726670	66573	108167242	0.00111344	0.000889644	0	0.00433214	1624.79	3174.65	4	9422	
68	69	1	5	6	3	109966	149249024	123909	152410261	0.000973891	0.000711367	0	0.00408214	1230.02	2407.18	5	9422	
68	69	1	6	2	3	19080	93457020	21695	94173721	0.00169237	0.00128257	0	0.00383214	4340.8	4459.31	5	9422	
68	69	1	7	5	3	18470	92067386	21535	92337883	0.00170166	0.00126421	0	0.00408214	4287.81	4541.35	4	9422	
69	70	7	1	1	3	71187	129108450	87777	134595563	0.000964109	0.00085422	0	0.00408214	1533.38	2795.55	5	9422	
69	70	3	2	1	3	120261	174993737	153039	191511249	0.000844388	0.000712802	0	0.00408214	1251.39	2195.02	5	9422	
69	70	2	3	1	3	126830	170836656	161292	184080233	0.000829704	0.00069667	0	0.00433214	1141.29	2148.13	5	9422	
69	70	1	4	4	3	59561	107998073	66769	109441992	0.00111659	0.000893163	0	0.00433214	1639.11	3188.47	4	9422	
69	70	1	5	6	3	112099	151929214	126173	155103340	0.00097452	0.000709979	0	0.00408214	1229.29	2401.99	5	9422	
69	70	1	6	1	3	19533	94906973	22149	95623313	0.00168672	0.00128031	0	0.00383214	4317.27	4455.46	5	9422	
69	70	1	7	5	3	18613	93376827	21680	93647424	0.00171006	0.00126446	0	0.00408214	4319.53	4544	4	9422	
70	71	1	1	1	3	71416	130391183	87922	135869476	0.000967486	0.000857558	0	0.00408214	1545.34	2809.5	5	9422	
70	71	3	2	3	3	120837	176426994	153647	192948357	0.000846697	0.000715348	0	0.00408214	1255.79	2205.56	5	9422	
70	71	2	3	1	3	129456	174417288	164514	187941923	0.000829526	0.00069518	0	0.00433214	1142.41	2142.48	5	9422	
70	71	1	4	4	3	59704	109259212	67272	110981603	0.00111462	0.000897766	0	0.00433214	1649.74	3194.96	4	9422	
70	71	8	5	2	3	112390	153397293	126530	156577117	0.00097634	0.000712834	0	0.00408214	1237.47	2413.74	5	9422	
70	71	1	6	2	3	19676	96247655	22452	96980189	0.00168306	0.00128387	0	0.00383214	4319.45	4457.97	5	9422	
70	71	1	7	5	3	18775	94713069	22097	95045013	0.00169786	0.0012703	0	0.00408214	4301.26	4541.4	4	9422	
71	72	1	1	1	3	71592	131730148	88142	137212890	0.000970275	0.000861033	0	0.00408214	1556.73	2823.85	5	9422	
71	72	1	2	3	3	121886	178814177	155482	195511773	0.000844967	0.00071706	0	0.00408214	1257.46	2207.57	5	9422	
71	72	1	3	7	3	130055	176219711	166227	190096183	0.000826069	0.00069793	0	0.00433214	1143.59	2146.37	5	9422	
71	72	1	4	4	3	59903	110588065	67467	112300201	0.00111797	0.000901267	0	0.00433214	1664.52	3209.74	4	9422	
71	72	1	5	6	3	112785	154983915	126899	158172144	0.000978718	0.00071572	0	0.00408214	1246.44	2425.14	5	9422	
71	72	1	6	2	3	19819	97577018	22617	98311786	0.00168975	0.00128452	0	0.00383214	4346.81	4461.38	5	9422	
71	72	1	7	5	3	18918	96060415	22240	96392359	0.00170623	0.00127048	0	0.00408214	4334.19	4545.25	4	9422	
72	73	7	1	1	3	71816	133075158	88458	138568516	0.000972936	0.000864492	0	0.00408214	1566.49	2836.87	5	9422	
72	73	3	2	1	3	122894	180665390	158381	197991461	0.00083731	0.000719643	0	0.00408214	1250.1	2203.34	5	9422	
72	73	1	3	7	3	130198	177567057	166546	191467627	0.000827062	0.00070068	0	0.00433214	1149.64	2158.23	5	9422	
72	73	1	4	4	3	60066	111879483	67643	113592103	0.00112172	0.000904836	0	0.00433214	1679.29	3223.84	4	9422	
72	73	1	5	6	3	113006	156284265	127072	159467399	0.000981107	0.000719014	0	0.00408214	1254.94	2437.81	5	9422	
72	73	1	6	2	3	19962	98921421	22761	99656294	0.00169791	0.00128467	0	0.00383214	4378.38	4465.26	5	9422	
72	73	1	7	5	3	19060	97367313	22383	97708679	0.0017145	0.0012706	0	0.00408214	4365.31	4547.89	4	9422	
73	74	1	1	1	3	72232	134404281	89225	139935628	0.000972814	0.000867349	0	0.00408214	1568.35	2842.88	5	9422	
73	74	3	2	1	3	125275	184138639	161951	202200169	0.000833869	0.000718599	0	0.00408214	1248.53	2192.59	5	9422	
73	74	2	3	1	3	131733	179260563	168377	193201762	0.000828083	0.000701018	0	0.00433214	1147.44	2161.57	5	9422	
73	74	1	4	4	3	60208	113166758	68254	114933492	0.00111797	0.000909618	0	0.00433214	1683.91	3230.17	4	9422	
73	74	8	5	6	3	113536	158161945	127860	161373881	0.000981104	0.000721723	0	0.00408214	1262.11	2446.69	5	9422	
73	74	1	6	2	3	20105	100220341	22903	100945792	0.00170598	0.00128476	0	0.00383214	4407.54	4467.14	5	9422	
73	74	1	7	5	3	19203	98660419	22526	99001785	0.00172266	0.00127067	0	0.00408214	4395	4549.07	4	9422	
74	75	1	1	1	3	72478	135686500	89445	141206602	0.000976628	0.000871329	0	0.00408214	1578.7	2854.93	5	9422	
74	75	3	2	1	3	127512	187342772	165585	206397484	0.000829201	0.000717865	0	0.00408214	1246.47	2183.06	5	9422	
74	75	1	3	1	3	134322	181915231	172001	196160144	0.000825581	0.00069971	0	0.00433214	1140.46	2153.73	5	9422	
74	75	1	4	4	3	60351	114489710	69390	116527830	0.00110585	0.000915914	0	0.00433214	1679.32	3226.76	4	9422	
74	75	8	5	2	3	115731	160326370	130346	163571959	0.000980041	0.000720224	0	0.00408214	1254.91	2441.53	5	9422	
74	75	1	6	2	3	20248	101498956	23046	102228580	0.00171401	0.00128479	0	0.00383214	4435.85	4468.42	5	9422	
74	75	1	7	5	3	19346	99982393	22669	100323759	0.00173072	0.00127069	0	0.00408214	4425.59	4551.17	4	9422	
75	76	7	1	1	3	73649	138084949	91350	143893450	0.000971113	0.000871286	0	0.00408214	1575.19	2844.06	5	9422	
75	76	1	2	3	3	129846	190255451	169094	209843634	0.000825932	0.000716842	0	0.00408214	1240.99	2175.52	5	9422	
75	76	1	3	7	3	135907	184800849	174696	199373436	0.000822448	0.000700298	0	0.00433214	1141.26	2150.92	5	9422	
75	76	8	4	1	3	60514	115820557	69535	117856869	0.00110971	0.000918993	0	0.00433214	1694.93	3241.89	4	9422	
75	76	1	5	6	3	116681	163360285	131308	166606818	0.000981602	0.000721544	0	0.00408214	1268.82	2448.81	5	9422	
75	76	1	6	2	3	20390	102802965	23285	103547351	0.00171484	0.00128686	0	0.00383214	4446.96	4469.95	5	9422	
75	76	1	7	5	3	19489	101310730	22824	101652979	0.00173776	0.00127095	0	0.00408214	4453.78	4553.19	4	9422	
76	77	1	1	1	3	74556	140126183	92451	146043035	0.00097145	0.00087105	0	0.00408214	1579.68	2843.31	5	9422	
76	77	3	2	1	3	132240	193355945	172494	213509299	0.000823775	0.000715739	0	0.00408214	1237.78	2167.87	5	9422	
76	77	1	3	7	3	137073	186334901	176200	200989454	0.000823381	0.000701513	0	0.00433214	1140.69	2155.47	5	9422	
76	77	1	4	4	3	60759	117116144	69691	119143706	0.001114	0.000922536	0	0.00433214	1709.6	3255.4	4	9422	
76	77	1	5	6	3	117195	165272341	131765	168512017	0.000983765	0.00072388	0	0.00408214	1278.88	2459.43	5	9422	
76	77	1	6	2	3	20533	104104260	23463	104852111	0.00172012	0.00128758	0	0.00383214	4468.83	4471.4	5	9422	
76	77	1	7	5	3	19632	102613174	22967	102955423	0.00174562	0.00127087	0	0.00408214	4482.75	4554.26	4	9422	
77	78	7	1	1	3	74699	141454172	92674	147432792	0.000973741	0.000874106	0	0.00408214	1590.88	2856.17	5	9422	
77	78	1	2	3	3	133095	195935378	173784	216520326	0.000823875	0.000717399	0	0.00408214	1245.92	2173.33	5	9422	
77	78	1	3	7	3	137581	188438373	176765	203100484	0.000824979	0.000703506	0	0.00433214	1148.99	2164.78	5	9422	
77	78	1	4	4	3	60907	118454699	70099	120506989	0.00111379	0.000926427	0	0.00433214	1719.1	3265.76	4	9422	
77	78	1	5	6	3	117404	166588319	131988	169828766	0.000985833	0.000726731	0	0.00408214	1286.7	2471.4	5	9422	
77	78	1	6	2	3	20676	105427847	23619	106176995	0.00172692	0.0012878	0	0.00383214	4495.41	4473.5	5	9422	
77	78	1	7	5	3	19833	103952345	23683	104405892	0.00171159	0.0012831	0	0.00408214	4408.47	4547.6	4	9422	
78	79	1	1	1	3	75274	143095797	93653	149337456	0.000972494	0.000875865	0	0.00408214	1594.58	2858.9	5	9422	
78	79	1	2	1	3	135312	200026601	176034	220628780	0.000826541	0.00071638	0	0.00408214	1253.33	2172.17	5	9422	
78	79	1	3	7	3	137814	189764036	177166	204446720	0.000826072	0.000706027	0	0.00433214	1153.98	2174.83	5	9422	
78	79	8	4	1	3	61400	120117523	70776	122176245	0.00111344	0.000928033	0	0.00433214	1726.24	3270.11	4	9422	
78	79	1	5	6	3	117917	168171540	132816	171576439	0.000985467	0.000729685	0	0.00408214	1291.84	2478.7	5	9422	
78	79	1	6	2	3	20819	106762509	23808	107516319	0.00173123	0.00128869	0	0.00383214	4515.97	4475.7	5	9422	
78	79	1	7	5	3	19980	105240004	23826	105691944	0.00171933	0.00128311	0	0.00408214	4435.99	4548.33	4	9422	
79	80	1	1	1	3	76911	144899525	95763	151208340	0.000969408	0.000872816	0	0.00408214	1578.98	2848.63	5	9422	
79	80	3	2	1	3	138324	205499213	179783	226874367	0.000825501	0.00071379	0	0.00408214	1261.93	2162.8	5	9422	
79	80	2	3	1	3	138232	191125965	177615	205812678	0.000828406	0.000708784	0	0.00433214	1158.76	2184.7	5	9422	
79	80	8	4	1	3	63617	121930250	73040	123992055	0.00111049	0.00091957	0	0.00433214	1697.59	3245.8	4	9422	
79	80	1	5	2	3	118096	169457412	133060	172866138	0.000987275	0.000732585	0	0.00408214	1299.16	2489.68	5	9422	
79	80	1	6	2	3	20962	108109855	23951	108863665	0.0017388	0.00128855	0	0.00383214	4545.27	4478.3	5	9422	
79	80	1	7	5	3	20122	106544550	23969	107005912	0.00172697	0.00128307	0	0.00408214	4464.35	4549.84	4	9422	
80	81	1	1	1	3	77054	146193138	95966	152508281	0.000971828	0.000875741	0	0.00408214	1589.19	2860.67	5	9422	
80	81	3	2	3	3	140810	209281427	182388	230766024	0.00082781	0.000712215	0	0.00408214	1265.25	2159.13	5	9422	
80	81	1	3	7	3	140257	193970111	179772	208672247	0.000829987	0.000707815	0	0.00433214	1160.76	2185.29	5	9422	
80	81	8	4	1	3	66377	124545676	75969	126646586	0.00110442	0.000908799	0	0.00433214	1667.08	3207.22	4	9422	
80	81	8	5	6	3	118711	171006328	134977	174599694	0.000979926	0.000736831	0	0.00408214	1293.55	2487.53	5	9422	
80	81	1	6	2	3	21741	109654368	25162	110488046	0.00169902	0.0012871	0	0.00383214	4391.07	4469.73	5	9422	
80	81	1	7	5	3	20265	107830067	24112	108291429	0.00173452	0.00128299	0	0.00408214	4491.18	4550.22	4	9422	
81	82	1	1	1	3	77537	147710673	96557	154024148	0.000973454	0.000877925	0	0.00408214	1595.16	2868.13	5	9422	
81	82	3	2	1	3	142527	211882772	184196	233457758	0.000830055	0.00071212	0	0.00408214	1267.44	2160.52	5	9422	
81	82	1	3	7	3	140403	195261618	179995	209971572	0.000831373	0.000710234	0	0.00433214	1166.54	2195.47	5	9422	
81	82	1	4	4	3	66882	125874909	76513	127978017	0.00110677	0.000909876	0	0.00433214	1672.63	3214.31	4	9422	
81	82	8	5	6	3	120952	173229100	138302	177132346	0.000974473	0.000736764	0	0.00408214	1280.76	2474.91	5	9422	
81	82	5	6	1	3	23006	111332787	26500	112168239	0.00167401	0.00127061	0	0.00383214	4232.76	4454.83	5	9422	
81	82	1	7	3	3	20712	109191416	24582	109660033	0.00172691	0.00128167	0	0.00408214	4460.99	4548.74	4	9422	
82	83	1	1	1	3	77870	149285930	96940	155636392	0.000975371	0.000880249	0	0.00408214	1605.49	2876.8	5	9422	
82	83	3	2	1	3	144389	214530071	186147	236183033	0.000832315	0.000711735	0	0.00408214	1268.8	2161.6	5	9422	
82	83	2	3	1	3	142574	197154645	182255	211865625	0.00083355	0.000709322	0	0.00433214	1162.47	2196.15	5	9422	
82	83	1	4	4	3	67118	127184108	76670	129283305	0.00111041	0.000912705	0	0.00433214	1686.23	3227.35	4	9422	
82	83	1	5	2	3	122727	175671942	141566	180069491	0.000966723	0.000738805	0	0.00408214	1271.98	2460.71	5	9422	
82	83	1	6	1	3	23379	112738293	26959	113590325	0.00167012	0.00126882	0	0.00383214	4213.45	4452.61	5	9422	
82	83	8	7	3	3	20940	110520447	24766	110986781	0.0017328	0.00128155	0	0.00408214	4481.42	4550.21	4	9422	
83	84	1	1	1	3	78012	150597901	97083	156957785	0.000978354	0.000883021	0	0.00408214	1616.74	2889.66	5	9422	
83	84	3	2	1	3	146814	217139675	188633	238821697	0.000834652	0.000710332	0	0.00408214	1266.07	2160.38	5	9422	
83	84	2	3	1	3	145993	199997275	185786	214730724	0.000835927	0.000706265	0	0.00433214	1155.8	2189.49	5	9422	
83	84	8	4	1	3	67745	129051309	77527	131178493	0.00110855	0.000914268	0	0.00433214	1692.04	3227.65	4	9422	
83	84	1	5	6	3	123059	177280834	142763	182119917	0.000962972	0.00074243	0	0.00408214	1275.68	2464	5	9422	
83	84	1	6	2	3	23522	114020290	27302	114896781	0.00166485	0.00127253	0	0.00383214	4208.36	4452.33	5	9422	
83	84	1	7	5	3	21168	111830660	24955	112294645	0.00173957	0.0012817	0	0.00408214	4499.89	4550.94	4	9422	
84	85	1	1	1	3	78155	151907254	97226	158267138	0.000981327	0.000885767	0	0.00408214	1627.83	2902.13	5	9422	
84	85	3	2	1	3	149371	219422995	191273	241136763	0.000836618	0.000708596	0	0.00408214	1260.69	2159.09	5	9422	
84	85	2	3	1	3	149032	203851138	189588	218906036	0.000834578	0.000703922	0	0.00433214	1154.64	2182.15	5	9422	
84	85	1	4	4	3	68209	130422724	78001	132551224	0.00111205	0.000916243	0	0.00433214	1699.35	3235.96	4	9422	
84	85	1	5	6	3	123265	178615799	143044	183461075	0.000964387	0.000745095	0	0.00408214	1282.55	2474.94	5	9422	
84	85	1	6	2	3	23665	115276932	27479	116156790	0.00166974	0.00127342	0	0.00383214	4227.11	4453.49	5	9422	
84	85	1	7	5	3	21405	113151502	25117	113598985	0.00174806	0.0012822	0	0.00408214	4522.79	4551.78	4	9422	
85	86	7	1	1	3	78298	153195792	97378	159556587	0.000984201	0.000888495	0	0.00408214	1638.53	2913.95	5	9422	
85	86	1	2	3	3	151070	221105488	193016	242823862	0.000838343	0.000708187	0	0.00408214	1258.05	2161.91	5	9422	
85	86	2	3	7	3	151663	206045400	193125	221283441	0.000832584	0.00070244	0	0.00433214	1145.8	2175.82	5	9422	
85	86	8	4	1	3	70665	132532818	80489	134658598	0.00110861	0.000907645	0	0.00433214	1673.01	3209.07	4	9422	
85	86	1	5	6	3	123894	179992241	143809	184858136	0.000965388	0.000746691	0	0.00408214	1285.44	2482.64	5	9422	
85	86	1	6	2	3	23808	116592219	27622	117472077	0.00167663	0.0012737	0	0.00383214	4252.84	4456.53	5	9422	
85	86	1	7	5	3	21647	114493984	25260	114937240	0.00175515	0.00128201	0	0.00408214	4550.17	4553.43	4	9422	
86	87	7	1	1	3	78441	154535939	97655	160911518	0.000985802	0.000891325	0	0.00408214	1647.76	2925.38	5	9422	
86	87	3	2	1	3	152066	222497827	194032	244208341	0.000840156	0.000709165	0	0.00408214	1258.6	2167.29	5	9422	
86	87	2	3	1	3	154217	211455447	196027	226960938	0.000833321	0.00070099	0	0.00433214	1157.8	2173.1	5	9422	
86	87	8	4	1	3	74288	136478555	84204	138644044	0.00110151	0.000893936	0	0.00433214	1646.53	3160.65	4	9422	
86	87	1	5	6	3	124042	181281467	143971	186147877	0.000967352	0.000749108	0	0.00408214	1292.95	2493.39	5	9422	
86	87	1	6	2	3	23951	117939565	27781	118820909	0.00168248	0.00127422	0	0.00383214	4277.06	4460.26	5	9422	
86	87	1	7	5	3	21874	115746627	25403	116193852	0.00176216	0.00128178	0	0.00408214	4574.02	4552.53	4	9422	
87	88	1	1	1	3	79485	156768207	98949	163181918	0.000985153	0.00089049	0	0.00408214	1649.15	2923.81	5	9422	
87	88	1	2	3	3	153117	224710643	195167	246437009	0.000842011	0.000710324	0	0.00408214	1262.7	2172.99	5	9422	
87	88	1	3	7	3	156061	213244565	198609	228971276	0.000832474	0.000701165	0	0.00433214	1152.87	2171.65	5	9422	
87	88	8	4	1	3	77351	139573697	87312	141761313	0.00109727	0.000884051	0	0.00433214	1623.62	3124.96	4	9422	
87	88	1	5	6	3	124185	182608348	144119	187474965	0.000969335	0.000751475	0	0.00408214	1300.83	2504.86	5	9422	
87	88	1	6	2	3	24094	119255439	27974	120132462	0.0016861	0.0012753	0	0.00383214	4294.43	4462.54	5	9422	
87	88	1	7	5	3	22017	117075075	25559	117522868	0.00176819	0.00128182	0	0.00408214	4598.1	4553.56	4	9422	
88	89	1	1	1	3	79707	158103451	99094	164499760	0.000988126	0.000893233	0	0.00408214	1660.04	2936.05	5	9422	
88	89	3	2	1	3	155558	230070562	198588	252598700	0.000839952	0.00070958	0	0.00408214	1271.97	2167.18	5	9422	
88	89	1	3	7	3	158574	215965528	201877	232017762	0.000831913	0.000700419	0	0.00433214	1149.3	2166.65	5	9422	
88	89	1	4	4	3	78515	141936568	88707	144292755	0.00109548	0.000883448	0	0.00433214	1626.62	3117.18	4	9422	
88	89	8	5	6	3	124328	183951507	144371	188833581	0.000970614	0.000754004	0	0.00408214	1307.97	2515.8	5	9422	
88	89	1	6	2	3	24237	120561222	28118	121438350	0.00169272	0.0012755	0	0.00383214	4318.88	4464.76	5	9422	
88	89	1	7	5	3	22160	118408962	25702	118856755	0.00177504	0.00128153	0	0.00408214	4624.42	4554.64	4	9422	
89	90	1	1	1	3	80284	160200585	99636	166596487	0.00099073	0.000894755	0	0.00408214	1672.05	2942.27	5	9422	
89	90	3	2	1	3	157512	232944542	200683	255570577	0.000841536	0.000709048	0	0.00408214	1273.5	2166.72	5	9422	
89	90	2	3	7	3	159373	217565507	203351	233756021	0.000831541	0.0007027	0	0.00433214	1149.52	2170.06	5	9422	
89	90	1	4	4	3	79334	143335793	90104	145746166	0.00109024	0.000884515	0	0.00433214	1617.53	3113.35	4	9422	
89	90	1	5	2	3	127324	186876781	147918	191843260	0.000967557	0.000750677	0	0.00408214	1296.96	2501.97	5	9422	
89	90	5	6	1	3	25174	122099712	29287	123067283	0.00166392	0.00126948	0	0.00383214	4202.11	4450.63	5	9422	
89	90	1	7	5	3	22303	119711130	25845	120158923	0.00178182	0.0012812	0	0.00408214	4649.21	4554.62	4	9422	
90	91	1	1	1	3	80440	161509245	99791	167914359	0.00099349	0.000897351	0	0.00408214	1682.66	2953.92	5	9422	
90	91	3	2	1	3	160101	235514864	203376	258172997	0.000843143	0.000707428	0	0.00408214	1269.44	2164.55	5	9422	
90	91	2	3	7	3	161802	220314185	206999	236871857	0.000828856	0.000702161	0	0.00433214	1144.31	2162.84	5	9422	
90	91	8	4	1	3	80779	145062227	91778	147512000	0.00108833	0.000881689	0	0.00433214	1607.27	3103.66	4	9422	
90	91	8	5	6	3	130162	189441105	151008	194449807	0.000966485	0.000747157	0	0.00408214	1287.68	2491.4	5	9422	
90	91	1	6	2	3	27640	124040502	31854	125020100	0.00160773	0.00124215	0	0.00383214	3924.78	4408.43	5	9422	
90	91	1	7	5	3	22446	121029347	25988	121477140	0.00178852	0.00128085	0	0.00408214	4674.36	4554.92	4	9422	
91	92	7	1	1	3	80583	162831149	101707	169901874	0.000978992	0.000901513	0	0.00408214	1670.5	2945.24	5	9422	
91	92	3	2	1	3	162382	238101836	206167	260969468	0.000843216	0.000706595	0	0.00408214	1265.82	2161.9	5	9422	
91	92	1	3	7	3	164164	222165730	209959	238855601	0.000828382	0.000701165	0	0.00433214	1137.63	2159.73	5	9422	
91	92	1	4	1	3	83794	146930704	95048	149413308	0.00108239	0.000872267	0	0.00433214	1571.98	3074.79	4	9422	
91	92	8	5	6	3	132701	191215519	154209	196293134	0.000963235	0.000744852	0	0.00408214	1272.9	2482.49	5	9422	
91	92	1	6	2	3	27861	125362550	32033	126337308	0.00161311	0.0012431	0	0.00408214	3943.97	4412.3	5	9422	
91	92	1	7	5	3	22598	122378229	26449	122836420	0.00177368	0.00128747	0	0.00408214	4644.27	4556.52	4	9422	
92	93	1	1	1	3	83413	166323558	105466	173749719	0.000969827	0.000893528	0	0.00408214	1647.45	2911.31	5	9422	
92	93	1	2	1	3	164595	240832139	208730	263856436	0.000843987	0.000705924	0	0.00408214	1264.1	2159.48	5	9422	
92	93	2	3	1	3	164918	224298246	210691	240985613	0.00083009	0.000702701	0	0.00433214	1143.79	2167.22	5	9422	
92	93	1	4	4	3	86982	148916876	98487	151429718	0.00107628	0.00086284	0	0.00433214	1537.56	3043.46	4	9422	
92	93	8	5	2	3	134872	193347765	157025	198518833	0.000960303	0.000743455	0	0.00408214	1264.25	2475.6	5	9422	
92	93	1	6	2	3	28452	127037727	32552	128005001	0.00161033	0.00123959	0	0.00408214	3932.32	4404.6	5	9422	
92	93	1	7	5	3	22741	123703287	26661	124163384	0.00177567	0.00128865	0	0.00408214	4657.12	4557.16	4	9422	
93	94	7	1	1	3	86178	169595504	109000	177513200	0.000963	0.000886254	0	0.00408214	1628.56	2882.78	5	9422	
93	94	3	2	1	3	166439	243469962	210640	266548682	0.000845776	0.000705638	0	0.00408214	1265.42	2160.47	5	9422	
93	94	1	3	7	3	165944	225854130	211933	242583346	0.000831333	0.000704123	0	0.00433214	1144.62	2172.56	5	9422	
93	94	1	4	4	3	87418	150301516	98929	152814666	0.00107896	0.000864443	0	0.00433214	1544.69	3052.39	4	9422	
93	94	1	5	6	3	135171	194622707	157323	199793380	0.000962127	0.000745547	0	0.00433214	1269.96	2484.25	5	9422	
93	94	1	6	2	3	29079	128626181	33386	129622705	0.00159694	0.00123781	0	0.00408214	3882.55	4392.45	5	9422	
93	94	1	7	5	3	22883	125041211	26852	125512937	0.00177901	0.00128934	0	0.00408214	4674.25	4558.36	4	9422	
94	95	1	1	1	3	88952	171579719	112201	179576533	0.000959374	0.000878971	0	0.00408214	1600.49	2862.72	5	9422	
94	95	1	2	3	3	169501	245565306	213730	268648509	0.000847473	0.000703214	0	0.00408214	1256.95	2157.84	5	9422	
94	95	2	3	1	3	167695	229372148	213781	246121543	0.000832836	0.000703973	0	0.00433214	1151.28	2175.64	5	9422	
94	95	1	4	4	3	88235	151821790	99771	154346650	0.00108094	0.000865244	0	0.00433214	1547.01	3055.32	4	9422	
94	95	8	5	2	3	135703	196747940	157879	201910850	0.000963675	0.000747075	0	0.00433214	1278.9	2492.18	5	9422	
94	95	1	6	2	3	29324	129904505	33528	130880897	0.00160288	0.00123854	0	0.00408214	3903.63	4395.93	5	9422	
94	95	1	7	5	3	23026	126375837	26999	126847818	0.00178521	0.00128906	0	0.00408214	4698.24	4559.04	4	9422	
95	96	1	1	1	3	91245	173296597	114561	181290742	0.000959837	0.000873688	0	0.00408214	1582.48	2852.12	5	9422	
95	96	3	2	1	3	171990	248342545	216763	271562918	0.000847092	0.000702051	0	0.00408214	1252.81	2155.32	5	9422	
95	96	1	3	1	3	170196	233409276	217256	250563543	0.00083092	0.000703008	0	0.00433214	1153.31	2170.66	5	9422	
95	96	1	4	4	3	88825	153494730	100362	156020085	0.00108309	0.000866738	0	0.00433214	1554.57	3060.91	4	9422	
95	96	1	5	6	3	136228	198559252	158631	203762172	0.000964118	0.000748837	0	0.00433214	1284.5	2498.78	5	9422	
95	96	5	6	2	3	29551	131184869	33979	132198962	0.00159423	0.001243	0	0.00408214	3890.61	4393.77	5	9422	
95	96	1	7	5	3	23194	127679138	27404	128166581	0.00177523	0.0012935	0	0.00408214	4676.93	4558.31	4	9422	
96	97	1	1	1	3	91968	175170756	115282	183160784	0.000962435	0.000874955	0	0.00408214	1588.81	2857.21	5	9422	
96	97	3	2	1	3	174426	251373335	220109	274978547	0.000845236	0.000701255	0	0.00408214	1249.28	2150.23	5	9422	
96	97	2	3	1	3	173211	236000907	220703	253246269	0.000831347	0.000701071	0	0.00433214	1147.45	2165.2	5	9422	
96	97	1	4	4	3	89365	155577096	100916	158095823	0.00108525	0.000868429	0	0.00433214	1566.61	3066.55	4	9422	
96	97	1	5	6	3	136437	199896279	158783	205093592	0.000965921	0.000751032	0	0.00433214	1291.66	2509.2	5	9422	
96	97	1	6	2	3	29806	132483745	34171	133500786	0.00160056	0.00124377	0	0.00408214	3906.84	4396.72	5	9422	
96	97	1	7	5	3	23337	128953052	27732	129450701	0.00176971	0.00129695	0	0.00408214	4667.92	4557.86	4	9422	
97	98	7	1	1	3	92484	176588267	115883	184599819	0.000964212	0.000876564	0	0.00408214	1592.98	2864	5	9422	
97	98	3	2	1	3	175748	254004127	221552	277758778	0.000847215	0.000701823	0	0.00408214	1253.7	2153.22	5	9422	
97	98	2	3	1	3	174260	239205919	221942	256526300	0.000831965	0.000702075	0	0.00433214	1155.83	2170.19	5	9422	
97	98	1	4	4	3	89621	156901429	101255	159428353	0.00108695	0.000870624	0	0.00433214	1574.52	3075.43	4	9422	
97	98	1	5	6	3	136652	201225047	159114	206428266	0.000966921	0.000753252	0	0.00433214	1297.36	2518.26	5	9422	
97	98	1	6	2	3	30051	133793303	34314	134799634	0.00160639	0.00124445	0	0.00408214	3928.42	4400.63	5	9422	
97	98	1	7	5	3	23480	130244270	27875	130741919	0.00177602	0.0012966	0	0.00408214	4690.29	4557.31	4	9422	
98	99	7	1	1	3	95899	179426132	119572	187498324	0.000961913	0.000867733	0	0.00408214	1568.08	2839.09	5	9422	
98	99	3	2	1	3	176965	256622982	222908	280556094	0.000849289	0.000702558	0	0.00408214	1258.62	2155.97	5	9422	
98	99	2	3	1	3	175300	241907049	223164	259377757	0.000833104	0.000703456	0	0.00433214	1162.27	2175.28	5	9422	
98	99	1	4	1	3	89792	158224693	101450	160753881	0.00108958	0.000873456	0	0.00433214	1584.56	3086.18	4	9422	
98	99	1	5	6	3	136797	202524262	159354	207734202	0.00096818	0.000755518	0	0.00433214	1303.6	2527.42	5	9422	
98	99	1	6	2	3	30296	135081270	34457	136076891	0.00161218	0.00124509	0	0.00408214	3949.18	4403.95	5	9422	
98	99	1	7	5	3	23623	131507290	28017	131995517	0.00178222	0.00129623	0	0.00408214	4711.27	4555.93	4	9422	
99	100	1	1	1	3	96860	180952945	120600	189033325	0.000963845	0.000867757	0	0.00408214	1567.44	2841.25	5	9422	
99	100	1	2	1	3	178230	259240682	224339	283379840	0.000851339	0.000703206	0	0.00408214	1263.18	2158.69	5	9422	
99	100	2	3	1	3	179120	246740258	227106	264277997	0.000834554	0.000700038	0	0.00433214	1163.68	2166.37	5	9422	
99	100	1	4	4	3	91483	159918706	103515	162496534	0.00108533	0.000870877	0	0.00433214	1569.79	3073.43	4	9422	
99	100	8	5	2	3	137077	203864874	159726	209090927	0.000969549	0.000757681	0	0.00433214	1309.06	2536.39	5	9422	
99	100	1	6	2	3	30544	136382784	34600	137367380	0.00161791	0.0012457	0	0.00408214	3970.16	4407.51	5	9422	
99	100	1	7	5	3	23766	132799683	28160	133287910	0.00178841	0.00129583	0	0.00408214	4733.24	4555.36	4	9422	
100	101	7	1	1	3	97097	182246131	120783	190321087	0.000966656	0.000870599	0	0.00408214	1575.73	2850.86	5	9422	
100	101	1	2	3	3	180580	261817917	226798	285989049	0.000853217	0.00070241	0	0.00408214	1260.99	2157.43	5	9422	
100	101	2	3	1	3	181967	252168224	230784	270452394	0.000833587	0.000698706	0	0.00433214	1171.89	2160.09	5	9422	
100	101	1	4	4	3	91699	161272617	103685	163846551	0.0010883	0.000873492	0	0.00433214	1580.23	3084.8	4	9422	
100	101	8	5	2	3	137328	205173324	159968	210399115	0.000971679	0.000760249	0	0.00433214	1315.26	2545.41	5	9422	
100	101	1	6	2	3	30789	137740840	34743	138714726	0.0016236	0.00124628	0	0.00408214	3992.59	4412.26	5	9422	
100	101	1	7	5	3	23908	134111941	28303	134609590	0.00179453	0.0012954	0	0.00408214	4756.02	4555.33	4	9422	
101	102	1	1	1	3	97754	183823399	121625	191916040	0.000967346	0.000871643	0	0.00408214	1577.93	2855.08	5	9422	
101	102	3	2	3	3	182778	264168201	229473	288579264	0.000853477	0.000702046	0	0.00408214	1257.57	2155.76	5	9422	
101	102	1	3	7	3	184226	254194627	233352	272744853	0.000834455	0.000698028	0	0.00433214	1168.81	2159.53	5	9422	
101	102	1	4	4	3	91893	162594995	103873	165177240	0.00109104	0.00087593	0	0.00433214	1590.18	3095.47	4	9422	
101	102	1	5	6	3	138177	206625698	161204	211896039	0.000971095	0.000761578	0	0.00433214	1314.46	2548.56	5	9422	
101	102	1	6	2	3	30956	139049580	34885	140011524	0.0016292	0.00124682	0	0.00408214	4013.52	4415.73	5	9422	
101	102	1	7	5	3	24051	135417900	28446	135915549	0.00180059	0.00129495	0	0.00408214	4778.02	4554.99	4	9422	
102	103	7	1	1	3	98011	185120717	121778	193191220	0.000969688	0.000873863	0	0.00408214	1586.42	2864.52	5	9422	
102	103	3	2	1	3	184295	267143633	231697	291837564	0.00085285	0.00070256	0	0.00408214	1259.57	2156.05	5	9422	
102	103	1	3	1	3	186860	256391561	236091	274956150	0.000836015	0.00069667	0	0.00433214	1164.62	2158.17	5	9422	
102	103	1	4	4	3	92423	164396978	104382	166975455	0.00109322	0.000877485	0	0.00433214	1599.66	3100.44	4	9422	
102	103	1	5	6	3	138698	208663794	161805	213936563	0.000972291	0.000763091	0	0.00433214	1322.19	2555.36	5	9422	
102	103	1	6	2	3	31099	140313244	35393	141313267	0.00161794	0.00125184	0	0.00408214	3992.69	4413.19	5	9422	
102	103	8	7	3	3	24194	136746025	28603	137244374	0.0018057	0.00129478	0	0.00408214	4798.25	4554.99	4	9422	
103	104	1	1	1	3	98543	186919317	122293	194992728	0.000971768	0.000875032	0	0.00408214	1594.47	2870.39	5	9422	
103	104	1	2	3	3	186439	269603292	233934	294322493	0.000854215	0.000701938	0	0.00408214	1258.14	2156.65	5	9422	
103	104	1	3	7	3	189467	259196515	239722	278157074	0.000834189	0.000695758	0	0.00433214	1160.33	2152.32	5	9422	
103	104	1	4	4	3	92616	165709603	104530	168283639	0.00109586	0.000879778	0	0.00433214	1609.91	3110.95	4	9422	
103	104	1	5	6	3	139147	210008677	162381	215300421	0.000973631	0.000765296	0	0.00433214	1325.9	2562.1	5	9422	
103	104	1	6	2	3	31539	141786586	35878	142795237	0.00161461	0.00125046	0	0.00408214	3980.02	4408.96	5	9422	
103	104	1	7	5	3	24337	138059091	28760	138558140	0.00181076	0.00129458	0	0.00408214	4817.74	4554.49	4	9422	
104	105	1	1	1	3	98749	188239361	122784	196479506	0.000972014	0.000877955	0	0.00408214	1600.2	2876.99	5	9422	
104	105	3	2	1	3	188334	272396257	235918	297179861	0.000855601	0.000701522	0	0.00408214	1259.67	2157.69	5	9422	
104	105	2	3	1	3	190528	262502091	240853	281469960	0.000835464	0.000696584	0	0.00433214	1168.64	2158.22	5	9422	
104	105	1	4	4	3	92976	167095755	105286	169873421	0.00109445	0.000882621	0	0.00433214	1613.45	3114.82	4	9422	
104	105	1	5	6	3	139623	211398570	162861	216680939	0.000975458	0.000767132	0	0.00433214	1330.47	2569.96	5	9422	
104	105	1	6	2	3	31755	143114381	36021	144115367	0.00162011	0.00125101	0	0.00408214	4000.87	4412.81	5	9422	
104	105	1	7	5	3	24480	139348509	28906	139847708	0.00181646	0.00129413	0	0.00408214	4838.02	4553.26	4	9422	
105	106	1	1	1	3	99256	189832165	123244	198069363	0.000974176	0.000879253	0	0.00408214	1607.13	2884.2	5	9422	
105	106	3	2	1	3	190390	275034786	238050	299873815	0.000857012	0.000700924	0	0.00408214	1259.71	2157.98	5	9422	
105	106	2	3	7	3	193544	265111615	244576	284244888	0.000834714	0.000694962	0	0.00433214	1162.19	2152.74	5	9422	
105	106	1	4	4	3	93418	168464855	105771	171245553	0.00109643	0.000883918	0	0.00433214	1619.02	3121.92	4	9422	
105	106	8	5	2	3	141192	213346362	164663	218661415	0.00097528	0.000766694	0	0.00433214	1327.93	2569.14	5	9422	
105	106	1	6	2	3	31898	144433023	36244	145442106	0.00162198	0.00125248	0	0.00408214	4012.86	4415.49	5	9422	
105	106	1	7	5	3	24623	140633388	29048	141123165	0.00182224	0.0012936	0	0.00408214	4858.27	4551.91	4	9422	
106	107	1	1	1	3	99515	191191832	123604	199449846	0.000975921	0.000881553	0	0.00408214	1613.62	2891.41	5	9422	
106	107	1	2	1	3	193731	277666232	241477	302523531	0.00085859	0.000698719	0	0.00408214	1252.8	2153.45	5	9422	
106	107	2	3	1	3	196475	268382703	248152	287822937	0.000834109	0.000693395	0	0.00433214	1159.87	2146.76	5	9422	
106	107	1	4	4	3	94237	169870466	106612	172643711	0.00109786	0.0008838	0	0.00433214	1619.36	3123.9	4	9422	
106	107	1	5	6	3	142004	215045230	165513	220378964	0.000976904	0.000767883	0	0.00433214	1331.49	2573.37	5	9422	
106	107	1	6	2	3	32041	145757850	36396	146767725	0.00162699	0.00125309	0	0.00408214	4032.52	4419.09	5	9422	
106	107	1	7	5	3	24766	141945446	29191	142435223	0.00182801	0.00129305	0	0.00408214	4879.42	4551.09	4	9422	
107	108	1	1	1	3	99959	193052876	124123	201377700	0.00097737	0.000883135	0	0.00408214	1622.4	2896.37	5	9422	
107	108	3	2	1	3	196078	280299357	244278	305358070	0.000858799	0.000698165	0	0.00408214	1250.04	2151.01	5	9422	
107	108	1	3	1	3	198732	272052430	250799	291846803	0.000834337	0.000692701	0	0.00433214	1163.67	2146.23	5	9422	
107	108	8	4	1	3	94754	171237535	107125	174004595	0.00110013	0.000885534	0	0.00433214	1624.31	3129.13	4	9422	
107	108	1	5	6	3	142200	216392757	165747	221730274	0.000978521	0.000769999	0	0.00433214	1337.76	2582.6	5	9422	
107	108	1	6	2	3	32184	147105196	36613	148122782	0.00162907	0.00125445	0	0.00408214	4045.63	4422.34	5	9422	
107	108	1	7	5	3	24908	143249982	29334	143749181	0.00183373	0.00129247	0	0.00408214	4900.43	4550.18	4	9422	
108	109	1	1	1	3	100282	194585537	124579	203044079	0.000977855	0.000885181	0	0.00408214	1629.84	2903.31	5	9422	
108	109	1	2	3	3	198430	282932109	246683	308014400	0.000860325	0.000697412	0	0.00408214	1248.62	2150.15	5	9422	
108	109	2	3	1	3	200222	273663510	252788	293526592	0.00083416	0.000693091	0	0.00433214	1161.16	2147.98	5	9422	
108	109	1	4	1	3	95310	172951868	107603	175723595	0.00110186	0.000886521	0	0.00433214	1633.07	3134.04	4	9422	
108	109	1	5	6	3	142385	217744521	165989	223087794	0.000979961	0.000772079	0	0.00433214	1343.99	2591.77	5	9422	
108	109	1	6	2	3	32327	148452542	36955	149484422	0.00162552	0.00125724	0	0.00408214	4045.04	4423.87	5	9422	
108	109	1	7	5	3	25051	144487004	29477	144986203	0.00183938	0.00129188	0	0.00408214	4918.62	4547.5	4	9422	
109	110	7	1	1	3	101764	196629335	126258	205101568	0.000977745	0.000883223	0	0.00408214	1624.46	2898.66	5	9422	
109	110	3	2	1	3	200548	285560619	248864	310682681	0.000861785	0.00069698	0	0.00408214	1248.4	2150.08	5	9422	
109	110	1	3	7	3	202400	277034369	255070	296945004	0.000835661	0.00069251	0	0.00433214	1164.17	2148.41	5	9422	
109	110	8	4	1	3	96438	174497650	109091	177322939	0.00109923	0.000886258	0	0.00433214	1625.46	3128.43	4	9422	
109	110	1	5	6	3	142595	219097417	166159	224436934	0.000981562	0.000774053	0	0.00433214	1350.74	2601.3	5	9422	
109	110	1	6	2	3	32470	149796384	37119	150830306	0.00162989	0.00125794	0	0.00408214	4063.43	4427.56	5	9422	
109	110	1	7	5	3	25194	145764964	29620	146264163	0.00184499	0.00129126	0	0.00408214	4938.02	4545.62	4	9422	
110	111	7	1	1	3	104475	198866364	129442	207438964	0.00097399	0.000877303	0	0.00408214	1602.56	2881	5	9422	
110	111	3	2	1	3	202567	288193789	250923	313337305	0.000862966	0.000696441	0	0.00408214	1248.74	2150.33	5	9422	
110	111	1	3	7	3	204054	279685776	258347	300593673	0.000831986	0.00069339	0	0.00433214	1163.53	2143.97	5	9422	
110	111	1	4	1	3	97901	176061946	110595	178893951	0.00109935	0.000884039	0	0.00433214	1617.56	3122.76	4	9422	
110	111	1	5	6	3	142826	220406907	166466	225752040	0.000982912	0.000776233	0	0.00433214	1356.15	2609.31	5	9422	
110	111	1	6	2	3	33016	151274921	37801	152333663	0.00162077	0.00125606	0	0.00408214	4029.88	4422.68	5	9422	
110	111	1	7	5	3	25337	147083337	29763	147582536	0.00185054	0.00129063	0	0.00408214	4958.59	4544.59	4	9422	
111	112	1	1	1	3	104956	200217995	129909	208798560	0.000976921	0.000879382	0	0.00408214	1607.27	2887.54	5	9422	
111	112	3	2	1	3	204336	290207485	252817	315374259	0.000864014	0.000696293	0	0.00408214	1247.44	2152.04	5	9422	
111	112	2	3	1	3	206667	283258307	261106	304196431	0.000833424	0.000692374	0	0.00433214	1165.03	2143.04	5	9422	
111	112	8	4	1	3	99559	177616970	112338	180455134	0.00109816	0.000881168	0	0.00433214	1606.36	3115.65	4	9422	
111	112	8	5	2	3	143674	221782651	167612	227140874	0.000982643	0.000777218	0	0.00433214	1355.16	2612.04	5	9422	
111	112	1	6	2	3	33447	152682004	38321	153807512	0.0016147	0.00125625	0	0.00408214	4013.66	4418.36	5	9422	
111	112	1	7	5	3	25480	148418853	29928	148919106	0.00185467	0.00129049	0	0.00408214	4975.91	4544.14	4	9422	
112	113	1	1	1	3	105636	201673779	130610	210256549	0.000979034	0.000880171	0	0.00408214	1609.8	2892.05	5	9422	
112	113	3	2	1	3	206104	293451664	254658	318686909	0.000865334	0.000696181	0	0.00408214	1251.43	2153.27	5	9422	
112	113	1	3	7	3	208113	285387544	262636	306384092	0.000834928	0.000692773	0	0.00433214	1166.57	2145.7	5	9422	
112	113	1	4	1	3	102643	179368793	115587	182224651	0.00109275	0.000873392	0	0.00433214	1576.52	3091.71	4	9422	
112	113	8	5	2	3	146211	223861734	171262	229589819	0.000977108	0.000775215	0	0.00433214	1340.58	2598.43	5	9422	
112	113	5	6	1	3	33676	153979995	38491	155099125	0.00162018	0.00125724	0	0.00408214	4029.49	4420.73	5	9422	
112	113	1	7	5	3	25623	149722224	30220	150216975	0.00185084	0.00129325	0	0.00408214	4970.78	4544.84	4	9422	
113	114	1	1	1	3	107511	203585597	133180	212298223	0.000975338	0.000877614	0	0.00408214	1594.07	2880.31	5	9422	
113	114	1	2	1	3	208014	295875589	256673	321148891	0.000866334	0.000695859	0	0.00408214	1251.2	2153.51	5	9422	
113	114	1	3	1	3	208742	286781168	263264	307777530	0.000836516	0.000694386	0	0.00433214	1169.08	2151.97	5	9422	
113	114	1	4	4	3	104488	181187610	117660	184073327	0.00108996	0.000870019	0	0.00433214	1564.45	3080.98	4	9422	
113	114	8	5	6	3	148327	227044000	174698	233503752	0.000971224	0.000774563	0	0.00433214	1336.61	2584.13	5	9422	
113	114	1	6	1	3	34052	155378718	38788	156490891	0.00162231	0.00125631	0	0.00408214	4034.52	4420.98	5	9422	
113	114	1	7	5	3	25766	151034058	30370	151528983	0.00185583	0.00129276	0	0.00408214	4989.43	4543.63	4	9422	
114	115	7	1	1	3	109787	206540340	136612	215744200	0.000968043	0.000874082	0	0.00408214	1579.25	2859.38	5	9422	
114	115	3	2	1	3	211470	298678828	260224	323974275	0.000867401	0.000693482	0	0.00408214	1244.98	2149.56	5	9422	
114	115	1	3	7	3	209693	288323195	264221	309320006	0.000837937	0.000695389	0	0.00433214	1170.69	2156.97	5	9422	
114	115	1	4	4	3	104818	182523311	118104	185414952	0.00109124	0.000871986	0	0.00433214	1569.93	3087.82	4	9422	
114	115	1	5	6	3	150698	230583676	177525	237213538	0.000969443	0.000772652	0	0.00433214	1336.23	2575.1	5	9422	
114	115	1	6	2	3	34297	156669874	38931	157771337	0.00162737	0.00125676	0	0.00408214	4052.59	4423.35	5	9422	
114	115	1	7	5	3	25908	152337607	30513	152841954	0.00186119	0.00129209	0	0.00408214	5009.08	4542.31	4	9422	
115	116	1	1	1	3	110808	208728184	138360	218501190	0.000964586	0.00087434	0	0.00408214	1579.22	2853.53	5	9422	
115	116	3	2	3	3	213468	301327507	262784	326804851	0.000866852	0.000693355	0	0.00408214	1243.63	2148.44	5	9422	
115	116	1	3	7	3	210535	290705083	264984	311686705	0.000839127	0.000696244	0	0.00433214	1176.25	2162.76	5	9422	
115	116	8	4	1	3	105276	183876411	118555	186776114	0.00109304	0.000873247	0	0.00433214	1575.44	3094.44	4	9422	
115	116	1	5	6	3	150943	231940209	177763	238569184	0.000971267	0.000774668	0	0.00433214	1342.06	2583.73	5	9422	
115	116	1	6	2	3	34450	157925294	39073	159016285	0.00163236	0.00125719	0	0.00408214	4069.72	4425.12	5	9422	
115	116	1	7	5	3	26107	153671379	30676	154171744	0.00186556	0.00129173	0	0.00408214	5025.81	4541.53	4	9422	
116	117	1	1	1	3	112821	210418976	140414	220187048	0.000965542	0.000871107	0	0.00408214	1568.13	2847.61	5	9422	
116	117	3	2	1	3	216104	303977427	265480	329487072	0.000868144	0.000692201	0	0.00408214	1241.1	2146.72	5	9422	
116	117	1	3	7	3	212358	294155657	267012	315169372	0.000839801	0.000696113	0	0.00433214	1180.36	2164.66	5	9422	
116	117	8	4	1	3	105823	185434056	119098	188338568	0.00109456	0.000874214	0	0.00433214	1581.37	3098.73	4	9422	
116	117	1	5	6	3	152432	234114217	179519	240793566	0.000970904	0.000774564	0	0.00433214	1341.33	2582.28	5	9422	
116	117	1	6	2	3	34593	159260588	39496	160421536	0.00162574	0.00126065	0	0.00408214	4061.72	4424.59	5	9422	
116	117	8	7	3	3	26407	154937617	30893	155430957	0.0018685	0.00129048	0	0.00408214	5031.27	4539.97	4	9422	
117	118	7	1	1	3	113651	212283520	141173	222041186	0.000967259	0.000871384	0	0.00408214	1572.83	2850.78	5	9422	
117	118	3	2	1	3	217727	306605725	267217	332225962	0.000869524	0.000692384	0	0.00408214	1243.28	2148.12	5	9422	
117	118	2	3	1	3	214931	298934975	269817	320129181	0.000840959	0.000695364	0	0.00433214	1186.47	2162.17	5	9422	
117	118	1	4	4	3	105978	186724213	119367	189633346	0.00109574	0.000876394	0	0.00433214	1588.66	3106.55	4	9422	
117	118	1	5	2	3	155622	236762656	182743	243448087	0.000970724	0.000770534	0	0.00433214	1332.19	2571.55	5	9422	
117	118	1	6	2	3	34735	160564058	39639	161734428	0.0016307	0.00126106	0	0.00408214	4080.18	4427.54	5	9422	
117	118	1	7	5	3	26656	156263683	31036	156751363	0.00187371	0.00128978	0	0.00408214	5050.63	4538.61	4	9422	
118	119	7	1	1	3	114233	214003082	142762	224122547	0.000962399	0.000872844	0	0.00408214	1569.9	2847.91	5	9422	
118	119	3	2	1	3	219219	309243570	268855	335023042	0.000870976	0.00069271	0	0.00408214	1246.11	2149.25	5	9422	
118	119	1	3	7	3	216357	301063750	271370	322339061	0.000842324	0.000695847	0	0.00433214	1187.82	2164.93	5	9422	
118	119	8	4	4	3	106121	187999791	119813	190980105	0.00109525	0.00087896	0	0.00433214	1593.98	3112.06	4	9422	
118	119	8	5	2	3	159271	241514700	186510	248248143	0.000970029	0.000765774	0	0.00433214	1331.02	2556.84	5	9422	
118	119	1	6	2	3	34878	161796824	39782	162967194	0.00163562	0.00126146	0	0.00408214	4096.51	4428.76	5	9422	
118	119	1	7	5	3	26903	157605015	31179	158087710	0.00187887	0.00128907	0	0.00408214	5070.33	4537.58	4	9422	
119	120	1	1	1	3	115000	215650884	143640	225798088	0.000963837	0.000873574	0	0.00408214	1571.97	2850.82	5	9422	
119	120	3	2	1	3	220610	311868926	270362	337785234	0.00087243	0.000693104	0	0.00408214	1249.38	2150.78	5	9422	
119	120	1	3	7	3	218582	302866227	273629	324155018	0.000843962	0.000695353	0	0.00433214	1184.65	2165.55	5	9422	
119	120	1	4	1	3	107079	189638393	122536	192882559	0.00108017	0.000881625	0	0.00433214	1574.09	3095.37	4	9422	
119	120	8	5	2	3	162650	243578058	190060	250331915	0.000968953	0.000761545	0	0.00433214	1317.12	2546.97	5	9422	
119	120	1	6	2	3	35021	163072165	39937	164243795	0.00164001	0.00126197	0	0.00408214	4112.57	4430.63	5	9422	
119	120	1	7	5	3	27136	158902833	31321	159372953	0.00188396	0.00128835	0	0.00408214	5088.37	4535.68	4	9422	
120	121	1	1	1	3	115231	217006978	143861	227153132	0.000966453	0.000876171	0	0.00408214	1578.98	2859.56	5	9422	
120	121	1	2	1	3	222785	314486708	272609	340438049	0.000873611	0.000692567	0	0.00408214	1248.81	2150.6	5	9422	
120	121	1	3	7	3	219849	305428686	274890	326724523	0.000845199	0.000695719	0	0.00433214	1188.56	2169.66	5	9422	
120	121	8	4	4	3	110303	192665313	125988	195961892	0.0010759	0.000874063	0	0.00433214	1555.4	3068.6	4	9422	
120	121	1	5	6	3	165182	245893226	192884	252706627	0.00096776	0.000759126	0	0.00433214	1310.15	2540.3	5	9422	
120	121	1	6	2	3	35259	164429240	40097	165592926	0.00164546	0.00126273	0	0.00408214	4129.81	4433.87	5	9422	
120	121	1	7	5	3	27279	160221031	31467	160691301	0.00188885	0.00128768	0	0.00408214	5106.66	4534.14	4	9422	
121	122	1	1	1	3	115465	218291444	144070	228435793	0.000968599	0.000878249	0	0.00408214	1585.59	2867.23	5	9422	
121	122	3	2	1	3	224549	317131584	274455	343096106	0.000874501	0.000692319	0	0.00408214	1250.1	2152.31	5	9422	
121	122	2	3	1	3	221209	307405911	276790	328808278	0.000844892	0.000696264	0	0.00433214	1187.93	2171.13	5	9422	
121	122	8	4	1	3	113357	195453646	129596	198906363	0.00106945	0.000868079	0	0.00433214	1534.82	3041.91	4	9422	
121	122	1	5	2	3	166744	247611225	194617	254431845	0.000967641	0.000758458	0	0.00433214	1307.35	2538.71	5	9422	
121	122	1	6	2	3	35417	165778161	40240	166940272	0.00165027	0.00126306	0	0.00408214	4148.62	4437.18	5	9422	
121	122	1	7	5	3	27421	161525967	31610	162005659	0.00189388	0.00128692	0	0.00408214	5125.14	4532.41	4	9422	
122	123	1	1	1	3	115710	219630495	144213	229764134	0.000970613	0.000880139	0	0.00408214	1593.23	2876.12	5	9422	
122	123	1	2	3	3	227474	319346796	277519	345325131	0.000875259	0.000690756	0	0.00408214	1244.33	2150.59	5	9422	
122	123	1	3	7	3	223752	309876269	279939	331483876	0.00084439	0.000695327	0	0.00433214	1184.13	2168.07	5	9422	
122	123	8	4	1	3	116559	197995049	132957	201486559	0.00106611	0.000861234	0	0.00433214	1515.43	3019.83	4	9422	
122	123	8	5	2	3	168220	249680500	196270	256532254	0.000967711	0.000758048	0	0.00433214	1307.04	2538.37	5	9422	
122	123	1	6	2	3	35560	167078612	40382	168231301	0.00165502	0.00126336	0	0.00408214	4166	4439.36	5	9422	
122	123	1	7	5	3	27564	162776732	31753	163256424	0.00189886	0.00128616	0	0.00408214	5141.45	4529.48	4	9422	
123	124	1	1	1	3	116221	221134903	144659	231251531	0.000972597	0.000881441	0	0.00408214	1598.6	2882.56	5	9422	
123	124	3	2	1	3	229558	322345216	280497	348954332	0.000874022	0.000690956	0	0.00408214	1244.06	2147.26	5	9422	
123	124	1	3	1	3	226433	313663732	283713	335768148	0.000842437	0.000694559	0	0.00433214	1183.48	2161.72	5	9422	
123	124	8	4	1	3	117854	199455369	134301	202950963	0.00106622	0.000859825	0	0.00433214	1511.16	3018.08	4	9422	
123	124	8	5	2	3	171523	252196306	199701	259070846	0.000966848	0.000754403	0	0.00433214	1297.29	2528.41	5	9422	
123	124	1	6	2	3	35703	168332110	40525	169484799	0.00165976	0.00126365	0	0.00408214	4182.23	4440.51	5	9422	
123	124	1	7	5	3	27707	164081106	31896	164560798	0.00190379	0.00128538	0	0.00408214	5159.29	4527.54	4	9422	
124	125	1	1	1	3	116364	222482249	144866	232605269	0.000974169	0.000883346	0	0.00408214	1605.66	2891.14	5	9422	
124	125	3	2	1	3	231203	325021922	282206	351669882	0.000874917	0.000690836	0	0.00408214	1246.15	2149.07	5	9422	
124	125	1	3	7	3	227103	315676937	284626	337882665	0.000842832	0.000695571	0	0.00433214	1187.11	2166.25	5	9422	
124	125	1	4	4	3	119178	200890682	135741	204393445	0.00106584	0.000858413	0	0.00433214	1505.76	3015.9	4	9422	
124	125	1	5	2	3	174924	254808575	203226	261709852	0.000966126	0.000750665	0	0.00433214	1287.78	2518.59	5	9422	
124	125	1	6	2	3	35856	169624879	40951	170815267	0.00165297	0.00126707	0	0.00408214	4171.21	4440.19	5	9422	
124	125	1	7	5	3	27850	165396023	32039	165875715	0.00190869	0.00128459	0	0.00408214	5177.31	4525.66	4	9422	
125	126	1	1	1	3	116631	223824887	145709	234131648	0.000972347	0.000885492	0	0.00408214	1606.84	2894.31	5	9422	
125	126	3	2	1	3	233363	327659268	284390	354314506	0.000875628	0.000690069	0	0.00408214	1245.88	2149.36	5	9422	
125	126	2	3	1	3	227421	317449543	285126	339923456	0.00084336	0.000696968	0	0.00433214	1192.19	2172.36	5	9422	
125	126	8	4	4	3	120572	202650668	137216	206189569	0.00106586	0.000856777	0	0.00433214	1502.66	3012.11	4	9422	
125	126	8	5	6	3	176973	257911184	206528	265430634	0.000961772	0.00075087	0	0.00433214	1285.2	2508.81	5	9422	
125	126	1	6	2	3	36104	170919829	41094	172099192	0.00165766	0.00126735	0	0.00408214	4187.94	4441.91	5	9422	
125	126	1	7	5	3	27993	166711419	32182	167191111	0.00191354	0.00128378	0	0.00408214	5195.17	4523.78	4	9422	
126	127	1	1	1	3	117133	225399362	146134	235696372	0.0009743	0.000886737	0	0.00408214	1612.88	2900.66	5	9422	
126	127	3	2	1	3	235684	330289405	286744	356964494	0.000876827	0.000689287	0	0.00408214	1244.89	2148.95	5	9422	
126	127	2	3	1	3	229530	320339747	288048	343009116	0.000842364	0.000696854	0	0.00433214	1190.81	2170.61	5	9422	
126	127	1	4	1	3	121180	204222212	138698	207956951	0.00106058	0.000858769	0	0.00433214	1499.35	3008.56	4	9422	
126	127	1	5	6	3	179114	261186248	209463	269212545	0.000959492	0.00075047	0	0.00433214	1285.25	2500.83	4	9422	
126	127	1	6	2	3	36349	172251087	41237	173419740	0.00166232	0.00126761	0	0.00408214	4205.44	4444.27	5	9422	
126	127	1	7	5	3	28136	168054063	32324	168524333	0.00191831	0.00128297	0	0.00408214	5213.6	4522.38	4	9422	
127	128	1	1	1	3	117375	226745519	146282	237032905	0.000976319	0.00088863	0	0.00408214	1620.38	2909.29	5	9422	
127	128	1	2	1	3	237860	332921912	288958	359612699	0.000877763	0.000688669	0	0.00408214	1244.52	2148.76	5	9422	
127	128	1	3	7	3	230423	321857411	289089	344545689	0.000843279	0.000697753	0	0.00433214	1191.83	2174.86	5	9422	
127	128	1	4	4	3	122770	206139041	140379	209873431	0.00105986	0.000856791	0	0.00433214	1495.05	3003.73	4	9422	
127	128	8	5	2	3	182585	265052416	213092	273116704	0.000959057	0.000746906	0	0.00433214	1281.68	2490.61	4	9422	
127	128	1	6	2	3	36594	173586786	41380	174744729	0.00166694	0.00126785	0	0.00408214	4222.93	4446.73	5	9422	
127	128	1	7	5	3	28279	169389770	32467	169860040	0.00192307	0.00128215	0	0.00408214	5231.78	4520.78	4	9422	
128	129	1	1	1	3	117586	228082411	146782	238457839	0.000976019	0.000890737	0	0.00408214	1624.57	2915.06	5	9422	
128	129	3	2	1	3	239531	335548830	290704	362268391	0.000878587	0.000688605	0	0.00408214	1246.18	2149.45	5	9422	
128	129	2	3	1	3	232614	326615908	291442	349354373	0.000844042	0.000697073	0	0.00433214	1198.71	2175.68	5	9422	
128	129	1	4	4	3	122986	207489982	140535	211221427	0.00106187	0.000858593	0	0.00433214	1502.98	3012.71	4	9422	
128	129	8	5	2	3	186225	269128228	216801	277227691	0.000959123	0.000743235	0	0.00433214	1278.72	2478.56	4	9422	
128	129	1	6	2	3	36895	174906471	41625	176058161	0.00166986	0.00126732	0	0.00408214	4229.63	4446.32	5	9422	
128	129	1	7	5	3	28421	170689149	32980	171192892	0.00190617	0.00129018	0	0.00408214	5190.81	4526.2	4	9422	
129	130	1	1	1	3	118128	229861258	147320	240234653	0.000978234	0.000892125	0	0.00408214	1630.7	2920.07	5	9422	
129	130	3	2	1	3	240927	338166780	292203	365002840	0.000879624	0.000688859	0	0.00408214	1249.14	2151.27	5	9422	
129	130	2	3	1	3	235471	330517384	294526	353623546	0.000844577	0.000695649	0	0.00433214	1200.65	2173.53	5	9422	
129	130	8	4	4	3	123544	209047130	141304	212811416	0.00106162	0.000859661	0	0.00433214	1506.05	3014.76	4	9422	
129	130	8	5	2	3	189724	272276012	220474	280426889	0.000959017	0.000740022	0	0.00433214	1271.93	2468.69	4	9422	
129	130	1	6	2	3	37038	176161523	41767	177303791	0.00167438	0.00126753	0	0.00408214	4245.07	4447.29	5	9422	
129	130	1	7	5	3	28564	172030017	33123	172533760	0.00191089	0.00128939	0	0.00408214	5208.88	4524.79	4	9422	
130	131	7	1	1	3	118348	231178461	148074	241675673	0.000976579	0.00089425	0	0.00408214	1632.13	2923.44	5	9422	
130	131	3	2	1	3	242201	340794556	293577	367757341	0.000880762	0.000689207	0	0.00408214	1252.68	2153.73	5	9422	
130	131	1	3	7	3	237357	332534192	297445	355888736	0.000842931	0.000695795	0	0.00433214	1196.49	2171.53	5	9422	
130	131	8	4	1	3	125288	210672521	143319	214456985	0.0010598	0.000857588	0	0.00433214	1496.36	3006.55	4	9422	
130	131	8	5	2	3	191541	274297275	222842	282573585	0.000957854	0.000739744	0	0.00433214	1268.04	2465.76	4	9422	
130	131	1	6	2	3	37181	177451901	41910	178594281	0.0016789	0.00126773	0	0.00408214	4261.38	4448.77	5	9422	
130	131	1	7	5	3	28707	173365573	33266	173869316	0.00191557	0.00128858	0	0.00408214	5226.64	4523.23	4	9422	
131	132	1	1	1	3	119800	233425972	150051	244165721	0.00097448	0.000892728	0	0.00408214	1627.22	2915.73	5	9422	
131	132	3	2	1	3	243953	343426187	295441	370475816	0.000881988	0.000689235	0	0.00408214	1253.98	2154.58	5	9422	
131	132	2	3	7	3	239363	334307277	299495	357658768	0.000844179	0.000695381	0	0.00433214	1194.21	2172.69	5	9422	
131	132	8	4	1	3	128339	212666858	146483	216463371	0.0010575	0.000851855	0	0.00433214	1477.74	2988.99	4	9422	
131	132	1	5	6	3	192507	275738430	224385	284060737	0.000956626	0.000740698	0	0.00433214	1265.95	2467.48	4	9422	
131	132	1	6	2	3	37323	178713046	42631	179935204	0.00166057	0.00127424	0	0.00408214	4220.76	4445.59	5	9422	
131	132	1	7	5	3	28954	174694854	33409	175193524	0.00192021	0.00128777	0	0.00408214	5243.9	4521.52	4	9422	
132	133	7	1	1	3	121759	236168063	152641	247289949	0.000971722	0.0008901	0	0.00408214	1620.08	2904.03	5	9422	
132	133	1	2	3	3	246498	345894309	298095	372986890	0.000882715	0.0006883	0	0.00408214	1251.23	2153.27	5	9422	
132	133	2	3	1	3	240675	337159829	300854	360519336	0.000845268	0.000695711	0	0.00433214	1198.32	2175.83	5	9422	
132	133	8	4	1	3	129563	214977543	148223	218926825	0.00105472	0.00085187	0	0.00433214	1477.01	2982.69	4	9422	
132	133	1	5	6	3	193255	277478385	225141	285792190	0.000957589	0.000741439	0	0.00433214	1269.39	2471.77	4	9422	
132	133	1	6	2	3	37478	180020065	42850	181248926	0.00166255	0.00127517	0	0.00408214	4229.85	4446.92	5	9422	
132	133	1	7	5	3	29189	175990982	33552	176484259	0.00192482	0.00128695	0	0.00408214	5260.02	4519.1	4	9422	
133	134	7	1	1	3	123739	238290007	154729	249432647	0.000972198	0.000887167	0	0.00408214	1612.06	2895.86	5	9422	
133	134	3	2	1	3	248471	348692691	300098	375800506	0.000883441	0.000687777	0	0.00408214	1252.26	2154.31	5	9422	
133	134	2	3	1	3	243569	339273784	303842	362652615	0.000846381	0.000694351	0	0.00433214	1193.56	2174.23	5	9422	
133	134	1	4	4	3	130827	216591888	149535	220548946	0.0010557	0.000851066	0	0.00433214	1474.9	2981.22	4	9422	
133	134	1	5	6	3	193425	278828566	225315	287142417	0.00095885	0.000743086	0	0.00433214	1274.4	2479.37	4	9422	
133	134	1	6	2	3	37719	181344367	43006	182564467	0.00166702	0.00127543	0	0.00408214	4245.09	4448.81	5	9422	
133	134	1	7	5	3	29403	177304187	33694	177781907	0.00192935	0.00128612	0	0.00408214	5276.37	4516.87	4	9422	
134	135	7	1	1	3	126051	240927988	158430	252549561	0.000964151	0.000883851	0	0.00408214	1594.08	2876.6	5	9422	
134	135	1	2	3	3	250891	351322123	302572	378453363	0.000884509	0.000687103	0	0.00408214	1250.79	2153.47	5	9422	
134	135	1	3	7	3	245633	341940347	306017	365328678	0.000847267	0.000693783	0	0.00433214	1193.82	2175.11	5	9422	
134	135	1	4	4	3	131054	217947121	149740	221892989	0.00105788	0.000853182	0	0.00433214	1481.86	2989.34	4	9422	
134	135	1	5	6	3	193713	280146918	225710	288480604	0.000959717	0.000744583	0	0.00433214	1278.1	2485.51	4	9422	
134	135	1	6	2	3	37964	182639905	43149	183849295	0.00167143	0.00127562	0	0.00408214	4260.8	4450.23	5	9422	
134	135	1	7	5	3	29546	178644458	33837	179122178	0.00193387	0.00128528	0	0.00408214	5293.68	4515.19	4	9422	
135	136	7	1	1	3	128359	244961268	161995	257597152	0.000957314	0.000880495	0	0.00408214	1590.15	2855.32	5	9422	
135	136	3	2	1	3	252443	353954410	304254	381204321	0.00088582	0.000687404	0	0.00408214	1252.91	2155.15	5	9422	
135	136	2	3	7	3	246255	343327551	307192	366793660	0.000846816	0.000695011	0	0.00433214	1194.02	2178.51	5	9422	
135	136	8	4	1	3	131633	219588128	150319	223530058	0.00105978	0.000854742	0	0.00433214	1487.04	2993.51	4	9422	
135	136	8	5	6	3	194159	281531302	226198	289867782	0.000960946	0.000745888	0	0.00433214	1281.48	2491.53	4	9422	
135	136	1	6	1	3	38211	183994408	43295	185193193	0.00167593	0.00127581	0	0.00408214	4277.47	4452.62	5	9422	
135	136	1	7	5	3	29688	179936692	33980	180423834	0.00193836	0.00128443	0	0.00408214	5309.71	4512.7	4	9422	
136	137	1	1	1	3	130510	250927011	165540	265748432	0.000950442	0.000877893	0	0.00408214	1605.34	2835.44	5	9422	
136	137	3	2	1	3	254132	356312069	306035	383652702	0.000887031	0.000687474	0	0.00408214	1253.62	2156.4	5	9422	
136	137	2	3	1	3	249402	346285741	310573	369790173	0.000847454	0.000693435	0	0.00433214	1190.67	2174.65	5	9422	
136	137	1	4	4	3	132668	222349454	151625	226426750	0.00105844	0.000854671	0	0.00433214	1493.33	2991.59	4	9422	
136	137	8	5	2	3	195246	283074042	227507	291472207	0.000961001	0.000746307	0	0.00433214	1281.16	2493.38	4	9422	
136	137	1	6	2	3	38446	185313892	43483	186498753	0.00168056	0.00127617	0	0.00408214	4289	4454.09	5	9422	
136	137	1	7	5	3	29831	181248958	34123	181736100	0.00194281	0.00128357	0	0.00408214	5325.91	4510.47	4	9422	
137	138	7	1	1	3	132888	256176748	169113	272529098	0.000944783	0.000874649	0	0.00408214	1611.52	2815.61	5	9422	
137	138	3	2	1	3	255603	359165093	307569	386558589	0.000888164	0.00068777	0	0.00408214	1256.82	2158.33	5	9422	
137	138	1	3	1	3	252802	349994659	314348	373723917	0.000847581	0.000691634	0	0.00433214	1188.89	2170.03	5	9422	
137	138	8	4	1	3	134551	223916788	153814	228020253	0.00105628	0.000852208	0	0.00433214	1482.44	2982.8	4	9422	
137	138	8	5	2	3	198555	285115873	231004	293539420	0.000960545	0.000743327	0	0.00433214	1270.71	2485.81	4	9422	
137	138	1	6	2	3	39201	186771873	44788	188019363	0.00165425	0.00127703	0	0.00408214	4197.99	4447.36	5	9422	
137	138	1	7	5	3	29974	182560109	34266	183047251	0.00194722	0.0012827	0	0.00408214	5341.95	4508.13	4	9422	
138	139	7	1	1	3	134946	258771170	172223	275630159	0.000940025	0.00087216	0	0.00408214	1600.43	2802.68	5	9422	
138	139	3	2	1	3	258025	361531912	310345	389023386	0.000888138	0.000687096	0	0.00408214	1253.52	2157.13	5	9422	
138	139	1	3	7	3	255180	352341613	317158	376176016	0.000847582	0.000691024	0	0.00433214	1186.08	2168.4	5	9422	
138	139	8	4	4	3	137257	225752998	156814	229892429	0.00105354	0.000847701	0	0.00433214	1466.02	2968.05	4	9422	
138	139	1	5	6	3	201644	287786499	234350	296288326	0.000960073	0.000740733	0	0.00433214	1264.3	2477.71	4	9422	
138	139	1	6	2	3	39439	188080877	44956	189330498	0.00165903	0.00127761	0	0.00408214	4211.46	4449.12	5	9422	
138	139	1	7	5	3	30117	183899691	34409	184386833	0.0019516	0.00128182	0	0.00408214	5358.68	4506.26	4	9422	
139	140	1	1	1	3	135606	260214965	172878	277083014	0.000942115	0.00087326	0	0.00408214	1602.77	2807.42	5	9422	
139	140	3	2	1	3	259995	364156985	312866	392058421	0.000887526	0.000687067	0	0.00408214	1253.12	2156.54	5	9422	
139	140	1	3	7	3	256949	354033386	318951	377870577	0.000848741	0.000690896	0	0.00433214	1184.73	2170.29	5	9422	
139	140	1	4	4	3	138265	227236878	158207	231423689	0.00105214	0.000847915	0	0.00433214	1462.79	2966.92	4	9422	
139	140	1	5	6	3	202110	289137264	234932	297648111	0.000960834	0.000742065	0	0.00433214	1266.95	2482.68	4	9422	
139	140	1	6	2	3	39684	189422997	45102	190662223	0.00166336	0.0012778	0	0.00408214	4227.36	4451.36	5	9422	
139	140	1	7	5	3	30260	185247037	34575	185735293	0.00195463	0.0012815	0	0.00408214	5371.95	4505.08	4	9422	
140	141	1	1	1	3	135836	261569842	173088	278436857	0.000944103	0.000875226	0	0.00408214	1608.64	2814.86	5	9422	
140	141	3	2	1	3	262127	367080275	315062	395028080	0.000888518	0.000686627	0	0.00408214	1253.81	2157.33	5	9422	
140	141	2	3	1	3	258212	356350521	320277	380203177	0.000849822	0.000691503	0	0.00433214	1187.11	2173.29	5	9422	
140	141	1	4	4	3	139292	229087223	159343	233307312	0.0010525	0.000847695	0	0.00433214	1464.18	2966.62	4	9422	
140	141	1	5	6	3	202863	290837176	235820	299357094	0.000961375	0.000742828	0	0.00433214	1269.43	2486.39	4	9422	
140	141	1	6	2	3	39929	190751690	45245	191980206	0.00166758	0.00127798	0	0.00408214	4243.13	4453.32	5	9422	
140	141	1	7	5	3	30403	186551413	35043	187043724	0.00194069	0.00128844	0	0.00408214	5337.55	4510.92	4	9422	
141	142	1	1	1	3	136072	262842467	173268	279703848	0.000946083	0.00087728	0	0.00408214	1614.28	2821.32	5	9422	
141	142	1	2	1	3	263526	368954558	316499	396914825	0.000889602	0.000687016	0	0.00408214	1254.08	2160.18	5	9422	
141	142	1	3	1	3	259633	358129838	322469	382129782	0.000848899	0.000692037	0	0.00433214	1185.01	2173.51	5	9422	
141	142	1	4	4	3	139439	230406643	159631	234627363	0.00105329	0.0008495	0	0.00433214	1469.81	2973.31	4	9422	
141	142	8	5	2	3	204237	293211720	237364	301758382	0.000961436	0.000742748	0	0.00433214	1271.29	2487.39	4	9422	
141	142	1	6	2	3	40177	192040388	45388	193257879	0.00167178	0.00127815	0	0.00408214	4257.91	4454.52	5	9422	
141	142	8	7	3	3	30622	187848928	35347	188346173	0.00193802	0.00128916	0	0.00408214	5328.49	4512.07	4	9422	
142	143	1	1	1	3	136317	264200523	173411	281051194	0.000947777	0.000878898	0	0.00408214	1620.72	2829.05	5	9422	
142	143	1	2	3	3	263936	370318968	316911	398270855	0.000890872	0.000688526	0	0.00408214	1256.73	2165.78	5	9422	
142	143	1	3	7	3	260187	360274307	323106	384275843	0.000849692	0.000693109	0	0.00433214	1189.32	2178.57	5	9422	
142	143	1	4	4	3	140411	231863157	161032	236130261	0.00105152	0.000849781	0	0.00433214	1466.36	2971.26	4	9422	
142	143	1	5	6	3	206265	295593946	239471	304143842	0.000961389	0.000741575	0	0.00433214	1270.07	2485.67	4	9422	
142	143	1	6	2	3	40415	193319290	45545	194528358	0.00167633	0.00127845	0	0.00408214	4271.12	4455.45	5	9422	
142	143	1	7	5	3	31080	189193574	35871	189703718	0.00192925	0.00128811	0	0.00408214	5288.5	4517.92	4	9422	
143	144	1	1	1	3	136562	265558034	173554	282397995	0.000949468	0.000880507	0	0.00408214	1627.15	2836.72	5	9422	
143	144	3	2	1	3	266473	374230846	319540	402217214	0.000891812	0.00068778	0	0.00408214	1258.74	2164.37	5	9422	
143	144	2	3	1	3	263913	364366825	326960	388418035	0.000850586	0.000691022	0	0.00433214	1187.97	2173.79	5	9422	
143	144	8	4	1	3	141209	233484207	161900	237772644	0.00105233	0.000850061	0	0.00433214	1468.64	2973.28	4	9422	
143	144	8	5	6	3	208126	298022526	241546	306614785	0.000961518	0.000740989	0	0.00433214	1269.38	2483.79	4	9422	
143	144	1	6	2	3	40558	194585521	45687	195785167	0.00168045	0.00127858	0	0.00408214	4285.36	4456.28	5	9422	
143	144	1	7	5	3	31223	190525474	36189	191047920	0.00192415	0.00129118	0	0.00408214	5279.17	4519.89	4	9422	
144	145	1	1	1	3	136869	267215199	173909	284049571	0.00095073	0.000881769	0	0.00408214	1633.32	2842.59	5	9422	
144	145	3	2	1	3	268392	377618298	322387	406413533	0.000890424	0.000688102	0	0.00408214	1260.64	2161.67	5	9422	
144	145	1	3	1	3	267418	368059921	330837	392245560	0.000850614	0.000689126	0	0.00433214	1185.62	2169.47	5	9422	
144	145	1	4	1	3	141882	234865268	162578	239153341	0.00105361	0.000850524	0	0.00433214	1471.01	2977.24	4	9422	
144	145	1	5	6	3	210668	301739995	244465	310569378	0.000960887	0.00073966	0	0.00433214	1270.4	2477.17	4	9422	
144	145	1	6	2	3	40701	195932867	45830	197132513	0.00168456	0.00127871	0	0.00408214	4301.39	4458.53	5	9422	
144	145	1	7	5	3	31366	191844425	36343	192367242	0.0019278	0.00129064	0	0.00408214	5293.1	4518.24	4	9422	
145	146	1	1	1	3	137012	268488299	174052	285322671	0.000952414	0.00088336	0	0.00408214	1639.3	2849.24	5	9422	
145	146	3	2	1	3	271151	379864945	325195	408668365	0.000891154	0.000686978	0	0.00408214	1256.69	2160.59	5	9422	
145	146	1	3	7	3	269603	370116445	334067	394505278	0.000848946	0.000688972	0	0.00433214	1180.92	2166.79	5	9422	
145	146	8	4	1	3	143539	236604419	164394	240909918	0.00105329	0.000848952	0	0.00433214	1465.44	2972.31	4	9422	
145	146	1	5	6	3	211553	303484078	245583	312339052	0.000960937	0.000740327	0	0.00433214	1271.83	2479.73	4	9422	
145	146	1	6	2	3	40843	197189820	45973	198398888	0.00168866	0.00127882	0	0.00408214	4315.55	4459.2	5	9422	
145	146	1	7	5	3	31509	193179348	36486	193702165	0.001932	0.00128985	0	0.00408214	5308.94	4516.54	4	9422	
146	147	1	1	1	3	137154	269769264	174202	286613793	0.000954056	0.000884945	0	0.00408214	1645.3	2856.04	5	9422	
146	147	3	2	1	3	274089	382857585	328541	411869323	0.000890821	0.000685864	0	0.00408214	1253.63	2157.41	5	9422	
146	147	1	3	7	3	270238	371894627	334731	396286320	0.000849948	0.000690001	0	0.00433214	1183.89	2171.09	5	9422	
146	147	1	4	4	3	144562	238328653	165492	242647408	0.00105374	0.000848585	0	0.00433214	1466.22	2972.49	4	9422	
146	147	8	5	2	3	214620	306303900	248700	315158504	0.000960754	0.000737819	0	0.00433214	1267.22	2473.12	4	9422	
146	147	1	6	2	3	40986	198524380	46116	199733448	0.00169272	0.00127891	0	0.00408214	4331.11	4461.09	5	9422	
146	147	1	7	5	3	31652	194526694	36635	195049801	0.00193585	0.00128918	0	0.00408214	5324.14	4515.14	4	9422	
147	148	1	1	1	3	137297	271085306	174357	287931083	0.000955668	0.000886524	0	0.00408214	1651.39	2863.06	5	9422	
147	148	1	2	3	3	274440	384370126	328945	413386604	0.000891655	0.000687176	0	0.00408214	1256.7	2162.77	5	9422	
147	148	2	3	1	3	270528	373186241	334996	397584462	0.000851167	0.000691638	0	0.00433214	1186.83	2176.42	5	9422	
147	148	1	4	1	3	146023	240376828	167283	244739296	0.00105165	0.000847616	0	0.00433214	1463.03	2966.81	4	9422	
147	148	8	5	6	3	218387	310115260	252567	318993453	0.000959903	0.00073435	0	0.00433214	1263.01	2463.66	4	9422	
147	148	5	6	2	3	41129	199843011	46407	201067209	0.00169135	0.00128053	0	0.00408214	4332.69	4461.87	5	9422	
147	148	1	7	5	3	31795	195827572	36777	196343281	0.00193996	0.00128838	0	0.00408214	5338.75	4512.85	4	9422	
148	149	1	1	1	3	137510	272441360	175159	289631087	0.000954079	0.000888154	0	0.00408214	1653.53	2865.12	5	9422	
148	149	1	2	1	3	275854	386025776	330405	415046755	0.000892349	0.000687276	0	0.00408214	1256.18	2165.62	5	9422	
148	149	1	3	7	3	271241	375628828	335847	400127379	0.000851748	0.000692721	0	0.00433214	1191.4	2180.73	5	9422	
148	149	1	4	4	3	146270	241680968	167426	246030924	0.00105331	0.000849157	0	0.00433214	1469.49	2973.98	4	9422	
148	149	8	5	2	3	222199	313723437	256390	322616195	0.000959591	0.000730885	0	0.00433214	1258.3	2453.81	4	9422	
148	149	1	6	2	3	41272	201167634	46780	202415982	0.00168704	0.00128295	0	0.00408214	4326.98	4462.47	5	9422	
148	149	1	7	5	3	31938	197138327	36920	197652012	0.00194407	0.00128757	0	0.00408214	5353.52	4510.6	4	9422	
149	150	1	1	1	3	138052	274223983	175654	291404991	0.000955769	0.000889249	0	0.00408214	1658.97	2869.75	5	9422	
149	150	3	2	1	3	278829	390771413	333449	419830043	0.000892768	0.000685801	0	0.00408214	1259.05	2162.99	5	9422	
149	150	2	3	1	3	272590	377710628	337319	402221364	0.00085249	0.000692956	0	0.00433214	1192.41	2182.9	5	9422	
149	150	1	4	4	3	146515	243008348	167569	247351243	0.00105497	0.000850696	0	0.00433214	1476.12	2981.41	4	9422	
149	150	8	5	2	3	225975	316943498	260196	325844409	0.000959242	0.000727581	0	0.00433214	1252.3	2444.15	4	9422	
149	150	1	6	2	3	41477	202476812	46923	203718732	0.00169104	0.00128304	0	0.00408214	4341.55	4463.75	5	9422	
149	150	1	7	5	3	32080	198440387	37063	198963494	0.00194814	0.00128675	0	0.00408214	5368.25	4508.37	4	9422	
150	151	1	1	1	3	138297	275512822	175797	292683120	0.000957431	0.000890796	0	0.00408214	1664.89	2876.24	5	9422	
150	151	3	2	1	3	280131	393405040	334863	422596307	0.000893779	0.000686153	0	0.00408214	1262	2164.63	5	9422	
150	151	1	3	7	3	273043	379237384	338065	403801153	0.000852947	0.000694506	0	0.00433214	1194.45	2187.32	5	9422	
150	151	8	4	1	3	146763	244276624	167714	248623246	0.00105665	0.000852231	0	0.00433214	1482.42	2988.2	4	9422	
150	151	1	5	2	3	228571	319685854	263429	328854783	0.000957887	0.000726731	0	0.00433214	1248.36	2437.5	4	9422	
150	151	1	6	2	3	41722	203834868	47065	205056656	0.00169499	0.00128311	0	0.00408214	4356.88	4465.71	5	9422	
150	151	1	7	5	3	32223	199772033	37206	200295140	0.00195219	0.00128592	0	0.00408214	5383.41	4506.44	4	9422	
151	152	1	1	1	3	138542	276850583	175939	294000749	0.00095908	0.000892324	0	0.00408214	1671.04	2883.23	5	9422	
151	152	3	2	1	3	281596	396029975	336449	425364460	0.000894727	0.000686376	0	0.00408214	1264.28	2166.1	5	9422	
151	152	1	3	1	3	273226	380533863	339212	405254911	0.000851427	0.000696223	0	0.00433214	1194.7	2190.3	5	9422	
151	152	1	4	4	3	147148	245839782	168809	250408499	0.00105364	0.000854153	0	0.00433214	1483.38	2987.98	4	9422	
151	152	8	5	6	3	230234	321344870	266134	330683949	0.000955473	0.00072726	0	0.00433214	1242.55	2434.29	4	9422	
151	152	1	6	2	3	42077	205165856	47386	206384074	0.00169566	0.00128191	0	0.00408214	4355.38	4465.87	5	9422	
151	152	1	7	5	3	32393	201018871	37551	201554982	0.00194576	0.00128949	0	0.00408214	5367.5	4507.9	4	9422	
152	153	1	1	1	3	138787	278141419	176082	295280987	0.000960738	0.000893854	0	0.00408214	1676.95	2889.68	5	9422	
152	153	3	2	1	3	283678	398580416	338687	428039624	0.000895724	0.000686126	0	0.00408214	1263.82	2165.63	5	9422	
152	153	2	3	7	3	275518	383322979	342035	408332186	0.000851311	0.000695839	0	0.00433214	1193.83	2188.18	5	9422	
152	153	1	4	4	3	147978	247482490	169872	252069423	0.00105323	0.000854441	0	0.00433214	1483.88	2988.51	4	9422	
152	153	1	5	6	3	232610	324097780	268724	333487555	0.000955569	0.000726232	0	0.00433214	1241	2430.35	4	9422	
152	153	1	6	2	3	42219	206496266	47529	207723906	0.00169959	0.00128198	0	0.00408214	4370.47	4467.62	5	9422	
152	153	1	7	5	3	32536	202314849	37694	202850960	0.00194976	0.00128867	0	0.00408214	5381.52	4505.56	4	9422	
153	154	1	1	1	3	139031	279457958	176225	296596126	0.000962392	0.000895376	0	0.00408214	1683.05	2896.51	5	9422	
153	154	1	2	3	3	284886	400540829	340239	430060716	0.000895794	0.000686764	0	0.00408214	1264	2166.98	5	9422	
153	154	2	3	1	3	278715	387720018	345889	412953834	0.000850524	0.000694384	0	0.00433214	1193.89	2183.33	5	9422	
153	154	1	4	4	3	148211	248828977	170089	253413903	0.00105528	0.000856376	0	0.00433214	1489.89	2995.47	4	9422	
153	154	1	5	6	3	233240	325531761	269544	334929748	0.000955975	0.000727294	0	0.00433214	1242.58	2434.3	4	9422	
153	154	1	6	2	3	42362	207806356	47672	209033996	0.00170349	0.00128203	0	0.00408214	4384.84	4468.91	5	9422	
153	154	1	7	5	3	32679	203613931	37837	204150042	0.00195373	0.00128785	0	0.00408214	5395.51	4503.01	4	9422	
154	155	1	1	1	3	139190	280792053	176368	297928541	0.000964044	0.00089689	0	0.00408214	1689.24	2903.55	5	9422	
154	155	1	2	3	3	285112	401831462	340398	431344314	0.000896714	0.0006881	0	0.00408214	1267.18	2172.34	5	9422	
154	155	1	3	7	3	279913	390622175	348474	416788690	0.00084817	0.000695374	0	0.00433214	1196.04	2182.16	5	9422	
154	155	1	4	1	3	149047	250692721	171571	255430376	0.00105223	0.000857382	0	0.00433214	1488.77	2992.56	4	9422	
154	155	1	5	6	3	233433	326861697	269700	336256996	0.000957015	0.000728632	0	0.00433214	1246.78	2440.66	4	9422	
154	155	1	6	2	3	42505	209122947	47815	210350587	0.00170737	0.00128206	0	0.00408214	4399.26	4470.13	5	9422	
154	155	1	7	5	3	32822	204943165	37979	205469854	0.00195764	0.00128702	0	0.00408214	5410.09	4501.03	4	9422	
155	156	1	1	1	3	139333	282109901	176523	299247577	0.000965628	0.000898401	0	0.00408214	1695.23	2910.26	5	9422	
155	156	1	2	1	3	287473	406131405	342988	435715191	0.000896758	0.000687449	0	0.00408214	1270.35	2170.9	5	9422	
155	156	2	3	1	3	281483	393683305	350219	419910066	0.000848873	0.000695517	0	0.00433214	1198.99	2183.58	5	9422	
155	156	1	4	4	3	150992	252868069	173667	257627259	0.00105149	0.000855126	0	0.00433214	1483.46	2984.06	4	9422	
155	156	1	5	6	3	233664	328133909	269879	337534713	0.000958175	0.000730088	0	0.00433214	1250.69	2446.39	4	9422	
155	156	1	6	2	3	42648	210467712	47970	211696612	0.00171079	0.00128221	0	0.00408214	4413.1	4471.76	5	9422	
155	156	1	7	5	3	32965	206273291	38122	206799980	0.00196155	0.00128618	0	0.00408214	5424.69	4498.99	4	9422	
156	157	1	1	1	3	139476	283457247	177132	300648460	0.00096473	0.000900079	0	0.00408214	1697.31	2914.67	5	9422	
156	157	1	2	3	3	290177	409104698	346431	438981537	0.000895485	0.00068674	0	0.00408214	1267.15	2167.9	5	9422	
156	157	2	3	1	3	282033	395572098	350778	421797840	0.000850041	0.00069671	0	0.00433214	1202.46	2188.31	5	9422	
156	157	8	4	1	3	154308	256446231	177106	261240180	0.00104956	0.000850022	0	0.00433214	1475.05	2966.56	4	9422	
156	157	1	5	6	3	234212	329519723	270670	338932503	0.000958358	0.000731147	0	0.00433214	1252.2	2450.7	4	9422	
156	157	1	6	2	3	42791	211742738	48115	212971848	0.00171455	0.00128225	0	0.00408214	4426.31	4472.24	5	9422	
156	157	1	7	5	3	33107	207573791	38265	208109902	0.00196543	0.00128534	0	0.00408214	5438.65	4496.63	4	9422	
157	158	1	1	1	3	139875	284826573	177613	302026335	0.000966093	0.000901288	0	0.00408214	1700.47	2919.64	5	9422	
157	158	1	2	3	3	290876	410863408	347151	440741865	0.000896382	0.000687843	0	0.00408214	1269.6	2172.33	5	9422	
157	158	2	3	7	3	283542	398962941	353182	425863563	0.000848945	0.000697129	0	0.00433214	1205.79	2187.2	5	9422	
157	158	8	4	1	3	155803	258201702	178775	263028831	0.00104886	0.000848788	0	0.00433214	1471.28	2963	4	9422	
157	158	8	5	2	3	235213	330953548	271760	340371786	0.000959029	0.000731545	0	0.00433214	1252.47	2453.62	4	9422	
157	158	1	6	2	3	42934	213044157	48289	214267205	0.0017172	0.00128259	0	0.00408214	4437.18	4473.07	5	9422	
157	158	1	7	5	3	33250	208921137	38408	209457248	0.00196929	0.00128449	0	0.00408214	5453.48	4494.8	4	9422	
158	159	1	1	1	3	140594	286361424	178444	303555928	0.000966543	0.000901665	0	0.00408214	1701.13	2921.55	5	9422	
158	159	1	2	3	3	291959	412536971	348277	442431441	0.000897185	0.000688443	0	0.00408214	1270.34	2175.66	5	9422	
158	159	1	3	1	3	284977	402227176	356174	430147029	0.000846286	0.000697944	0	0.00433214	1207.69	2185.49	5	9422	
158	159	8	4	1	3	158026	260089679	181620	265012312	0.00104521	0.000846353	0	0.00433214	1459.16	2951.28	4	9422	
158	159	8	5	2	3	238454	333801263	275228	343281746	0.000958532	0.000729192	0	0.00433214	1247.26	2446.82	4	9422	
158	159	1	6	2	3	43077	214348988	48436	215572456	0.00172084	0.00128263	0	0.00408214	4450.67	4473.97	5	9422	
158	159	1	7	5	3	33393	210268483	38551	210804594	0.00197311	0.00128364	0	0.00408214	5468.2	4492.94	4	9422	
159	160	1	1	1	3	140794	287656572	178609	304845851	0.00096819	0.000903257	0	0.00408214	1706.78	2927.67	5	9422	
159	160	1	2	3	3	294745	414757546	351543	444800656	0.000896563	0.000687583	0	0.00408214	1265.28	2173.43	5	9422	
159	160	2	3	1	3	287397	405055130	359430	433178325	0.000845462	0.000697512	0	0.00433214	1205.18	2182.79	5	9422	
159	160	1	4	4	3	159156	261530643	182890	266462422	0.00104538	0.000845931	0	0.00433214	1456.95	2950.05	4	9422	
159	160	1	5	6	3	239843	336258726	276764	345753374	0.000958779	0.000729243	0	0.00433214	1249.27	2447.92	4	9422	
159	160	1	6	2	3	43219	215658753	48579	216891643	0.00172461	0.00128261	0	0.00408214	4464.72	4475.11	5	9422	
159	160	1	7	5	3	33551	211558151	38694	212092687	0.0019769	0.00128278	0	0.00408214	5481.28	4490.27	4	9422	
160	161	1	1	1	3	141014	288999215	178761	306190671	0.00096982	0.000904762	0	0.00408214	1712.85	2934.52	5	9422	
160	161	3	2	1	3	296603	418710318	353556	448796310	0.000896889	0.000687345	0	0.00408214	1269.38	2174.79	5	9422	
160	161	2	3	1	3	290256	409469783	362904	438112179	0.000845014	0.000696496	0	0.00433214	1207.24	2179.78	5	9422	
160	161	1	4	4	3	159344	262833984	183114	267767817	0.00104681	0.00084759	0	0.00433214	1462.3	2956.2	4	9422	
160	161	8	5	2	3	241614	339205266	278568	348694950	0.000959073	0.000728624	0	0.00433214	1251.74	2447.28	4	9422	
160	161	1	6	2	3	43362	216995470	48722	218228360	0.00172835	0.00128259	0	0.00408214	4479.05	4476.39	5	9422	
160	161	1	7	5	3	33698	212905917	38855	213440839	0.00197975	0.00128232	0	0.00408214	5493.27	4488.84	4	9422	
161	162	1	1	1	3	141235	290277663	178908	307461349	0.000971464	0.000906265	0	0.00408214	1718.54	2940.46	5	9422	
161	162	3	2	1	3	298729	421833674	356766	452629517	0.000894878	0.000687451	0	0.00408214	1268.7	2171.81	5	9422	
161	162	2	3	1	3	292975	411435424	366185	440215465	0.000844772	0.000695666	0	0.00433214	1202.17	2177.56	5	9422	
161	162	1	4	4	3	160158	264372872	184391	269372693	0.00104528	0.000848265	0	0.00433214	1460.88	2955.78	4	9422	
161	162	1	5	6	3	243879	341269368	280868	350766567	0.000959666	0.000727566	0	0.00433214	1248.87	2445.24	4	9422	
161	162	1	6	2	3	43505	218307289	48865	219540179	0.00173207	0.00128255	0	0.00408214	4492.79	4477.2	5	9422	
161	162	1	7	5	3	33845	214221874	39003	214747867	0.00198316	0.0012816	0	0.00408214	5505.93	4486.63	4	9422	
162	163	1	1	1	3	141432	291600134	179088	308782035	0.000972969	0.000907816	0	0.00408214	1724.19	2946.8	5	9422	
162	163	1	2	3	3	300256	424843135	359402	456373413	0.000892894	0.000688172	0	0.00408214	1269.81	2170.61	5	9422	
162	163	1	3	1	3	294842	413954360	368087	442733900	0.000845822	0.000695475	0	0.00433214	1202.8	2178.83	5	9422	
162	163	1	4	4	3	161706	266824584	186086	271848011	0.00104488	0.000847117	0	0.00433214	1460.87	2951.26	4	9422	
162	163	8	5	2	3	244829	342981144	281909	352501135	0.000960246	0.000728042	0	0.00433214	1250.41	2447.91	4	9422	
162	163	1	6	2	3	43661	219634433	49008	220866040	0.00173577	0.0012825	0	0.00408214	4506.73	4478.24	5	9422	
162	163	1	7	5	3	34264	215568091	39508	216098680	0.00197561	0.00128164	0	0.00408214	5469.74	4493.59	4	9422	
163	164	7	1	1	3	141767	292956928	179720	310170385	0.000972956	0.000909016	0	0.00408214	1725.85	2950.58	5	9422	
163	164	3	2	1	3	302958	427397685	362497	459063489	0.000892776	0.000687422	0	0.00408214	1266.39	2168.66	5	9422	
163	164	1	3	7	3	295885	415447747	369247	444243634	0.000846502	0.00069595	0	0.00433214	1203.11	2181.95	5	9422	
163	164	1	4	4	3	161945	268167240	186244	273183712	0.00104654	0.000848755	0	0.00433214	1466.81	2958.11	4	9422	
163	164	8	5	2	3	245909	344562686	282998	354083806	0.000961135	0.000728449	0	0.00433214	1251.19	2450.59	4	9422	
163	164	1	6	2	3	43804	220918378	49151	222149985	0.00173945	0.00128244	0	0.00408214	4519.74	4478.6	5	9422	
163	164	1	7	5	3	34488	216866205	39678	217402043	0.00197916	0.00128091	0	0.00408214	5479.16	4491.76	4	9422	
164	165	1	1	1	3	142862	294549016	181069	311790650	0.000973175	0.000908784	0	0.00408214	1721.94	2949.52	5	9422	
164	165	3	2	1	3	305263	430228063	364871	461927306	0.000893123	0.000686736	0	0.00408214	1266	2167.9	5	9422	
164	165	2	3	1	3	297901	417347275	371318	446148493	0.000847618	0.000695795	0	0.00433214	1201.53	2182.47	5	9422	
164	165	1	4	4	3	162477	269901760	186764	274929155	0.00104779	0.000849629	0	0.00433214	1472.07	2961.8	4	9422	
164	165	1	5	6	3	247259	347002583	284377	356530564	0.000961883	0.000728492	0	0.00433214	1253.73	2451.9	4	9422	
164	165	1	6	2	3	43947	222229133	49293	223451318	0.00174308	0.00128238	0	0.00408214	4533.12	4479.31	5	9422	
164	165	1	7	5	3	34733	218162246	39821	218689766	0.00198283	0.00128007	0	0.00408214	5491.82	4489.02	4	9422	
165	166	1	1	1	3	143181	295907285	181363	313136977	0.00097519	0.000910319	0	0.00408214	1726.58	2955.29	5	9422	
165	166	3	2	1	3	307107	432832570	366761	464567246	0.00089361	0.0006865	0	0.00408214	1266.68	2168.67	5	9422	
165	166	1	3	1	3	300437	419940562	374992	449157405	0.000846045	0.000695382	0	0.00433214	1197.78	2178.43	5	9422	
165	166	1	4	4	3	162674	271188843	186956	276216130	0.00104947	0.000851314	0	0.00433214	1477.44	2967.75	4	9422	
165	166	1	5	6	3	247481	348349783	284526	357870796	0.000962887	0.000729746	0	0.00433214	1257.78	2458.01	4	9422	
165	166	1	6	2	3	44090	223517625	49482	224744903	0.00174509	0.00128281	0	0.00408214	4541.95	4479.55	5	9422	
165	166	1	7	5	3	34977	219480381	39964	219997490	0.00198647	0.00127922	0	0.00408214	5504.89	4486.66	4	9422	
166	167	7	1	1	3	144468	297820077	183544	315321724	0.000971439	0.000909542	0	0.00408214	1717.96	2948.43	5	9422	
166	167	3	2	1	3	309672	435451179	369371	467188806	0.000894196	0.000685653	0	0.00408214	1264.82	2168.14	5	9422	
166	167	2	3	7	3	302509	422829832	378359	452673032	0.000844093	0.000695394	0	0.00433214	1196.41	2175.19	5	9422	
166	167	1	4	4	3	162850	272470448	187472	277676642	0.00104898	0.000853125	0	0.00433214	1481.16	2971.43	4	9422	
166	167	1	5	6	3	247955	350064677	284984	359595078	0.000963971	0.00073101	0	0.00433214	1261.81	2462.36	4	9422	
166	167	1	6	2	3	44232	224774217	49625	226010204	0.00174871	0.00128272	0	0.00408214	4554.36	4479.53	5	9422	
166	167	1	7	5	3	35196	220783460	40113	221294932	0.0019902	0.00127833	0	0.00408214	5516.79	4484.26	4	9422	
167	168	7	1	1	3	145803	299596617	185315	317236733	0.000970512	0.000908586	0	0.00408214	1711.88	2944.96	5	9422	
167	168	3	2	1	3	312470	438123004	372271	469896944	0.000894973	0.000684853	0	0.00408214	1262.24	2166.6	5	9422	
167	168	2	3	1	3	303921	425244040	380538	455251418	0.000843423	0.000695887	0	0.00433214	1196.34	2176.17	5	9422	
167	168	1	4	4	3	163075	273777726	187652	278979531	0.00105063	0.000854716	0	0.00433214	1486.69	2977.6	4	9422	
167	168	8	5	6	3	248223	351372153	285493	361066527	0.000964206	0.000732542	0	0.00433214	1264.71	2466.62	4	9422	
167	168	5	6	2	3	44417	226132945	50065	227405492	0.00174261	0.00128516	0	0.00408214	4542.2	4480.17	5	9422	
167	168	1	7	5	3	35385	222114478	40291	222624237	0.00199292	0.0012777	0	0.00408214	5525.41	4483.11	4	9422	
168	169	1	1	1	3	146589	301042221	186105	318682738	0.00097215	0.00090888	0	0.00408214	1712.38	2947.68	5	9422	
168	169	3	2	1	3	314449	440747164	374328	472578626	0.000895673	0.000684624	0	0.00408214	1262.47	2166.6	5	9422	
168	169	2	3	7	3	306225	428756092	383989	459602551	0.000842132	0.000695824	0	0.00433214	1196.92	2172.5	5	9422	
168	169	1	4	1	3	164301	275481353	189397	280730539	0.00104836	0.000854422	0	0.00433214	1482.23	2973.77	4	9422	
168	169	1	5	6	3	249005	352940371	287896	362934062	0.000959879	0.000734612	0	0.00433214	1260.64	2464.52	4	9422	
168	169	5	6	1	3	44781	227570580	50606	228859447	0.00173488	0.00128693	0	0.00408214	4522.38	4479.77	5	9422	
168	169	1	7	5	3	35645	223426666	40697	223936548	0.00198666	0.00127986	0	0.00408214	5502.53	4487.65	4	9422	
169	170	7	1	1	3	146837	302369834	186248	319999326	0.000973707	0.000910266	0	0.00408214	1718.14	2953.91	5	9422	
169	170	1	2	1	3	317578	443389495	377632	475270481	0.00089592	0.000683353	0	0.00408214	1258.55	2164.28	5	9422	
169	170	2	3	7	3	307999	432994469	386313	464117810	0.000841892	0.000695921	0	0.00433214	1201.4	2172.77	5	9422	
169	170	1	4	4	3	165912	277179457	191095	282431904	0.00104818	0.000852906	0	0.00433214	1477.97	2969.8	4	9422	
169	170	8	5	2	3	250356	354812333	290089	364932165	0.000957776	0.000735222	0	0.00433214	1258	2462.76	4	9422	
169	170	1	6	2	3	45028	228928845	50749	230206792	0.00173845	0.00128686	0	0.00408214	4536.18	4480.99	5	9422	
169	170	1	7	5	3	35788	224715379	41315	225250558	0.00196732	0.00128922	0	0.00408214	5452.03	4496.82	4	9422	
170	171	1	1	1	3	147082	303699722	186393	321318714	0.000975292	0.000911688	0	0.00408214	1723.88	2960.13	5	9422	
170	171	1	2	3	3	319004	446016842	379144	477997631	0.000896665	0.000683505	0	0.00408214	1260.73	2165.65	5	9422	
170	171	1	3	7	3	309264	436661918	388178	468196397	0.000841501	0.00069645	0	0.00433214	1206.14	2174.22	5	9422	
170	171	8	4	1	3	168543	278937033	193864	284205871	0.00104648	0.000849312	0	0.00433214	1466.01	2960.05	4	9422	
170	171	8	5	2	3	252709	357043851	293463	367334411	0.000954883	0.000734819	0	0.00433214	1251.72	2457.03	4	9422	
170	171	1	6	2	3	45273	230286398	50892	231553635	0.00174199	0.00128679	0	0.00408214	4549.9	4482.15	5	9422	
170	171	1	7	5	3	35930	225998304	41520	226544898	0.00196794	0.0012897	0	0.00408214	5456.28	4496.01	4	9422	
171	172	1	1	1	3	147528	305343056	186938	322972646	0.000976138	0.000912414	0	0.00408214	1727.7	2962.78	5	9422	
171	172	3	2	1	3	320884	448651564	381082	480681422	0.000897252	0.000683289	0	0.00408214	1261.36	2166.28	5	9422	
171	172	2	3	1	3	310870	439284029	389929	470835007	0.000842075	0.000696471	0	0.00433214	1207.49	2175.77	5	9422	
171	172	8	4	1	3	171377	281511961	196804	286804138	0.00104496	0.000845594	0	0.00433214	1457.31	2947.9	4	9422	
171	172	1	5	6	3	253643	359056847	294486	369365944	0.000955216	0.000735209	0	0.00433214	1254.27	2459.35	4	9422	
171	172	1	6	2	3	45490	231603273	51064	232856468	0.0017455	0.00128705	0	0.00408214	4560.09	4482.61	5	9422	
171	172	1	7	5	3	36073	227309753	41795	227861555	0.00196526	0.00129161	0	0.00408214	5451.89	4497.03	4	9422	
172	173	1	1	1	3	147671	306626267	187525	324435562	0.000975354	0.000913923	0	0.00408214	1730.09	2965.74	5	9422	
172	173	3	2	1	3	322924	451252621	383157	483301440	0.000897683	0.000682838	0	0.00408214	1261.37	2166.65	5	9422	
172	173	1	3	1	3	313452	441892003	393535	473793960	0.000840865	0.000695971	0	0.00433214	1203.94	2172.62	5	9422	
172	173	1	4	4	3	172459	282989430	197981	288288194	0.0010454	0.000845225	0	0.00433214	1456.14	2948.26	4	9422	
172	173	8	5	2	3	254573	360607630	295944	370988960	0.000954607	0.000736137	0	0.00433214	1253.58	2460.26	4	9422	
172	173	1	6	2	3	45786	232907434	51492	234174411	0.00174186	0.00128792	0	0.00408214	4547.78	4482.52	5	9422	
172	173	1	7	5	3	36216	228589754	41986	229144202	0.00196654	0.00129179	0	0.00408214	5457.63	4495.63	4	9422	
173	174	1	1	1	3	147814	307953482	187752	325768639	0.00097646	0.00091531	0	0.00408214	1735.1	2971.48	5	9422	
173	174	3	2	1	3	325208	453907273	385488	485992220	0.000898147	0.000682235	0	0.00408214	1260.72	2166.17	5	9422	
173	174	1	3	7	3	314683	444327353	395155	476302177	0.000840884	0.000696295	0	0.00433214	1205.36	2174.05	5	9422	
173	174	1	4	4	3	172946	284507245	198437	289807242	0.00104664	0.000846188	0	0.00433214	1460.45	2952.36	4	9422	
173	174	1	5	2	3	256181	362853160	298064	373356364	0.000954298	0.000736431	0	0.00433214	1252.6	2458.86	4	9422	
173	174	1	6	2	3	46005	234212319	52027	235521306	0.00173464	0.00129092	0	0.00408214	4526.91	4482.66	5	9422	
173	174	1	7	5	3	36416	229900517	42144	230452049	0.00197007	0.00129099	0	0.00408214	5468.21	4493.72	4	9422	
174	175	7	1	1	3	147975	309317991	189053	327465849	0.000972108	0.000916983	0	0.00408214	1732.14	2971.05	5	9422	
174	175	3	2	1	3	327284	456533282	387604	488632416	0.000898637	0.000681849	0	0.00408214	1260.65	2165.98	5	9422	
174	175	1	3	7	3	315969	445951436	396989	478024940	0.000840736	0.000696779	0	0.00433214	1204.13	2175.57	5	9422	
174	175	1	4	4	3	173560	286465920	199014	291760392	0.00104758	0.000846771	0	0.00433214	1466.03	2955.74	4	9422	
174	175	1	5	6	3	256734	364773141	298697	375302261	0.000954959	0.000737233	0	0.00433214	1256.46	2462.45	4	9422	
174	175	1	6	1	3	46429	235526673	52440	236834871	0.00173479	0.0012898	0	0.00408214	4516.3	4482.22	5	9422	
174	175	1	7	5	3	36849	231231205	42516	231776990	0.00196777	0.00128942	0	0.00408214	5451.52	4496.12	4	9422	
175	176	7	1	1	3	148118	310607506	190696	329055432	0.000965982	0.000918745	0	0.00408214	1725.55	2968.17	5	9422	
175	176	3	2	1	3	329605	459136039	389999	491264171	0.000899159	0.000681324	0	0.00408214	1259.65	2165.66	5	9422	
175	176	2	3	1	3	317899	447710088	399021	479803164	0.000841643	0.000696602	0	0.00433214	1202.45	2176.51	5	9422	
175	176	1	4	1	3	175859	288259896	202027	293624855	0.00104337	0.000844594	0	0.00433214	1453.39	2944.98	4	9422	
175	176	8	5	2	3	259103	366666196	302064	377357627	0.000952424	0.000736622	0	0.00433214	1249.26	2457.24	4	9422	
175	176	1	6	2	3	46800	236871529	52792	238177323	0.00173572	0.00128889	0	0.00408214	4511.62	4482.62	5	9422	
175	176	1	7	5	3	36992	232556275	42661	233092953	0.00197107	0.0012887	0	0.00408214	5463.84	4494.19	4	9422	
176	177	7	1	1	3	148261	311930768	191265	330430548	0.000965351	0.000920192	0	0.00408214	1727.61	2971.91	5	9422	
176	177	1	2	3	3	332815	461464961	393318	493612264	0.000899584	0.000680065	0	0.00408214	1255	2163.36	5	9422	
176	177	1	3	7	3	318658	449136077	399891	481243731	0.000842274	0.00069736	0	0.00433214	1203.44	2179.9	5	9422	
176	177	8	4	1	3	178261	289972526	204560	295340354	0.00104235	0.000841703	0	0.00433214	1443.78	2936.86	4	9422	
176	177	1	5	6	3	261192	368342163	304335	379063907	0.000952529	0.000735769	0	0.00433214	1245.55	2455.82	4	9422	
176	177	1	6	2	3	47035	238188932	52981	239489777	0.00173933	0.00128899	0	0.00408214	4520.3	4483.13	5	9422	
176	177	1	7	5	3	37135	233888932	42823	234426576	0.00197363	0.0012883	0	0.00408214	5474.31	4492.75	4	9422	
177	178	1	1	1	3	148404	313223835	191781	331944975	0.000964991	0.000921615	0	0.00408214	1730.85	2975.29	5	9422	
177	178	3	2	1	3	334941	463431384	395535	495578475	0.000900204	0.000679723	0	0.00408214	1252.93	2163.75	5	9422	
177	178	1	3	7	3	318895	450418354	400070	482520328	0.000843207	0.00069873	0	0.00433214	1206.09	2184.4	5	9422	
177	178	8	4	1	3	180837	291867396	207236	297247176	0.00104127	0.00083858	0	0.00433214	1434.34	2928.49	4	9422	
177	178	8	5	2	3	262513	369994804	305756	380741246	0.000953176	0.000735755	0	0.00433214	1245.25	2456.76	4	9422	
177	178	1	6	2	3	47367	239559295	53324	240862525	0.00174033	0.00128841	0	0.00408214	4516.96	4483.97	5	9422	
177	178	1	7	5	3	37277	235208705	42966	235755771	0.00197704	0.00128752	0	0.00408214	5487.03	4490.82	4	9422	
178	179	1	1	1	3	148547	314512881	192233	333330371	0.000964954	0.000923013	0	0.00408214	1733.99	2979.13	5	9422	
178	179	3	2	1	3	337179	466136900	399094	498731027	0.000897912	0.000679984	0	0.00408214	1249.66	2160.56	5	9422	
178	179	1	3	7	3	319138	451716668	400246	483811937	0.000844146	0.000700094	0	0.00433214	1208.79	2189.03	5	9422	
178	179	8	4	1	3	182767	294314952	209211	299705076	0.00104087	0.00083666	0	0.00433214	1432.55	2923.74	4	9422	
178	179	1	5	6	3	263302	371873103	306706	382650611	0.00095353	0.000736393	0	0.00433214	1247.61	2459.46	4	9422	
178	179	1	6	2	3	47765	241046514	53855	242355095	0.0017354	0.0012881	0	0.00408214	4500.14	4482.25	5	9422	
178	179	1	7	5	3	37420	236556051	43109	237103117	0.00198044	0.00128672	0	0.00408214	5500.08	4489.07	4	9422	
179	180	1	1	1	3	148690	315853251	192392	334663104	0.00096637	0.00092433	0	0.00408214	1739.49	2985.17	5	9422	
179	180	3	2	1	3	339258	469636139	401719	502461257	0.00089754	0.000679943	0	0.00408214	1250.78	2159.88	5	9422	
179	180	1	3	1	3	320875	454285198	403079	486793316	0.000842829	0.000700374	0	0.00433214	1207.69	2187.51	5	9422	
179	180	1	4	4	3	183368	296011138	209861	301411515	0.0010418	0.000837434	0	0.00433214	1436.24	2927.05	4	9422	
179	180	1	5	2	3	263631	373527071	307189	384350235	0.000953969	0.000737492	0	0.00433214	1251.18	2463.84	4	9422	
179	180	1	6	2	3	47908	242367772	53998	243676353	0.00173875	0.00128803	0	0.00408214	4512.69	4483.05	5	9422	
179	180	1	7	5	3	37563	237876381	43255	238423624	0.00198367	0.00128599	0	0.00408214	5512.05	4487.08	4	9422	
180	181	1	1	1	3	148833	317200597	192535	336010450	0.000967881	0.000925647	0	0.00408214	1745.19	2991.39	5	9422	
180	181	3	2	1	3	341094	471951676	403945	504845777	0.000897394	0.000679954	0	0.00408214	1249.79	2160.48	5	9422	
180	181	2	3	7	3	322590	456732897	405219	489425860	0.000843043	0.000700564	0	0.00433214	1207.81	2186.89	5	9422	
180	181	1	4	4	3	183598	297307646	210042	302702885	0.0010433	0.000838967	0	0.00433214	1441.15	2932.63	4	9422	
180	181	1	5	6	3	263826	374879877	307375	385701916	0.000954868	0.000738754	0	0.00433214	1254.83	2469.43	4	9422	
180	181	1	6	2	3	48050	243671272	54141	244989275	0.00174208	0.00128796	0	0.00408214	4525.02	4483.77	5	9422	
180	181	1	7	5	3	37706	239204622	43464	239757374	0.001984	0.00128654	0	0.00408214	5516.23	4486.6	4	9422	
181	182	1	1	1	3	148975	318501291	192693	337322141	0.000969313	0.00092696	0	0.00408214	1750.57	2997.11	5	9422	
181	182	3	2	1	3	342825	474606926	405837	507560078	0.000897764	0.000679887	0	0.00408214	1250.65	2161.01	5	9422	
181	182	2	3	7	3	324327	460647208	408447	495112228	0.000840995	0.000700992	0	0.00433214	1212.18	2183.72	5	9422	
181	182	1	4	4	3	184138	298829624	210636	304227792	0.00104409	0.000839621	0	0.00433214	1444.33	2935.83	4	9422	
181	182	1	5	6	3	265155	377445246	308921	388328709	0.000954812	0.000738903	0	0.00433214	1257.05	2470	4	9422	
181	182	1	6	2	3	48193	244948078	54284	246266081	0.00174539	0.00128787	0	0.00408214	4536.62	4483.87	5	9422	
181	182	1	7	5	3	37902	240547518	44180	241138333	0.00196271	0.00129593	0	0.00408214	5458.09	4498.06	4	9422	
182	183	1	1	1	3	149118	319844768	192890	338671187	0.000970548	0.000928276	0	0.00408214	1755.77	3002.93	5	9422	
182	183	1	2	1	3	344417	476267507	408049	509303801	0.000897103	0.000680201	0	0.00408214	1248.14	2161.53	5	9422	
182	183	2	3	1	3	326507	465012726	412084	501112899	0.000838925	0.000700948	0	0.00433214	1216.05	2179.92	5	9422	
182	183	1	4	1	3	186191	300892929	213309	306366205	0.00104114	0.000838217	0	0.00433214	1436.26	2927.4	4	9422	
182	183	1	5	6	3	266025	378852734	310035	389759374	0.000954985	0.000739502	0	0.00433214	1257.15	2472.3	4	9422	
182	183	1	6	2	3	48336	246210430	54427	247528433	0.00174869	0.00128778	0	0.00408214	4547.9	4483.86	5	9422	
182	183	1	7	5	3	38135	241854229	44337	242431544	0.00196591	0.00129521	0	0.00408214	5467.93	4496.33	4	9422	
183	184	1	1	1	3	149261	321127066	193417	340184701	0.000970121	0.000929657	0	0.00408214	1758.81	3005.97	5	9422	
183	184	1	2	3	3	347123	478252443	410804	511292707	0.000897613	0.000679385	0	0.00408214	1244.61	2161.06	5	9422	
183	184	1	3	7	3	329660	469746857	415862	506279608	0.000838709	0.000699907	0	0.00433214	1217.42	2175.3	5	9422	
183	184	8	4	1	3	187199	302622766	214479	308104575	0.00104124	0.000838099	0	0.00433214	1436.53	2927.83	4	9422	
183	184	8	5	2	3	267562	380494487	311657	391421869	0.000955522	0.000739289	0	0.00433214	1255.94	2472.88	4	9422	
183	184	1	6	2	3	48479	247470741	54570	248788744	0.00175197	0.00128768	0	0.00408214	4559.08	4483.76	5	9422	
183	184	1	7	5	3	38303	243196629	44680	243786995	0.00196042	0.00129822	0	0.00408214	5456.29	4499.02	4	9422	
184	185	1	1	1	3	149404	322469252	193587	341529722	0.000971485	0.000930955	0	0.00408214	1764.22	3011.86	5	9422	
184	185	3	2	1	3	350066	482864330	413843	515907784	0.000897842	0.000678293	0	0.00408214	1246.63	2159.43	5	9422	
184	185	2	3	1	3	332055	473233176	419371	510551029	0.00083754	0.000699669	0	0.00433214	1217.42	2171.34	5	9422	
184	185	1	4	4	3	190324	305881749	217735	311410739	0.00104006	0.000834323	0	0.00433214	1430.23	2915.8	4	9422	
184	185	1	5	6	3	268249	381919871	312473	392860578	0.000956078	0.000739946	0	0.00433214	1257.26	2475.97	4	9422	
184	185	1	6	2	3	48622	248803214	54713	250121217	0.00175523	0.00128758	0	0.00408214	4571.51	4484.54	5	9422	
184	185	1	7	5	3	38445	244534553	44823	245134341	0.00196374	0.00129747	0	0.00408214	5468.94	4497.4	4	9422	
185	186	1	1	1	3	149547	323815126	194252	343080074	0.000970368	0.000932349	0	0.00408214	1766.16	3014.79	5	9422	
185	186	3	2	1	3	352924	485492322	416725	518543524	0.000898247	0.000677276	0	0.00408214	1244.33	2158.01	5	9422	
185	186	2	3	1	3	333880	476205574	422133	513775664	0.000836707	0.000699834	0	0.00433214	1217.09	2170.19	5	9422	
185	186	1	4	4	3	191606	307435564	219093	312982097	0.00104049	0.000833716	0	0.00433214	1428.54	2915.41	4	9422	
185	186	8	5	2	3	270583	383668138	314866	394613724	0.000956265	0.000738745	0	0.00433214	1253.28	2474.02	4	9422	
185	186	1	6	2	3	48765	250150560	54855	251459141	0.00175845	0.00128746	0	0.00408214	4584.07	4485.51	5	9422	
185	186	1	7	5	3	38588	245860375	44966	246460163	0.00196703	0.00129672	0	0.00408214	5481.03	4495.46	4	9422	
186	187	1	1	1	3	149690	325102528	194394	344358054	0.000971851	0.00093362	0	0.00408214	1771.44	3020.17	5	9422	
186	187	3	2	1	3	354955	488108359	418800	521191202	0.000898662	0.000676902	0	0.00408214	1244.49	2158.15	5	9422	
186	187	1	3	7	3	334267	477921969	422510	515494738	0.00083746	0.000700878	0	0.00433214	1220.08	2174.25	5	9422	
186	187	8	4	1	3	192676	308866059	220287	314419398	0.00104056	0.000833482	0	0.00433214	1427.32	2915.93	4	9422	
186	187	8	5	2	3	274042	386137599	318386	397095215	0.000956201	0.000736435	0	0.00433214	1247.21	2468.34	4	9422	
186	187	1	6	2	3	48908	251476416	54998	252784997	0.00176168	0.00128734	0	0.00408214	4596.26	4486.17	5	9422	
186	187	1	7	5	3	38739	247133342	45109	247732749	0.00197031	0.00129596	0	0.00408214	5491.87	4492.89	4	9422	
187	188	7	1	1	3	149833	326372377	195008	345822049	0.000970991	0.000934986	0	0.00408214	1773.37	3022.55	5	9422	
187	188	3	2	1	3	356916	490736541	420808	523852692	0.000899075	0.000676614	0	0.00408214	1244.87	2158.75	5	9422	
187	188	1	3	7	3	334568	479220762	422981	516805765	0.000837895	0.000701853	0	0.00433214	1221.82	2177.89	5	9422	
187	188	8	4	1	3	195589	312248771	223974	318155060	0.00103672	0.000830548	0	0.00433214	1420.5	2900.26	4	9422	
187	188	1	5	2	3	277167	388492051	321841	399522759	0.000955807	0.000734524	0	0.00433214	1241.37	2463.08	4	9422	
187	188	1	6	2	3	49050	252773175	55142	254091283	0.00176486	0.00128722	0	0.00408214	4607.94	4486.52	5	9422	
187	188	1	7	5	3	38882	248412129	45514	249023655	0.0019622	0.00130007	0	0.00408214	5471.36	4496.4	4	9422	
188	189	1	1	1	3	149975	327645040	196931	347466387	0.000963687	0.000936547	0	0.00408214	1764.41	3017.81	5	9422	
188	189	3	2	1	3	358521	493376746	422484	526565889	0.000899655	0.000676599	0	0.00408214	1246.36	2159.34	5	9422	
188	189	1	3	7	3	336085	481965681	425033	519690582	0.000837621	0.000702003	0	0.00433214	1222.71	2178.52	5	9422	
188	189	1	4	4	3	198374	314926672	226879	320865753	0.00103647	0.000827775	0	0.00433214	1414.26	2889.56	4	9422	
188	189	1	5	6	3	277507	390022197	322197	401054239	0.000956514	0.000735483	0	0.00433214	1244.75	2467.64	4	9422	
188	189	1	6	2	3	49193	254100847	55285	255418955	0.00176806	0.00128709	0	0.00408214	4620.04	4487.11	5	9422	
188	189	1	7	5	3	39030	249696506	45672	250308432	0.00196488	0.00129953	0	0.00408214	5480.57	4494.52	4	9422	
189	190	1	1	1	3	150118	328970330	199575	349505845	0.00095307	0.000938081	0	0.00408214	1751.25	3009.24	5	9422	
189	190	3	2	1	3	360168	496012119	424192	529261538	0.000900197	0.000676547	0	0.00408214	1247.69	2160.12	5	9422	
189	190	1	3	7	3	338662	484586823	428621	522655811	0.000836568	0.000701501	0	0.00433214	1219.39	2175.36	5	9422	
189	190	1	4	4	3	198886	316792126	227468	322739783	0.00103729	0.000828636	0	0.00433214	1418.84	2893	4	9422	
189	190	8	5	6	3	277701	391357306	322433	402393191	0.000957245	0.000736644	0	0.00433214	1247.99	2472.66	4	9422	
189	190	1	6	2	3	49498	255438659	55832	256813129	0.0017609	0.00128919	0	0.00408214	4599.75	4486.63	5	9422	
189	190	1	7	5	3	39271	251007323	45814	251600546	0.00196809	0.00129879	0	0.00408214	5491.78	4492.37	4	9422	
190	191	1	1	1	3	150276	330260756	199829	350805672	0.000954081	0.000939321	0	0.00408214	1755.53	3013.92	5	9422	
190	191	1	2	1	3	362067	498617308	426151	531928984	0.000900717	0.000676313	0	0.00408214	1248.22	2160.35	5	9422	
190	191	2	3	1	3	341026	488221763	432400	526933914	0.0008347	0.000701263	0	0.00433214	1218.63	2171.66	5	9422	
190	191	8	4	1	3	200177	318356238	228903	324317005	0.00103763	0.00082835	0	0.00433214	1416.83	2891.52	4	9422	
190	191	1	5	6	3	277905	392622189	322807	403681449	0.000957677	0.000737833	0	0.00433214	1250.53	2476.74	4	9422	
190	191	1	6	2	3	49735	256739388	56024	258108477	0.00176458	0.00128926	0	0.00408214	4607.11	4486.79	5	9422	
190	191	1	7	5	3	39516	252340608	45957	252926025	0.0019713	0.00129804	0	0.00408214	5503.54	4490.45	4	9422	
191	192	1	1	1	3	150419	331587044	200022	352137210	0.000955305	0.00094058	0	0.00408214	1760.49	3019.35	5	9422	
191	192	3	2	1	3	365148	501276443	429299	534591772	0.000901069	0.000675175	0	0.00408214	1245.27	2158.51	5	9422	
191	192	1	3	7	3	341815	490765474	433292	529502712	0.000835288	0.000701879	0	0.00433214	1222.05	2174.48	5	9422	
191	192	1	4	4	3	201448	319866285	230206	325830103	0.00103835	0.000827886	0	0.00433214	1415.38	2891.18	4	9422	
191	192	1	5	6	3	278345	393973870	323313	405037054	0.00095844	0.000738716	0	0.00433214	1252.77	2480.64	4	9422	
191	192	1	6	2	3	49893	258068965	56273	259447180	0.00176509	0.00129021	0	0.00408214	4610.51	4487.41	5	9422	
191	192	1	7	5	3	39761	253640099	46100	254226547	0.00197449	0.00129729	0	0.00408214	5514.68	4488.16	4	9422	
192	193	1	1	1	3	150562	332917632	200196	353471053	0.000956617	0.000941833	0	0.00408214	1765.62	3024.87	5	9422	
192	193	3	2	1	3	367550	503851808	432005	537339665	0.00090109	0.000674846	0	0.00408214	1243.83	2157.51	5	9422	
192	193	2	3	1	3	344616	494037084	436710	532916701	0.000834939	0.000701067	0	0.00433214	1220.3	2172.34	5	9422	
192	193	8	4	1	3	203645	321970451	232523	327967267	0.00103762	0.000825949	0	0.00433214	1410.47	2884.94	4	9422	
192	193	1	5	6	3	278896	395834174	324274	406951094	0.000958073	0.0007397	0	0.00433214	1254.96	2483.03	4	9422	
192	193	1	6	2	3	50137	259413162	56562	260786564	0.00176564	0.00129008	0	0.00408214	4610.63	4488.2	5	9422	
192	193	1	7	5	3	40077	254974528	46406	255559017	0.00197362	0.00129694	0	0.00408214	5507.03	4489.93	4	9422	
193	194	1	1	1	3	150705	334216835	200377	354764929	0.000957879	0.000943071	0	0.00408214	1770.49	3029.94	5	9422	
193	194	3	2	1	3	369029	506514252	433622	540164009	0.000901905	0.000675052	0	0.00408214	1245.7	2158.64	5	9422	
193	194	1	3	7	3	347402	497029251	440392	536282168	0.000834071	0.000700298	0	0.00433214	1217.74	2169.08	5	9422	
193	194	1	4	4	3	205404	323592688	234379	329599115	0.00103758	0.000824718	0	0.00433214	1406.27	2881.88	4	9422	
193	194	8	5	6	3	279204	397324612	324660	408452041	0.00095879	0.000740748	0	0.00433214	1258.09	2487.03	4	9422	
193	194	1	6	2	3	50370	260749237	56743	262117589	0.00176892	0.00129009	0	0.00408214	4619.38	4488.76	5	9422	
193	194	1	7	5	3	40268	256311903	46693	256903314	0.00197209	0.00129764	0	0.00408214	5501.97	4491.3	4	9422	
194	195	1	1	1	3	150848	335514511	200562	356067015	0.000959135	0.000944313	0	0.00408214	1775.35	3035.01	5	9422	
194	195	3	2	1	3	370154	509143865	434914	543020827	0.000902903	0.000675545	0	0.00408214	1248.57	2160.45	5	9422	
194	195	2	3	1	3	349746	500931523	444059	541011209	0.000832405	0.000700062	0	0.00433214	1218.33	2165.23	5	9422	
194	195	8	4	1	3	206550	325907599	235944	332041059	0.00103633	0.000824989	0	0.00433214	1407.29	2879.96	4	9422	
194	195	1	5	6	3	279508	398910050	325009	410060955	0.000959636	0.000741788	0	0.00433214	1261.69	2491.45	4	9422	
194	195	1	6	2	3	50612	262044810	56892	263412878	0.00177223	0.00129005	0	0.00408214	4630.05	4488.91	5	9422	
194	195	1	7	5	3	40411	257659249	46857	258252278	0.00197434	0.00129729	0	0.00408214	5511.5	4490.12	4	9422	
195	196	1	1	1	3	150990	336799245	200715	357362221	0.000960541	0.000945546	0	0.00408214	1780.45	3040.2	5	9422	
195	196	3	2	1	3	371927	511792779	436738	545723863	0.000903483	0.000675488	0	0.00408214	1249.55	2161.03	5	9422	
195	196	2	3	1	3	351449	504185227	446325	545062396	0.000832533	0.000700232	0	0.00433214	1221.22	2164.88	5	9422	
195	196	1	4	4	3	209554	329218918	239097	335386313	0.00103571	0.00082203	0	0.00433214	1402.72	2869.25	4	9422	
195	196	1	5	6	3	279653	400257496	325228	411402794	0.000960307	0.000742907	0	0.00433214	1264.97	2496.5	4	9422	
195	196	1	6	2	3	50855	263344885	57042	264703270	0.00177556	0.00129002	0	0.00408214	4640.5	4488.92	5	9422	
195	196	1	7	5	3	40554	258915605	47019	259509317	0.00197666	0.00129689	0	0.00408214	5519.24	4487.87	4	9422	
196	197	1	1	1	3	151133	338129144	200877	358694115	0.000961902	0.000946775	0	0.00408214	1785.64	3045.67	5	9422	
196	197	3	2	3	3	373147	514408124	438015	548401313	0.000904107	0.000675889	0	0.00408214	1252.01	2162.56	5	9422	
196	197	2	3	1	3	353236	506768835	448221	547755012	0.000833477	0.000700207	0	0.00433214	1222.06	2165.63	5	9422	
196	197	1	4	4	3	209826	330713597	241002	337247741	0.00102987	0.000824619	0	0.00433214	1399.36	2865.85	4	9422	
196	197	8	5	6	3	279918	401602999	326439	412855524	0.000958462	0.000744608	0	0.00433214	1264.72	2498.36	4	9422	
196	197	1	6	2	3	51100	264668573	57185	266016248	0.00177863	0.00128985	0	0.00408214	4651.85	4489.24	5	9422	
196	197	8	7	3	3	40697	260219466	47192	260805808	0.00197845	0.00129671	0	0.00408214	5526.48	4486.42	4	9422	
197	198	1	1	1	3	151276	339395054	201023	359960340	0.000963337	0.000947997	0	0.00408214	1790.64	3050.56	5	9422	
197	198	1	2	1	3	374554	517042233	439515	551135296	0.000904734	0.000676108	0	0.00408214	1253.96	2163.8	5	9422	
197	198	2	3	1	3	356083	509417497	451511	550488693	0.000833652	0.000699424	0	0.00433214	1219.21	2163.71	5	9422	
197	198	1	4	4	3	210797	332617872	243075	339304782	0.00102599	0.000825501	0	0.00433214	1395.89	2862.05	4	9422	
197	198	1	5	6	3	280995	404060379	329073	415576684	0.000954593	0.000745898	0	0.00433214	1262.87	2495.69	4	9422	
197	198	1	6	2	3	51345	266006844	57328	267343809	0.00178167	0.00128968	0	0.00408214	4663.41	4489.7	5	9422	
197	198	1	7	5	3	40840	261516525	47339	262102973	0.00198136	0.00129604	0	0.00408214	5536.72	4484.26	4	9422	
198	199	1	1	1	3	151419	340707957	201177	361274398	0.000964732	0.000949215	0	0.00408214	1795.8	3055.83	5	9422	
198	199	3	2	1	3	375978	519655089	441081	553903368	0.000905506	0.000676367	0	0.00408214	1255.79	2165.09	5	9422	
198	199	2	3	1	3	358715	511690257	454750	552913538	0.000833479	0.000698823	0	0.00433214	1215.86	2162.16	5	9422	
198	199	8	4	1	3	212667	335939183	245156	342658813	0.00102517	0.000824189	0	0.00433214	1397.72	2857.15	4	9422	
198	199	1	5	6	3	281561	406028098	329618	417551065	0.000955362	0.000746674	0	0.00433214	1266.77	2499.52	4	9422	
198	199	1	6	2	3	51512	267315885	57473	268650540	0.00178464	0.00128953	0	0.00408214	4674.38	4489.83	5	9422	
198	199	1	7	5	3	40982	262854449	47482	263450319	0.00198443	0.00129529	0	0.00408214	5548.43	4482.56	4	9422	
199	200	1	1	1	3	151562	342055251	201352	362625052	0.000966025	0.000950428	0	0.00408214	1800.95	3061.33	5	9422	
199	200	3	2	1	3	377831	522308294	443219	556659256	0.000905705	0.000676342	0	0.00408214	1255.95	2165.24	5	9422	
199	200	1	3	7	3	361981	514038108	458089	555275664	0.000834263	0.000697582	0	0.00433214	1212.16	2159.96	5	9422	
199	200	8	4	1	3	216207	341950255	248782	348736336	0.00102439	0.000820484	0	0.00433214	1401.77	2843.11	4	9422	
199	200	1	5	2	3	281798	407312511	330025	418921583	0.000955527	0.000747885	0	0.00433214	1269.36	2503.28	4	9422	
199	200	1	6	2	3	51845	268628881	58304	270007794	0.00176987	0.00129316	0	0.00408214	4631.03	4490.43	5	9422	
199	200	1	7	5	3	41183	264211039	47931	264825070	0.00197577	0.00129889	0	0.00408214	5525.13	4487.72	4	9422	
200	201	1	1	1	3	151705	343327140	201532	363891509	0.000967276	0.000951628	0	0.00408214	1805.63	3065.97	5	9422	
200	201	3	2	1	3	380335	524906860	445853	559299167	0.000906188	0.000675875	0	0.00408214	1254.45	2164.45	5	9422	
200	201	1	3	7	3	363875	516496694	460118	557756642	0.000834929	0.000697413	0	0.00433214	1212.2	2160.78	5	9422	
200	201	1	4	4	3	218854	344324828	251819	351208424	0.0010229	0.00081853	0	0.00433214	1394.69	2833.87	4	9422	
200	201	1	5	6	3	282241	408763871	330557	420392114	0.000956101	0.000748746	0	0.00433214	1271.77	2506.87	4	9422	
200	201	1	6	2	3	52109	269944927	58567	271321363	0.00177239	0.00129273	0	0.00408214	4632.67	4490.56	5	9422	
200	201	8	7	3	3	41326	265547468	48085	266161973	0.00197836	0.00129835	0	0.00408214	5535.24	4486.17	4	9422	
201	202	1	1	1	3	151848	344640617	201678	365205301	0.000968703	0.000952828	0	0.00408214	1810.83	3071.24	5	9422	
201	202	3	2	1	3	382692	527535754	448276	561980888	0.000906694	0.00067542	0	0.00408214	1253.65	2163.88	5	9422	
201	202	2	3	1	3	366288	518782727	462899	560140693	0.000835423	0.000697121	0	0.00433214	1210.07	2160	5	9422	
201	202	8	4	1	3	222495	348903055	255516	355821873	0.00102186	0.000814694	0	0.00433214	1392.56	2820.47	4	9422	
201	202	1	5	6	3	282492	410063633	330840	421693254	0.000956957	0.00074978	0	0.00433214	1274.61	2511.19	4	9422	
201	202	5	6	1	3	52534	271324660	58991	272710172	0.00177341	0.00129089	0	0.00408214	4622.91	4491.28	5	9422	
201	202	1	7	5	3	41469	266860433	48229	267474951	0.00198135	0.00129764	0	0.00408214	5545.94	4484.13	4	9422	
202	203	1	1	1	3	151990	345927156	201830	366502207	0.000970099	0.000954024	0	0.00408214	1815.9	3076.26	5	9422	
202	203	3	2	1	3	385729	529749226	451396	564205016	0.000906947	0.000674389	0	0.00408214	1249.91	2162.61	5	9422	
202	203	2	3	1	3	367881	520796778	465310	562338038	0.000834846	0.000697373	0	0.00433214	1208.52	2159.64	5	9422	
202	203	8	4	1	3	224249	351749713	257674	358700383	0.00102035	0.000813822	0	0.00433214	1392.07	2816.31	4	9422	
202	203	8	5	2	3	284121	412669008	332962	424380419	0.000956264	0.000749688	0	0.00433214	1274.56	2509.56	4	9422	
202	203	1	6	1	3	54429	273269618	60926	274660314	0.00174933	0.00128195	0	0.00408214	4508.1	4483.98	5	9422	
202	203	1	7	5	3	41612	268207779	48553	268829282	0.00197696	0.00130011	0	0.00408214	5536.82	4486.7	4	9422	
203	204	1	1	1	3	152133	347256067	201977	367831538	0.000971516	0.000955214	0	0.00408214	1821.16	3081.6	5	9422	
203	204	3	2	1	3	387835	532810514	453954	567503739	0.000906721	0.000674301	0	0.00408214	1250.13	2161.87	5	9422	
203	204	2	3	7	3	369385	522779324	468772	565054531	0.000832101	0.000697943	0	0.00433214	1205.39	2157.46	5	9422	
203	204	1	4	4	3	226052	353922875	259724	360897723	0.00101999	0.000812927	0	0.00433214	1389.54	2812.7	4	9422	
203	204	1	5	6	3	284998	414068251	334044	425796957	0.000956602	0.000750193	0	0.00433214	1274.67	2511.52	4	9422	
203	204	1	6	2	3	54674	274606167	61071	275986363	0.00175232	0.00128191	0	0.00408214	4519.11	4484.72	5	9422	
203	204	1	7	5	3	41755	269525756	49025	270155977	0.00196662	0.00130509	0	0.00408214	5510.58	4492.14	4	9422	
204	205	1	1	1	3	152276	348602778	202120	369178249	0.000972952	0.000956398	0	0.00408214	1826.53	3087.12	5	9422	
204	205	1	2	1	3	389444	535426801	455658	570218042	0.000907447	0.000674421	0	0.00408214	1251.42	2162.93	5	9422	
204	205	2	3	7	3	369571	524162146	471943	567993782	0.000827493	0.00069974	0	0.00433214	1203.52	2155.63	5	9422	
204	205	8	4	1	3	226788	355423627	260884	362598117	0.00101929	0.000813685	0	0.00433214	1389.88	2813.43	4	9422	
204	205	1	5	6	3	285193	415397674	334258	427136455	0.000957479	0.000751398	0	0.00433214	1277.86	2516.32	4	9422	
204	205	1	6	2	3	54907	275932669	61223	277304360	0.00175535	0.00128195	0	0.00408214	4529.41	4485.29	5	9422	
204	205	1	7	5	3	41898	270858439	49168	271488660	0.00196963	0.00130438	0	0.00408214	5521.65	4490.37	4	9422	
205	206	1	1	1	3	152419	349912234	202263	370487705	0.000974385	0.000957577	0	0.00408214	1831.71	3092.28	5	9422	
205	206	3	2	1	3	390692	538041546	456996	572929285	0.00090811	0.000674685	0	0.00408214	1253.69	2164.66	5	9422	
205	206	2	3	1	3	370693	525956057	473264	569861299	0.000827904	0.000700058	0	0.00433214	1204.11	2157.31	5	9422	
205	206	1	4	4	3	227002	356766954	261029	363934529	0.0010204	0.000814816	0	0.00433214	1394.23	2818.82	4	9422	
205	206	1	5	6	3	285511	416720587	334544	428456245	0.000958459	0.000752517	0	0.00433214	1280.72	2520.61	4	9422	
205	206	1	6	2	3	55152	277261981	61366	278622962	0.00175826	0.00128186	0	0.00408214	4540.35	4485.92	5	9422	
205	206	8	7	3	3	42093	272143634	49311	272777712	0.00197261	0.00130366	0	0.00408214	5531.78	4488.16	4	9422	
206	207	1	1	1	3	152562	351254952	202414	371831263	0.000975777	0.000958751	0	0.00408214	1836.98	3097.66	5	9422	
206	207	3	2	1	3	391793	540653018	458234	575727971	0.00090892	0.00067511	0	0.00408214	1256.41	2166.57	5	9422	
206	207	2	3	1	3	372889	529481081	476380	573593174	0.000827298	0.000699948	0	0.00433214	1204.07	2155.83	5	9422	
206	207	1	4	4	3	227234	358077229	261176	365246756	0.00102152	0.000815945	0	0.00433214	1398.47	2823.96	4	9422	
206	207	1	5	6	3	285962	418540560	335038	430282078	0.000959309	0.000753499	0	0.00433214	1284.28	2524.17	4	9422	
206	207	1	6	2	3	55388	278617905	61517	279960573	0.00176105	0.00128188	0	0.00408214	4550.95	4486.83	5	9422	
206	207	1	7	5	3	42287	273490878	49776	274143247	0.0019628	0.00130834	0	0.00408214	5507.54	4493.39	4	9422	
207	208	1	1	1	3	152705	352565028	202556	373131917	0.000977196	0.000959911	0	0.00408214	1842.12	3102.72	5	9422	
207	208	3	2	1	3	393310	543276480	459873	578491230	0.000909592	0.000675258	0	0.00408214	1257.94	2167.74	5	9422	
207	208	1	3	7	3	374854	531663816	479893	576337866	0.000825499	0.000700077	0	0.00433214	1200.97	2153.44	5	9422	
207	208	1	4	1	3	227481	359423831	261324	366583972	0.00102262	0.000817039	0	0.00433214	1402.79	2829.3	4	9422	
207	208	8	5	2	3	286105	419826412	335884	431691933	0.00095817	0.000755002	0	0.00433214	1285.24	2526.6	4	9422	
207	208	1	6	2	3	55615	279937568	61672	281272534	0.00176364	0.00128189	0	0.00408214	4560.78	4487.26	5	9422	
207	208	1	7	5	3	42430	274798089	49919	275450458	0.00196578	0.00130764	0	0.00408214	5517.95	4491.37	4	9422	
208	209	1	1	1	3	152848	353869230	202716	374437904	0.000978541	0.000961076	0	0.00408214	1847.11	3107.64	5	9422	
208	209	3	2	1	3	394457	545923528	461132	581284792	0.000910325	0.000675618	0	0.00408214	1260.56	2169.58	5	9422	
208	209	2	3	1	3	376731	534606634	482116	579333723	0.000825752	0.000699946	0	0.00433214	1201.65	2153.94	5	9422	
208	209	1	4	4	3	227719	360705243	261471	367857058	0.00102374	0.00081819	0	0.00433214	1406.88	2834.07	4	9422	
208	209	1	5	6	3	286270	421122349	336809	433122260	0.000956896	0.000756525	0	0.00433214	1285.96	2528.81	4	9422	
208	209	1	6	2	3	55778	281215725	61815	282557908	0.0017665	0.00128179	0	0.00408214	4571.02	4487.41	5	9422	
208	209	1	7	5	3	42573	276145435	50080	276799189	0.00196802	0.00130724	0	0.00408214	5527.14	4490.17	4	9422	
209	210	7	1	1	3	152990	355204012	202895	375785888	0.000979792	0.000962237	0	0.00408214	1852.12	3112.82	5	9422	
209	210	3	2	3	3	395647	548577331	462467	584125420	0.000911176	0.000676016	0	0.00408214	1263.06	2171.26	5	9422	
209	210	1	3	7	3	378412	537106153	484907	582337862	0.000824699	0.000700147	0	0.00433214	1200.93	2152.99	5	9422	
209	210	1	4	4	3	228016	362091447	261847	369250668	0.00102431	0.000819347	0	0.00433214	1410.18	2837.88	4	9422	
209	210	1	5	6	3	286474	422404404	337081	434404768	0.000957523	0.000757584	0	0.00433214	1288.73	2532.87	4	9422	
209	210	1	6	2	3	55921	282515410	61958	283857593	0.00176935	0.00128167	0	0.00408214	4581.45	4487.72	5	9422	
209	210	1	7	5	3	42763	277493461	50598	278178910	0.00195724	0.00131174	0	0.00408214	5497.82	4495.91	4	9422	
210	211	1	1	1	3	153133	356551358	203070	377136594	0.000981061	0.000963393	0	0.00408214	1857.18	3118.03	5	9422	
210	211	3	2	1	3	396770	551219326	463751	586981465	0.000912072	0.000676468	0	0.00408214	1265.73	2173.01	5	9422	
210	211	2	3	1	3	380134	538868385	486799	584130690	0.000825213	0.000700043	0	0.00433214	1199.94	2154.18	5	9422	
210	211	1	4	4	3	228165	363389510	262379	370583166	0.00102392	0.000820763	0	0.00433214	1412.4	2841.16	4	9422	
210	211	1	5	6	3	286689	423720662	337225	435717332	0.000958391	0.00075859	0	0.00433214	1292.07	2537.58	4	9422	
210	211	1	6	2	3	56064	283856235	62110	285199292	0.00177193	0.00128164	0	0.00408214	4591.84	4488.45	5	9422	
210	211	1	7	5	3	43081	278775713	50914	279452750	0.0019578	0.00131052	0	0.00408214	5488.72	4497.12	4	9422	
211	212	7	1	1	3	153276	357864671	203286	378457572	0.000982129	0.000964547	0	0.00408214	1861.7	3122.66	5	9422	
211	212	1	2	1	3	398187	553836584	465269	589709939	0.00091272	0.000676667	0	0.00408214	1267.46	2174.12	5	9422	
211	212	2	3	1	3	382049	542501026	489226	587883076	0.000825172	0.000699915	0	0.00433214	1201.66	2154.36	5	9422	
211	212	8	4	1	3	229506	365501794	263727	372689737	0.00102434	0.000820282	0	0.00433214	1413.16	2840.55	4	9422	
211	212	1	5	6	3	286868	425052606	337484	437060770	0.000959001	0.000759678	0	0.00433214	1295.06	2542.12	4	9422	
211	212	1	6	2	3	56207	285145196	62520	286518024	0.00176717	0.001284	0	0.00408214	4582.82	4488.48	5	9422	
211	212	8	7	5	3	43318	280062113	51086	280732343	0.00196104	0.00130976	0	0.00408214	5495.29	4495.44	4	9422	
212	213	1	1	1	3	153419	359150615	203463	379747086	0.000983383	0.000965693	0	0.00408214	1866.42	3127.22	5	9422	
212	213	3	2	1	3	400082	556482702	467237	592389514	0.000913152	0.000676583	0	0.00408214	1267.86	2174.05	5	9422	
212	213	2	3	7	3	383850	546140284	492722	593259250	0.00082316	0.000700144	0	0.00433214	1204.04	2151.58	5	9422	
212	213	8	4	1	3	231512	367106168	265827	374299649	0.00102414	0.000818784	0	0.00433214	1408.06	2836.77	4	9422	
212	213	1	5	2	3	287600	426419764	338562	438452163	0.000958875	0.000760297	0	0.00433214	1295.04	2544.05	4	9422	
212	213	1	6	2	3	56350	286437708	62663	287810536	0.00176998	0.00128389	0	0.00408214	4592.99	4488.62	5	9422	
212	213	1	7	5	3	43556	281361708	51247	282036206	0.00196372	0.00130903	0	0.00408214	5503.47	4493.82	4	9422	
213	214	1	1	1	3	153562	360470490	203632	381069691	0.000984673	0.000966834	0	0.00408214	1871.36	3132.11	5	9422	
213	214	3	2	1	3	403043	559100083	470269	595029511	0.000913575	0.000675739	0	0.00408214	1265.3	2172.18	5	9422	
213	214	2	3	1	3	386909	550623699	496470	598286232	0.000823048	0.000699386	0	0.00433214	1205.08	2148.29	5	9422	
213	214	8	4	1	3	235060	369369446	269473	376584941	0.00102264	0.00081521	0	0.00433214	1397.49	2826.12	4	9422	
213	214	1	5	6	3	288871	428026002	339943	440074973	0.000959163	0.000760165	0	0.00433214	1294.56	2544.79	4	9422	
213	214	1	6	2	3	56494	287760155	62805	289123456	0.00177276	0.00128376	0	0.00408214	4603.51	4489.08	5	9422	
213	214	1	7	5	3	44015	282738909	51663	283411733	0.00196054	0.00130761	0	0.00408214	5485.78	4496.42	4	9422	
214	215	1	1	1	3	153705	361751084	203797	382345776	0.000985966	0.000967961	0	0.00408214	1876.11	3136.62	5	9422	
214	215	3	2	1	3	406593	561462891	473895	597413252	0.000913754	0.00067442	0	0.00408214	1260.64	2169.81	5	9422	
214	215	1	3	7	3	389793	553129608	499606	600835550	0.000823662	0.000698658	0	0.00433214	1202.62	2146.98	5	9422	
214	215	1	4	4	3	237183	371982818	271647	379196072	0.00102238	0.000813705	0	0.00433214	1395.91	2822.33	4	9422	
214	215	1	5	6	3	289070	429377567	340129	441425271	0.000959953	0.000761181	0	0.00433214	1297.82	2549.58	4	9422	
214	215	1	6	2	3	56637	289088960	62948	290452261	0.00177555	0.00128364	0	0.00408214	4614.16	4489.62	5	9422	
214	215	1	7	5	3	44158	284083087	51806	284755911	0.00196341	0.00130694	0	0.00408214	5496.58	4494.92	4	9422	
215	216	1	1	1	3	153848	363042003	203955	383635772	0.000987306	0.00096909	0	0.00408214	1880.98	3141.2	5	9422	
215	216	3	2	1	3	409591	564358956	477338	600504644	0.000913337	0.000673728	0	0.00408214	1258.03	2166.79	5	9422	
215	216	1	3	7	3	390518	554634875	500680	602398775	0.000823866	0.000699415	0	0.00433214	1203.16	2149.55	5	9422	
215	216	1	4	4	3	239011	373577472	273563	380801963	0.00102229	0.000812613	0	0.00433214	1392.01	2819.52	4	9422	
215	216	1	5	6	3	289277	430729816	340321	442775507	0.000960814	0.000762294	0	0.00433214	1301.05	2554.34	4	9422	
215	216	1	6	2	3	56779	290374269	63091	291746992	0.00177833	0.0012835	0	0.00408214	4624.23	4489.7	5	9422	
215	216	1	7	5	3	44301	285401865	51949	286074689	0.00196626	0.00130627	0	0.00408214	5506.84	4493.16	4	9422	
216	217	1	1	1	3	153990	364379927	204126	384986058	0.000988581	0.000970216	0	0.00408214	1886.02	3146.29	5	9422	
216	217	1	2	3	3	411903	566951618	480209	603225057	0.000912793	0.000673561	0	0.00408214	1256.17	2165.62	5	9422	
216	217	1	3	7	3	390744	555964677	500899	603729111	0.000824672	0.000700601	0	0.00433214	1205.29	2153.44	5	9422	
216	217	8	4	1	3	239930	375172810	274558	382418463	0.0010228	0.000812683	0	0.00433214	1392.85	2820.54	4	9422	
216	217	8	5	2	3	292494	433202945	343751	445266595	0.000960153	0.000760228	0	0.00433214	1295.32	2548.68	4	9422	
216	217	1	6	2	3	56922	291684270	63236	293057142	0.00178103	0.00128338	0	0.00408214	4634.34	4489.98	5	9422	
216	217	1	7	5	3	44444	286749211	52092	287422035	0.0019691	0.0013056	0	0.00408214	5517.58	4491.66	4	9422	
217	218	1	1	1	3	154133	365727273	204310	386337709	0.00098979	0.000971338	0	0.00408214	1890.94	3151.28	5	9422	
217	218	3	2	1	3	413887	568925765	482296	605201676	0.000913038	0.0006733	0	0.00408214	1254.83	2166.32	5	9422	
217	218	1	3	7	3	393242	558924159	504158	606998285	0.000824225	0.000700129	0	0.00433214	1203.98	2151.66	5	9422	
217	218	1	4	4	3	240132	376526110	274882	383778991	0.00102337	0.000813768	0	0.00433214	1396.16	2825.02	4	9422	
217	218	8	5	2	3	296181	436080406	347516	448167486	0.000959925	0.000757684	0	0.00433214	1289.63	2541.36	4	9422	
217	218	1	6	2	3	57065	293009959	63387	294383549	0.00178356	0.00128331	0	0.00408214	4644.23	4490.46	5	9422	
217	218	1	7	5	3	44587	288064971	52617	288768036	0.00195755	0.00131093	0	0.00408214	5488.11	4497.17	4	9422	
218	219	1	1	1	3	154276	367074618	204470	387686839	0.000991114	0.000972453	0	0.00408214	1896.06	3156.38	5	9422	
218	219	1	2	1	3	416131	572272678	484591	608588002	0.000913405	0.000672909	0	0.00408214	1255.88	2166.33	5	9422	
218	219	1	3	7	3	394770	561079987	505884	609181586	0.000824652	0.000700171	0	0.00433214	1204.19	2153.02	5	9422	
218	219	1	4	4	3	240784	377920784	275831	385187612	0.00102313	0.000814432	0	0.00433214	1396.46	2826.69	4	9422	
218	219	8	5	2	3	297705	438728590	349796	451044498	0.000958877	0.000758026	0	0.00433214	1289.45	2539.22	4	9422	
218	219	1	6	2	3	57208	294311782	63530	295685372	0.0017863	0.00128316	0	0.00408214	4654.26	4490.7	5	9422	
218	219	1	7	5	3	44730	289333063	52760	290036128	0.00196037	0.00131027	0	0.00408214	5497.27	4494.97	4	9422	
219	220	1	1	1	3	154419	368399618	204613	389011839	0.000992518	0.000973562	0	0.00408214	1901.21	3161.33	5	9422	
219	220	3	2	1	3	417983	574899926	486487	611243109	0.000913772	0.000672756	0	0.00408214	1256.44	2166.82	5	9422	
219	220	2	3	1	3	396913	563655979	508067	611769494	0.000825389	0.000699822	0	0.00433214	1204.11	2153.22	5	9422	
219	220	1	4	4	3	241956	379308639	277078	386580438	0.00102351	0.000814151	0	0.00433214	1395.2	2826.98	4	9422	
219	220	1	5	6	3	299226	440780422	352930	453760359	0.000955368	0.000758773	0	0.00433214	1285.7	2534.63	4	9422	
219	220	1	6	2	3	57351	295639770	63673	297013360	0.00178902	0.00128301	0	0.00408214	4664.67	4491.13	5	9422	
219	220	1	7	5	3	44872	290609100	52903	291321587	0.00196318	0.00130961	0	0.00408214	5506.71	4492.87	4	9422	
220	221	1	1	1	3	154562	369714826	204780	390329567	0.000993803	0.000974668	0	0.00408214	1906.09	3166.05	5	9422	
220	221	3	2	1	3	421105	577544303	489655	613904415	0.000914214	0.00067187	0	0.00408214	1253.75	2164.77	5	9422	
220	221	2	3	1	3	400271	566757239	511953	615029752	0.000825324	0.000698691	0	0.00433214	1201.34	2150.28	5	9422	
220	221	8	4	1	3	243277	380790504	278482	388077393	0.00102377	0.000813695	0	0.00433214	1393.55	2826.69	4	9422	
220	221	1	5	6	3	301088	442548922	355949	455872039	0.000952968	0.000758814	0	0.00433214	1280.72	2530.82	4	9422	
220	221	1	6	2	3	57494	296965372	63818	298329855	0.00179163	0.00128288	0	0.00408214	4674.7	4491.47	5	9422	
220	221	8	7	3	3	45346	292009196	53396	292724407	0.001958	0.00130852	0	0.00408214	5482.14	4497.5	4	9422	
221	222	1	1	1	3	154705	371011741	204925	391617375	0.000995179	0.00097576	0	0.00408214	1911.03	3170.62	5	9422	
221	222	3	2	1	3	423835	579872030	492447	616255759	0.000914571	0.000671201	0	0.00408214	1251.42	2163.87	5	9422	
221	222	1	3	1	3	402562	569596278	515012	618187191	0.000824973	0.000698454	0	0.00433214	1200.34	2148.98	5	9422	
221	222	1	4	4	3	243719	382139507	279003	389433642	0.00102456	0.000814507	0	0.00433214	1395.8	2829.59	4	9422	
221	222	1	5	6	3	301327	443905299	356164	457226370	0.000953888	0.000759899	0	0.00433214	1283.75	2535.37	4	9422	
221	222	1	6	2	3	57637	298265183	63981	299631644	0.00179377	0.0012829	0	0.00408214	4683.13	4491.57	5	9422	
221	222	1	7	5	3	45585	293328265	53540	294034134	0.00196079	0.00130787	0	0.00408214	5491.86	4495.7	4	9422	
222	223	1	1	1	3	154848	372310442	205117	392921221	0.000996339	0.000976859	0	0.00408214	1915.6	3175.02	5	9422	
222	223	3	2	1	3	427114	582740645	495842	619159246	0.000914687	0.000670167	0	0.00408214	1248.7	2161.82	5	9422	
222	223	1	3	7	3	405149	571668788	518056	620394966	0.000825056	0.000697877	0	0.00433214	1197.54	2147.93	5	9422	
222	223	1	4	4	3	246770	385360722	282156	392675974	0.00102416	0.000812004	0	0.00433214	1391.7	2821.46	4	9422	
222	223	1	5	6	3	301564	445259047	356427	458580755	0.000954606	0.000760841	0	0.00433214	1286.6	2539.77	4	9422	
222	223	1	6	2	3	57779	299570942	64186	300953173	0.00179473	0.00128333	0	0.00408214	4688.77	4491.82	5	9422	
222	223	1	7	5	3	45830	294619830	53683	295319902	0.00196356	0.00130722	0	0.00408214	5501.18	4493.67	4	9422	
223	224	1	1	1	3	154990	373641349	205297	394265435	0.000997555	0.000977952	0	0.00408214	1920.46	3179.83	5	9422	
223	224	3	2	1	3	429554	585428018	498384	621890123	0.000915088	0.000669791	0	0.00408214	1247.81	2161.11	5	9422	
223	224	2	3	1	3	407597	573547209	520801	622328416	0.000825602	0.000697519	0	0.00433214	1194.94	2147.18	5	9422	
223	224	1	4	4	3	248963	387029006	284535	394360539	0.00102361	0.000810424	0	0.00433214	1385.98	2817.5	4	9422	
223	224	8	5	2	3	303181	447080698	359147	460578397	0.000952304	0.000760981	0	0.00433214	1282.42	2536.87	4	9422	
223	224	1	6	2	3	57922	300893884	64453	302288933	0.00179395	0.00128434	0	0.00408214	4690.07	4492.27	5	9422	
223	224	1	7	5	3	46075	295886911	53826	296582133	0.00196631	0.00130657	0	0.00408214	5510.02	4491.45	4	9422	
224	225	1	1	1	3	155133	374906288	205479	395534469	0.000998759	0.000979041	0	0.00408214	1924.94	3183.91	5	9422	
224	225	3	2	1	3	431826	588056164	500763	624581765	0.000915718	0.000669596	0	0.00408214	1247.26	2160.85	5	9422	
224	225	2	3	1	3	408874	575984943	522310	624822612	0.000826098	0.000697856	0	0.00433214	1196.27	2148.8	5	9422	
224	225	1	4	4	3	250478	388551268	286154	395889976	0.00102373	0.000809729	0	0.00433214	1383.49	2816.72	4	9422	
224	225	8	5	2	3	304302	448927439	360320	462438100	0.000952764	0.000761093	0	0.00433214	1283.41	2538.18	4	9422	
224	225	1	6	2	3	58068	302198901	64677	303602140	0.00179452	0.00128492	0	0.00408214	4694.13	4492.46	5	9422	
224	225	1	7	5	3	46237	297216906	53968	297902106	0.00196903	0.00130593	0	0.00408214	5519.98	4489.81	4	9422	
225	226	1	1	1	3	155276	376213623	205641	396843799	0.00100006	0.000980124	0	0.00408214	1929.79	3188.46	5	9422	
225	226	1	2	1	3	434050	590480223	503027	627020612	0.000916222	0.000669331	0	0.00408214	1246.49	2160.7	5	9422	
225	226	1	3	7	3	409950	577534666	523455	626379130	0.000826883	0.000698301	0	0.00433214	1196.62	2150.78	5	9422	
225	226	1	4	4	3	251114	389977579	286794	397306986	0.00102458	0.000810203	0	0.00433214	1385.34	2819.6	4	9422	
225	226	1	5	6	3	304463	450257556	360520	463781304	0.000953523	0.000762106	0	0.00433214	1286.42	2542.61	4	9422	
225	226	1	6	2	3	58332	303544117	64944	304947999	0.00179667	0.00128486	0	0.00408214	4695.55	4493.03	5	9422	
225	226	1	7	5	3	46380	298528435	54111	299213635	0.00197176	0.00130527	0	0.00408214	5529.63	4487.99	4	9422	
226	227	1	1	1	3	155419	377525136	205797	398156677	0.00100138	0.000981201	0	0.00408214	1934.71	3193.07	5	9422	
226	227	1	2	3	3	436327	592408213	505632	629008993	0.000916049	0.000669049	0	0.00408214	1244.01	2160.56	5	9422	
226	227	1	3	7	3	410688	579687332	524309	628544406	0.000827438	0.000698874	0	0.00433214	1198.81	2153.62	5	9422	
226	227	8	4	1	3	253674	392660411	289400	400003919	0.00102445	0.000808363	0	0.00433214	1382.18	2813.69	4	9422	
226	227	1	5	6	3	304621	451574738	360742	465102405	0.000954168	0.000763097	0	0.00433214	1289.29	2546.82	4	9422	
226	227	1	6	2	3	58921	304983019	65502	306383283	0.00179426	0.00128323	0	0.00408214	4677.46	4493.46	5	9422	
226	227	1	7	5	3	46522	299866359	54257	300561122	0.00197436	0.00130466	0	0.00408214	5539.58	4486.57	4	9422	
227	228	1	1	1	3	155562	378823851	205953	399456757	0.00100271	0.000982273	0	0.00408214	1939.55	3197.52	5	9422	
227	228	1	2	3	3	437995	595672169	507527	632355203	0.000916142	0.000669144	0	0.00408214	1245.95	2161.45	5	9422	
227	228	2	3	1	3	413594	583354437	527332	632260159	0.000828214	0.000698131	0	0.00433214	1198.98	2151.92	5	9422	
227	228	8	4	1	3	256340	394690497	292222	402065758	0.00102393	0.000806424	0	0.00433214	1375.89	2807.74	4	9422	
227	228	1	5	6	3	304782	452903664	360946	466434068	0.00095486	0.000764083	0	0.00433214	1292.25	2551.15	4	9422	
227	228	1	6	2	3	59168	306332393	65677	307716108	0.0017966	0.00128298	0	0.00408214	4685.29	4493.93	5	9422	
227	228	8	7	5	3	46665	301213705	54415	301909721	0.00197651	0.00130424	0	0.00408214	5548.28	4485.38	4	9422	
228	229	1	1	1	3	155705	380152186	206134	400779765	0.0010039	0.000983336	0	0.00408214	1944.27	3202.06	5	9422	
228	229	1	2	3	3	438409	597041460	507962	633737916	0.000916759	0.000670033	0	0.00408214	1247.61	2164.94	5	9422	
228	229	1	3	1	3	416083	586929275	530984	636495744	0.000827258	0.000697857	0	0.00433214	1198.71	2149.25	5	9422	
228	229	8	4	1	3	259527	397831178	295538	405242936	0.00102326	0.000803813	0	0.00433214	1371.2	2798.84	4	9422	
228	229	1	5	6	3	304967	454209106	361099	467737374	0.000955657	0.000765026	0	0.00433214	1295.32	2555.43	4	9422	
228	229	1	6	2	3	59538	307674605	66173	309071163	0.00179248	0.00128333	0	0.00408214	4670.65	4493.74	5	9422	
228	229	1	7	5	3	46902	302566666	54944	303281648	0.00196628	0.00130872	0	0.00408214	5519.83	4491.6	4	9422	
229	230	1	1	1	3	155848	381462044	206330	402095188	0.00100502	0.000984404	0	0.00408214	1948.8	3206.38	5	9422	
229	230	3	2	1	3	441003	600500184	510843	637338684	0.000916713	0.000669661	0	0.00408214	1247.62	2164.09	5	9422	
229	230	2	3	1	3	417423	589303753	534151	639701255	0.000825066	0.000698389	0	0.00433214	1197.6	2147.56	5	9422	
229	230	8	4	1	3	261841	400317193	297893	407737770	0.00102301	0.000802202	0	0.00433214	1368.74	2794.13	4	9422	
229	230	1	5	2	3	305202	455558472	361268	469081350	0.000956466	0.000765988	0	0.00433214	1298.43	2559.93	4	9422	
229	230	1	6	2	3	59780	309002263	66326	310398957	0.00179521	0.00128321	0	0.00408214	4679.9	4494.06	5	9422	
229	230	1	7	5	3	47140	303910231	55124	304621116	0.0019688	0.00130811	0	0.00408214	5526.11	4490.76	4	9422	
230	231	1	1	1	3	155990	382783865	206507	403430001	0.00100624	0.000985465	0	0.00408214	1953.59	3210.97	5	9422	
230	231	3	2	1	3	443162	603483411	514485	641124060	0.000914491	0.000670096	0	0.00408214	1246.15	2161.36	5	9422	
230	231	2	3	1	3	420029	591798750	537699	642449717	0.000824503	0.000698028	0	0.00433214	1194.81	2145.47	5	9422	
230	231	8	4	1	3	265476	402837941	301605	410272053	0.00102186	0.000799	0	0.00433214	1360.3	2784.15	4	9422	
230	231	1	5	6	3	305347	456823046	361532	470344423	0.000956956	0.000766979	0	0.00433214	1300.98	2563.58	4	9422	
230	231	1	6	2	3	60005	310347428	66469	311735512	0.0017978	0.00128305	0	0.00408214	4689.94	4494.45	5	9422	
230	231	1	7	5	3	47641	305268418	55565	305976181	0.0019654	0.00130671	0	0.00408214	5506.64	4494.84	4	9422	
231	232	1	1	1	3	156133	384096349	206682	404745845	0.00100746	0.000986521	0	0.00408214	1958.3	3215.35	5	9422	
231	232	3	2	1	3	445240	606493979	516612	644165565	0.00091481	0.000669893	0	0.00408214	1246.9	2161.52	5	9422	
231	232	1	3	7	3	420976	594146347	539138	644923526	0.000824407	0.000698535	0	0.00433214	1196.21	2147.01	5	9422	
231	232	1	4	4	3	266779	405412937	302973	412872819	0.00102195	0.00079872	0	0.00433214	1362.74	2783.52	4	9422	
231	232	8	5	6	3	305795	458203799	362583	471776791	0.000956173	0.000767967	0	0.00433214	1301.16	2565.59	4	9422	
231	232	1	6	2	3	60148	311694774	66612	313082858	0.00180038	0.00128288	0	0.00408214	4700.1	4494.97	5	9422	
231	232	1	7	5	3	47784	306606081	55752	307306479	0.00196645	0.00130676	0	0.00408214	5512.03	4494.21	4	9422	
232	233	1	1	1	3	156276	385405201	206830	406055222	0.00100881	0.00098757	0	0.00408214	1963.23	3219.84	5	9422	
232	233	1	2	1	3	447654	609124313	519088	646820638	0.000915221	0.000669535	0	0.00408214	1246.07	2160.76	5	9422	
232	233	1	3	7	3	423163	596102599	541464	646897641	0.000825	0.000698194	0	0.00433214	1194.72	2147.04	5	9422	
232	233	8	4	1	3	269528	409903955	305927	417451615	0.00102157	0.000797034	0	0.00433214	1364.55	2775.76	4	9422	
232	233	1	5	6	3	306259	459570542	363137	473157798	0.00095677	0.000768653	0	0.00433214	1302.97	2569.02	4	9422	
232	233	1	6	2	3	60291	313042120	66767	314431356	0.00180263	0.00128281	0	0.00408214	4709.38	4495.47	5	9422	
232	233	1	7	5	3	47927	307896020	55922	308599709	0.00196814	0.00130653	0	0.00408214	5518.4	4492.75	4	9422	
233	234	1	1	1	3	156419	386742436	206985	407393717	0.00101013	0.000988616	0	0.00408214	1968.23	3224.54	5	9422	
233	234	1	2	3	3	448215	610677207	519626	648364966	0.000915752	0.000670226	0	0.00408214	1247.75	2163.71	5	9422	
233	234	2	3	1	3	424032	598434879	542508	649257563	0.000825451	0.000698712	0	0.00433214	1196.77	2149.45	5	9422	
233	234	8	4	4	3	272469	414558394	309449	422567541	0.00101956	0.000795266	0	0.00433214	1365.55	2765.51	4	9422	
233	234	1	5	2	3	307335	461157368	364288	474753096	0.000957275	0.000768719	0	0.00433214	1303.24	2570.48	4	9422	
233	234	1	6	2	3	60434	314352534	66913	315742085	0.00180511	0.00128266	0	0.00408214	4718.7	4495.56	5	9422	
233	234	8	7	3	3	48069	309213606	56078	309924956	0.00197031	0.00130609	0	0.00408214	5526.68	4491.37	4	9422	
234	235	1	1	1	3	156562	388083347	207143	408736203	0.00101143	0.000989657	0	0.00408214	1973.21	3229.23	5	9422	
234	235	3	2	1	3	450651	614383532	522600	652225111	0.000915233	0.000670041	0	0.00408214	1248.04	2162.71	5	9422	
234	235	1	3	7	3	425716	600556138	544938	651658981	0.000825192	0.000698899	0	0.00433214	1195.84	2149.35	5	9422	
234	235	8	4	1	3	275384	417851666	312791	426115081	0.00101809	0.000793476	0	0.00433214	1362.3	2757.39	4	9422	
234	235	1	5	6	3	308118	462853759	365168	476477702	0.00095771	0.000769078	0	0.00433214	1304.82	2572.07	4	9422	
234	235	1	6	2	3	60896	315925691	67473	317313489	0.00180013	0.00128248	0	0.00408214	4702.82	4494	5	9422	
234	235	1	7	5	3	48212	310540451	56243	311252726	0.00197216	0.00130579	0	0.00408214	5534.07	4490.18	4	9422	
235	236	1	1	1	3	156705	389411668	207286	410055207	0.00101279	0.000990686	0	0.00408214	1978.21	3233.82	5	9422	
235	236	1	2	3	3	452397	616395397	524416	654267967	0.000915596	0.000669985	0	0.00408214	1247.61	2163.66	5	9422	
235	236	1	3	7	3	425968	601907179	545112	653001914	0.000825815	0.000699763	0	0.00433214	1197.92	2153.1	5	9422	
235	236	8	4	1	3	278310	421838687	316191	430396969	0.00101706	0.000791893	0	0.00433214	1361.19	2748.24	4	9422	
235	236	1	5	6	3	308360	464126286	365503	477755710	0.000958264	0.000769987	0	0.00433214	1307.12	2575.5	4	9422	
235	236	1	6	2	3	61039	317273037	67894	318692103	0.00179529	0.00128485	0	0.00408214	4693.97	4494.88	5	9422	
235	236	1	7	5	3	48355	311880219	56386	312592494	0.00197477	0.00130515	0	0.00408214	5543.8	4488.68	4	9422	
236	237	1	1	1	3	156848	390738562	207462	411385566	0.001014	0.00099172	0	0.00408214	1982.94	3238.26	5	9422	
236	237	3	2	1	3	452663	617739662	524754	655618987	0.000916088	0.000670835	0	0.00408214	1249.38	2167.16	5	9422	
236	237	1	3	7	3	426589	604036098	546069	655386771	0.000825961	0.000700506	0	0.00433214	1200.19	2155.49	5	9422	
236	237	1	4	4	3	280236	424187427	318274	432770291	0.00101714	0.00079114	0	0.00433214	1359.74	2745.49	4	9422	
236	237	1	5	6	3	308900	465810839	366155	479465076	0.000958688	0.000770592	0	0.00433214	1309.46	2578.29	4	9422	
236	237	1	6	2	3	61181	318591929	68040	320020732	0.00179774	0.00128471	0	0.00408214	4703.42	4495.18	5	9422	
236	237	1	7	5	3	48498	313165405	56529	313877680	0.00197736	0.00130452	0	0.00408214	5552.51	4486.61	4	9422	
237	238	1	1	1	3	156990	392018799	207632	412678060	0.00101523	0.00099275	0	0.00408214	1987.55	3242.35	5	9422	
237	238	3	2	1	3	456241	620648184	528471	658561912	0.000915919	0.000669585	0	0.00408214	1246.16	2164.57	5	9422	
237	238	2	3	7	3	428120	607315961	548246	659272042	0.000825778	0.000700802	0	0.00433214	1202.51	2155.43	5	9422	
237	238	8	4	1	3	283419	426735260	321589	435343791	0.00101648	0.000788897	0	0.00433214	1353.73	2738.21	4	9422	
237	238	8	5	2	3	309050	467128580	366631	480793609	0.000958619	0.000771672	0	0.00433214	1311.38	2581.61	4	9422	
237	238	1	6	2	3	61324	319876651	68552	321376515	0.00179057	0.00128784	0	0.00408214	4688.07	4495.05	5	9422	
237	238	1	7	5	3	48641	314455085	56714	315168918	0.00197848	0.00130451	0	0.00408214	5557.16	4485.5	4	9422	
238	239	1	1	1	3	157133	393334595	207782	413994591	0.00101657	0.000993773	0	0.00408214	1992.45	3246.8	5	9422	
238	239	1	2	3	3	460126	624905248	532471	662863224	0.000915846	0.000668195	0	0.00408214	1244.88	2161	5	9422	
238	239	2	3	7	3	429915	609826989	551924	662690775	0.000823756	0.00070113	0	0.00433214	1200.69	2152.91	5	9422	
238	239	1	4	1	3	286685	429032695	325061	437668676	0.00101573	0.00078657	0	0.00433214	1346.42	2730.97	4	9422	
238	239	8	5	2	3	310345	468585779	368040	482259122	0.00095898	0.000771492	0	0.00433214	1310.34	2582.37	4	9422	
238	239	5	6	1	3	61841	321410963	69403	323029735	0.00177994	0.00128874	0	0.00408214	4654.41	4491.87	5	9422	
238	239	1	7	5	3	48784	315780419	56856	316488040	0.00198103	0.00130388	0	0.00408214	5566.48	4483.91	4	9422	
239	240	1	1	1	3	157276	394647701	207953	415310637	0.00101779	0.000994794	0	0.00408214	1997.14	3251.06	5	9422	
239	240	1	2	1	3	461629	627541289	534076	665607937	0.000916364	0.000668314	0	0.00408214	1246.28	2161.88	5	9422	
239	240	1	3	7	3	432178	613774875	554844	667071875	0.000823585	0.00070087	0	0.00433214	1202.27	2151.83	5	9422	
239	240	8	4	1	3	288961	430587727	327445	439223398	0.00101536	0.000785221	0	0.00433214	1341.37	2727.79	4	9422	
239	240	8	5	2	3	311769	470263038	371092	484188813	0.000955652	0.000772131	0	0.00433214	1304.77	2578.33	4	9422	
239	240	5	6	1	3	63982	323353689	71924	325051720	0.00174786	0.00128265	0	0.00408214	4519.38	4486.03	5	9422	
239	240	1	7	5	3	48927	317062993	56999	317767404	0.00198358	0.00130324	0	0.00408214	5574.96	4481.78	4	9422	
240	241	1	1	1	3	157419	395964256	208099	416627507	0.00101914	0.000995809	0	0.00408214	2002.06	3255.47	5	9422	
240	241	3	2	1	3	463586	630171857	536134	668303018	0.000916842	0.000668228	0	0.00408214	1246.52	2161.92	5	9422	
240	241	2	3	1	3	433514	616799303	557388	671092085	0.000822542	0.000701284	0	0.00433214	1203.99	2151.4	5	9422	
240	241	1	4	4	3	289858	431979160	328381	440618050	0.00101589	0.000785351	0	0.00433214	1341.79	2729.61	4	9422	
240	241	8	5	2	3	314651	472532329	374587	486569200	0.000954635	0.000770844	0	0.00433214	1298.95	2572.64	4	9422	
240	241	1	6	2	3	65435	325331350	73334	327023021	0.00173539	0.00127699	0	0.00408214	4459.36	4478.63	5	9422	
240	241	1	7	5	3	49069	318349733	57142	319063566	0.00198613	0.0013026	0	0.00408214	5583.7	4479.88	4	9422	
241	242	1	1	1	3	157562	397217518	208257	417882344	0.00102043	0.00099682	0	0.00408214	2006.57	3259.27	5	9422	
241	242	3	2	1	3	465609	632439689	538272	670624448	0.000917171	0.000668051	0	0.00408214	1245.88	2162.1	5	9422	
241	242	2	3	1	3	435409	621460284	560358	676632785	0.000821896	0.000701444	0	0.00433214	1207.5	2150.34	5	9422	
241	242	8	4	4	3	290150	433302160	328674	441950224	0.00101683	0.000786271	0	0.00433214	1344.65	2733.49	4	9422	
241	242	8	5	2	3	315836	474603338	375887	488657189	0.000954939	0.000770839	0	0.00433214	1300.01	2573.53	4	9422	
241	242	1	6	2	3	65667	326646184	73479	328319403	0.00173776	0.00127699	0	0.00408214	4468.21	4479.19	5	9422	
241	242	1	7	5	3	49294	319639738	57285	320346951	0.00198866	0.00130195	0	0.00408214	5592.16	4477.84	4	9422	
242	243	1	1	1	3	157705	398530095	208430	419188754	0.00102162	0.000997822	0	0.00408214	2011.17	3263.44	5	9422	
242	243	3	2	1	3	466715	633867534	539406	672065227	0.000917671	0.000668348	0	0.00408214	1245.94	2164.04	5	9422	
242	243	1	3	7	3	437479	624795775	563417	681204875	0.000821223	0.000701346	0	0.00433214	1209.06	2149.23	5	9422	
242	243	1	4	4	3	291646	435610784	330209	444255501	0.00101708	0.000785986	0	0.00433214	1345.38	2732.91	4	9422	
242	243	1	5	6	3	316055	475958425	376241	490025156	0.000955386	0.000771763	0	0.00433214	1302.42	2577.35	4	9422	
242	243	1	6	2	3	65912	327951330	73622	329613839	0.00174021	0.00127695	0	0.00408214	4477.11	4479.67	5	9422	
242	243	1	7	5	3	49437	320924811	57428	321632024	0.00199118	0.00130131	0	0.00408214	5600.61	4475.71	4	9422	
243	244	1	1	1	3	157848	399862704	208608	420525038	0.00102281	0.000998827	0	0.00408214	2015.86	3267.78	5	9422	
243	244	3	2	1	3	468751	637376350	542063	676162191	0.00091708	0.000668425	0	0.00408214	1247.39	2163.14	5	9422	
243	244	2	3	1	3	440129	628325567	566182	684749575	0.000821905	0.00070078	0	0.00433214	1209.42	2148.67	5	9422	
243	244	1	4	4	3	291935	437046365	330615	445760360	0.0010176	0.000786895	0	0.00433214	1348.28	2736.22	4	9422	
243	244	1	5	2	3	316770	477724091	377051	491811587	0.000955846	0.000772258	0	0.00433214	1304.36	2579.7	4	9422	
243	244	1	6	2	3	66323	329540568	74417	331294875	0.00172997	0.00127908	0	0.00408214	4451.87	4475.88	5	9422	
243	244	1	7	5	3	49580	322245860	57571	322953073	0.00199368	0.00130066	0	0.00408214	5609.65	4473.95	4	9422	
244	245	1	1	1	3	157990	401200628	208774	421874799	0.00102405	0.000999827	0	0.00408214	2020.72	3272.28	5	9422	
244	245	3	2	1	3	471156	640690077	544568	679540828	0.000917228	0.00066798	0	0.00408214	1247.85	2162.33	5	9422	
244	245	2	3	1	3	442763	633083280	569763	690604190	0.000821365	0.000700374	0	0.00433214	1212.09	2146.22	5	9422	
244	245	8	4	1	3	293505	438651122	332693	447427291	0.00101627	0.000786644	0	0.00433214	1344.87	2734.18	4	9422	
244	245	8	5	2	3	318959	479609825	379445	493720977	0.000955962	0.000771292	0	0.00433214	1301.17	2577.46	4	9422	
244	245	1	6	2	3	66466	330814119	74563	332568717	0.00173234	0.00127908	0	0.00408214	4460.24	4476.16	5	9422	
244	245	1	7	5	3	49723	323527266	57714	324234479	0.00199618	0.00130001	0	0.00408214	5617.95	4471.84	4	9422	
245	246	1	1	1	3	158133	402532269	208921	423206860	0.00102538	0.00100082	0	0.00408214	2025.68	3276.72	5	9422	
245	246	1	2	1	3	473451	643298570	546902	682170570	0.000917605	0.00066765	0	0.00408214	1247.34	2162.33	5	9422	
245	246	2	3	1	3	445448	635629680	572539	693206540	0.000822197	0.000699858	0	0.00433214	1210.76	2145.64	5	9422	
245	246	1	4	1	3	296531	440625689	335915	449428357	0.00101538	0.000784545	0	0.00433214	1337.92	2728.31	4	9422	
245	246	1	5	6	3	320048	481159400	381599	495459368	0.00095405	0.000771803	0	0.00433214	1298.38	2576.23	4	9422	
245	246	1	6	2	3	66672	332150897	75084	334113155	0.00172712	0.00128138	0	0.00408214	4449.86	4473.63	5	9422	
245	246	8	7	5	3	49866	324848625	58210	325570963	0.00198648	0.00130469	0	0.00408214	5593.04	4477.34	4	9422	
246	247	1	1	1	3	158276	403851536	209080	424527807	0.00102665	0.00100181	0	0.00408214	2030.46	3281	5	9422	
246	247	1	2	1	3	474355	645452504	548055	684381076	0.00091766	0.000668239	0	0.00408214	1248.75	2164.42	5	9422	
246	247	1	3	7	3	447228	638125757	574429	695721099	0.000822694	0.00069971	0	0.00433214	1211.15	2146.55	5	9422	
246	247	8	4	1	3	298977	442917959	338536	451735095	0.00101478	0.000783135	0	0.00433214	1334.38	2724.26	4	9422	
246	247	8	5	2	3	321911	482734871	383700	497064642	0.000953906	0.000771161	0	0.00433214	1295.45	2575.12	4	9422	
246	247	1	6	2	3	66882	333485331	75317	335449826	0.00172895	0.00128165	0	0.00408214	4453.84	4474.3	5	9422	
246	247	1	7	5	3	50009	326155624	58445	326882034	0.00198584	0.00130542	0	0.00408214	5592.99	4477.34	4	9422	
247	248	1	1	1	3	158419	405161189	209233	425838510	0.00102795	0.0010028	0	0.00408214	2035.24	3285.18	5	9422	
247	248	1	2	3	3	476873	647812092	551111	686913648	0.00091717	0.000667994	0	0.00408214	1246.42	2163	5	9422	
247	248	2	3	1	3	448443	640995278	575748	698672935	0.000823307	0.00069991	0	0.00433214	1213.5	2148.1	5	9422	
247	248	1	4	4	3	300763	444672414	340472	453508339	0.00101486	0.000782566	0	0.00433214	1332	2722.34	4	9422	
247	248	1	5	6	3	322587	484125475	384407	498457781	0.000954605	0.000771664	0	0.00433214	1296.69	2577.72	4	9422	
247	248	1	6	1	3	67128	334814206	75475	336769543	0.00173165	0.0012818	0	0.00408214	4462	4474.96	5	9422	
247	248	1	7	5	3	50169	327477402	58588	328212272	0.00198831	0.00130478	0	0.00408214	5602.04	4475.72	4	9422	
248	249	1	1	1	3	158562	406489116	209405	427169482	0.00102916	0.00100378	0	0.00408214	2039.92	3289.4	5	9422	
248	249	1	2	3	3	477982	649360596	552306	688471913	0.000917634	0.000668358	0	0.00408214	1246.54	2165.01	5	9422	
248	249	2	3	1	3	450844	643482834	578196	701177472	0.000823955	0.000699428	0	0.00433214	1212.7	2148.01	5	9422	
248	249	1	4	4	3	301684	446076188	341442	454924586	0.00101562	0.000782851	0	0.00433214	1332.36	2723.54	4	9422	
248	249	1	5	6	3	322825	485481715	384595	499809485	0.000955566	0.000772817	0	0.00433214	1299.57	2581.88	4	9422	
248	249	1	6	2	3	67373	336134609	75629	338071074	0.00173408	0.00128169	0	0.00408214	4470.12	4475.5	5	9422	
248	249	1	7	5	3	50338	328826708	58738	329560087	0.0019908	0.00130411	0	0.00408214	5610.68	4474.37	4	9422	
249	250	1	1	1	3	158705	407798212	209574	428471991	0.00103036	0.00100475	0	0.00408214	2044.49	3293.45	5	9422	
249	250	3	2	1	3	480455	652484748	555182	691806668	0.000917256	0.000668032	0	0.00408214	1246.09	2164.38	5	9422	
249	250	1	3	1	3	453754	646095419	581871	704066620	0.000823689	0.000698849	0	0.00433214	1210	2145.83	5	9422	
249	250	8	4	1	3	304589	449218201	344446	458100760	0.00101535	0.000781087	0	0.00433214	1329.96	2717.84	4	9422	
249	250	1	5	6	3	323023	486759131	384822	501087696	0.00095634	0.000773781	0	0.00433214	1302.13	2585.43	4	9422	
249	250	1	6	2	3	67618	337443932	75772	339369687	0.00173647	0.00128166	0	0.00408214	4478.83	4475.94	5	9422	
249	250	1	7	5	3	50481	330168627	58881	330902006	0.00199325	0.00130347	0	0.00408214	5619.84	4472.81	4	9422	
250	251	1	1	1	3	158848	409113608	209747	429790537	0.00103156	0.00100573	0	0.00408214	2049.09	3297.52	5	9422	
250	251	3	2	1	3	482582	656443421	558300	696773487	0.000916088	0.000668245	0	0.00408214	1248.03	2162.96	5	9422	
250	251	1	3	7	3	455678	648492066	583888	706492481	0.000824271	0.000698713	0	0.00433214	1209.98	2145.74	5	9422	
250	251	8	4	1	3	308235	451718728	348150	460610757	0.00101462	0.000778509	0	0.00433214	1323.02	2710.02	4	9422	
250	251	1	5	6	3	323527	488338135	385413	502674894	0.000956795	0.000774366	0	0.00433214	1304.25	2588.12	4	9422	
250	251	1	6	2	3	67862	338707352	75915	340631819	0.00173885	0.00128162	0	0.00408214	4487.02	4476.04	5	9422	
250	251	1	7	5	3	50624	331467780	59024	332201159	0.00199569	0.00130283	0	0.00408214	5628.24	4470.8	4	9422	
251	252	1	1	1	3	158990	410417224	209913	431105990	0.00103278	0.0010067	0	0.00408214	2053.74	3301.59	5	9422	
251	252	3	2	1	3	484472	659103515	560361	699508085	0.000916353	0.000668179	0	0.00408214	1248.32	2163.38	5	9422	
251	252	2	3	1	3	456438	650120308	585102	708290377	0.000824221	0.000699302	0	0.00433214	1210.54	2147.36	5	9422	
251	252	8	4	1	3	311531	454249149	351574	463168959	0.00101408	0.000776382	0	0.00433214	1317.42	2703.13	4	9422	
251	252	1	5	6	3	324122	489971340	386255	504389446	0.000956809	0.000774989	0	0.00433214	1305.85	2590.05	4	9422	
251	252	1	6	2	3	68086	340020861	76058	341936823	0.00174122	0.00128158	0	0.00408214	4495.74	4476.48	5	9422	
251	252	1	7	5	3	50767	332766083	59167	333499462	0.00199812	0.00130219	0	0.00408214	5636.58	4468.85	4	9422	
252	253	1	1	1	3	159133	411675654	210057	432364525	0.00103412	0.00100767	0	0.00408214	2058.32	3305.28	5	9422	
252	253	3	2	1	3	485899	661736695	561854	702221540	0.000916759	0.000668266	0	0.00408214	1249.83	2164.44	5	9422	
252	253	2	3	1	3	458668	653028514	588767	711831025	0.000822892	0.000699201	0	0.00433214	1209.02	2144.77	5	9422	
252	253	1	4	1	3	313729	456301283	353863	465235454	0.0010142	0.000775488	0	0.00433214	1314.73	2700.44	4	9422	
252	253	1	5	6	3	324362	491288311	386399	505699974	0.000957573	0.000775854	0	0.00433214	1308.75	2594.01	4	9422	
252	253	1	6	2	3	68229	341368207	76201	343284169	0.00174359	0.00128154	0	0.00408214	4504.98	4477.36	5	9422	
252	253	8	7	3	3	50910	334081994	59397	334810525	0.00199755	0.00130286	0	0.00408214	5636.83	4468.97	4	9422	
253	254	1	1	1	3	159276	413013021	210222	433704202	0.00103535	0.00100863	0	0.00408214	2063.08	3309.53	5	9422	
253	254	1	2	1	3	488334	664261974	564384	704794615	0.000917107	0.000667913	0	0.00408214	1248.79	2163.72	5	9422	
253	254	2	3	7	3	460646	656269948	591149	715204019	0.000823085	0.00069906	0	0.00433214	1209.85	2144.78	5	9422	
253	254	8	4	1	3	315648	458031380	355833	466962207	0.00101443	0.000774789	0	0.00433214	1312.31	2698.56	4	9422	
253	254	1	5	6	3	324596	492621181	386557	507036703	0.000958362	0.00077676	0	0.00433214	1311.67	2598.11	4	9422	
253	254	1	6	2	3	68372	342715553	76348	344631935	0.00174585	0.00128152	0	0.00408214	4513.96	4478.21	5	9422	
253	254	1	7	5	3	51053	335392769	59601	336124837	0.00199791	0.00130313	0	0.00408214	5639.58	4468.37	4	9422	
254	255	1	1	1	3	159419	414358326	210381	435051187	0.0010366	0.00100959	0	0.00408214	2067.92	3313.85	5	9422	
254	255	3	2	1	3	490784	666993558	566906	707562270	0.000917371	0.000667495	0	0.00408214	1248.11	2163.16	5	9422	
254	255	2	3	1	3	462417	659365735	594083	719194704	0.000822184	0.000699161	0	0.00433214	1210.6	2143.66	5	9422	
254	255	8	4	1	3	318080	459823493	358806	468813777	0.00101306	0.00077385	0	0.00433214	1306.59	2693.81	4	9422	
254	255	8	5	2	3	325912	494119919	388913	508698545	0.000956695	0.000777053	0	0.00433214	1308	2596.17	4	9422	
254	255	1	6	2	3	68515	344008740	76501	345926172	0.00174796	0.00128154	0	0.00408214	4521.85	4478.5	5	9422	
254	255	8	7	3	3	51614	336704585	60333	337452903	0.00198728	0.0013035	0	0.00408214	5593.17	4478.43	4	9422	
255	256	1	1	1	3	159562	415696040	210524	436388901	0.00103794	0.00101054	0	0.00408214	2072.87	3318.18	5	9422	
255	256	3	2	3	3	492558	669626795	568742	710242722	0.00091767	0.000667427	0	0.00408214	1248.8	2163.56	5	9422	
255	256	2	3	7	3	465505	661957702	597488	721921771	0.000822591	0.000698409	0	0.00433214	1208.26	2141.97	5	9422	
255	256	1	4	4	3	319338	461327575	360117	470333376	0.00101342	0.000773789	0	0.00433214	1306.06	2694.1	4	9422	
255	256	8	5	2	3	326682	495780727	390294	510571740	0.00095596	0.000777643	0	0.00433214	1308.17	2596.37	4	9422	
255	256	1	6	2	3	68658	345334688	76700	347248840	0.00174898	0.00128189	0	0.00408214	4527.36	4479.04	5	9422	
255	256	1	7	5	3	51809	338009657	60593	338761107	0.00198717	0.00130382	0	0.00408214	5590.76	4478.85	4	9422	
256	257	1	1	1	3	159705	417034249	210666	437717688	0.00103926	0.00101148	0	0.00408214	2077.78	3322.47	5	9422	
256	257	3	2	1	3	493830	672240430	570104	712970208	0.000918152	0.000667619	0	0.00408214	1250.6	2164.84	5	9422	
256	257	1	3	1	3	467951	664677071	601107	725076730	0.000821687	0.000698155	0	0.00433214	1206.24	2140.03	5	9422	
256	257	8	4	4	3	321286	464496603	362380	473631105	0.00101273	0.000773237	0	0.00433214	1307	2690.8	4	9422	
256	257	1	5	6	3	328099	497427705	391893	512238275	0.000956184	0.000777441	0	0.00433214	1307.09	2596.3	4	9422	
256	257	1	6	2	3	68845	346681259	77301	348638541	0.00174148	0.00128458	0	0.00408214	4510.14	4479.16	5	9422	
256	257	8	7	3	3	52127	339327575	61044	340083941	0.00198221	0.0013047	0	0.00408214	5571.13	4483.04	4	9422	
257	258	1	1	1	3	159848	418337943	210809	439022932	0.00104059	0.00101243	0	0.00408214	2082.56	3326.48	5	9422	
257	258	3	2	1	3	495177	674859926	571529	715680017	0.00091859	0.000667772	0	0.00408214	1252.22	2165.9	5	9422	
257	258	2	3	1	3	470199	667062836	603859	727588917	0.000821874	0.000698002	0	0.00433214	1204.9	2139.32	5	9422	
257	258	8	4	1	3	324179	467276875	365775	476570941	0.00101141	0.0007719	0	0.00433214	1302.91	2684.11	4	9422	
257	258	1	5	2	3	329019	498877589	393296	513729574	0.000955661	0.000777812	0	0.00433214	1306.22	2597.16	4	9422	
257	258	5	6	2	3	68987	348019183	77591	350001221	0.0017405	0.00128555	0	0.00408214	4510.85	4479.86	5	9422	
257	258	1	7	5	3	52359	340624422	61286	341380715	0.00198282	0.00130415	0	0.00408214	5570.29	4483.13	4	9422	
258	259	1	1	1	3	159990	419631667	210965	440325893	0.00104186	0.00101337	0	0.00408214	2087.2	3330.38	5	9422	
258	259	3	2	1	3	496447	677506199	572874	718425364	0.000919037	0.000667966	0	0.00408214	1254.07	2166.92	5	9422	
258	259	2	3	7	3	471439	669390082	606176	730105884	0.000821083	0.000698417	0	0.00433214	1204.45	2139.71	5	9422	
258	259	1	4	4	3	325877	468743505	367679	478050309	0.00101114	0.000771372	0	0.00433214	1300.18	2683.11	4	9422	
258	259	8	5	2	3	332461	501418574	396963	516308338	0.000955374	0.000775741	0	0.00433214	1300.65	2591.1	4	9422	
258	259	5	6	1	3	69672	349438479	78523	351451340	0.00173213	0.00128465	0	0.00408214	4475.78	4479.2	5	9422	
258	259	1	7	5	3	53241	341965515	62311	342729467	0.00196777	0.00130343	0	0.00408214	5500.3	4496.71	4	9422	
259	260	1	1	1	3	160133	420949122	211108	441643348	0.00104318	0.00101431	0	0.00408214	2092.03	3334.46	5	9422	
259	260	1	2	3	3	498301	680011087	574784	720985662	0.000919416	0.000667857	0	0.00408214	1254.36	2167.3	5	9422	
259	260	1	3	1	3	472415	671500173	607939	732429110	0.000820718	0.000698941	0	0.00433214	1204.77	2140.68	5	9422	
259	260	1	4	1	3	326957	470177090	368849	479491576	0.00101136	0.000771402	0	0.00433214	1299.97	2683.96	4	9422	
259	260	8	5	6	3	335664	503699093	400350	518618076	0.00095525	0.000773958	0	0.00433214	1295.41	2586.28	4	9422	
259	260	1	6	2	3	70392	350971728	79296	352992524	0.0017282	0.00128261	0	0.00408214	4451.58	4476.86	5	9422	
259	260	1	7	5	3	53566	343309723	62588	344061818	0.00196805	0.00130242	0	0.00408214	5497.25	4497.63	4	9422	
260	261	1	1	1	3	160276	422225663	211253	442920099	0.0010445	0.00101524	0	0.00408214	2096.63	3338.18	5	9422	
260	261	1	2	3	3	501411	682575909	578462	723756999	0.000918792	0.000667294	0	0.00408214	1251.17	2164.94	5	9422	
260	261	2	3	1	3	475206	675187792	610885	736173475	0.000821327	0.000698397	0	0.00433214	1205.09	2139.88	5	9422	
260	261	1	4	4	3	328019	471672980	370008	480989816	0.00101156	0.000771483	0	0.00433214	1299.94	2684.77	4	9422	
260	261	1	5	6	3	336881	505167465	401599	520098201	0.000955677	0.000773869	0	0.00433214	1295.07	2587.35	4	9422	
260	261	1	6	2	3	70535	352281310	79439	354302106	0.00173049	0.00128258	0	0.00408214	4460.05	4477.38	5	9422	
260	261	1	7	5	3	53802	344663976	62763	345410795	0.00197073	0.00130189	0	0.00408214	5503.41	4496.92	4	9422	
261	262	1	1	1	3	160419	423538936	211396	444233372	0.00104582	0.00101617	0	0.00408214	2101.43	3342.19	5	9422	
261	262	3	2	1	3	503499	685401153	580942	726861936	0.00091871	0.000667264	0	0.00408214	1251.18	2164.55	5	9422	
261	262	1	3	7	3	477140	677090259	613743	738221679	0.000820885	0.000698445	0	0.00433214	1202.82	2139.17	5	9422	
261	262	1	4	4	3	328648	473487360	370598	482793515	0.00101224	0.00077201	0	0.00433214	1302.74	2687.17	4	9422	
261	262	8	5	2	3	337401	507075572	402040	521999919	0.000956445	0.000774501	0	0.00433214	1298.38	2590.21	4	9422	
261	262	1	6	2	3	70678	353560840	79582	355581636	0.00173277	0.00128256	0	0.00408214	4468.12	4477.64	5	9422	
261	262	1	7	5	3	54045	345995515	62923	346744302	0.00197326	0.00130126	0	0.00408214	5510.61	4495.82	4	9422	
262	263	1	1	1	3	160562	424843634	211539	445538070	0.00104714	0.0010171	0	0.00408214	2106.17	3346.11	5	9422	
262	263	3	2	3	3	504789	688033616	582391	729684622	0.000919341	0.000667524	0	0.00408214	1252.91	2165.72	5	9422	
262	263	2	3	1	3	478157	679507183	616345	741330272	0.000819437	0.000699084	0	0.00433214	1202.78	2138.84	5	9422	
262	263	1	4	4	3	328790	474798496	371060	484150025	0.00101213	0.000773086	0	0.00433214	1304.78	2690.26	4	9422	
262	263	1	5	2	3	337628	508344058	402242	523266866	0.00095732	0.000775562	0	0.00433214	1300.88	2593.58	4	9422	
262	263	1	6	2	3	70821	354840945	80068	356911251	0.00172757	0.00128479	0	0.00408214	4457.6	4477.11	5	9422	
262	263	1	7	3	3	54285	347347547	63066	348087150	0.00197559	0.0013007	0	0.00408214	5519.41	4494.53	4	9422	
263	264	1	1	1	3	160705	426137001	211688	446824537	0.00104842	0.00101801	0	0.00408214	2110.77	3349.91	5	9422	
263	264	3	2	1	3	506383	690630861	584121	732435351	0.000919892	0.000667668	0	0.00408214	1253.91	2166.31	5	9422	
263	264	1	3	7	3	478300	680820990	618510	743084938	0.000817262	0.000700212	0	0.00433214	1201.41	2139.33	5	9422	
263	264	8	4	1	3	330129	476714185	372678	486163467	0.00101184	0.000773103	0	0.00433214	1304.51	2689.68	4	9422	
263	264	1	5	6	3	337827	509629735	402455	524552936	0.000958041	0.00077645	0	0.00433214	1303.38	2597.03	4	9422	
263	264	1	6	2	3	70964	356180202	80211	358250508	0.00172984	0.00128477	0	0.00408214	4466.35	4477.93	5	9422	
263	264	1	7	5	3	54524	348679180	63209	349411120	0.00197791	0.00130014	0	0.00408214	5527.87	4493.07	4	9422	
264	265	1	1	1	3	160848	427476123	211832	448161977	0.00104973	0.00101893	0	0.00408214	2115.65	3354.07	5	9422	
264	265	3	2	1	3	508459	692669813	587439	734815514	0.000918442	0.000668096	0	0.00408214	1250.88	2164.95	5	9422	
264	265	2	3	7	3	479632	684394279	620437	746848985	0.000817164	0.000700464	0	0.00433214	1203.75	2140.26	5	9422	
264	265	1	4	4	3	331077	478194423	373624	487643489	0.00101245	0.000773296	0	0.00433214	1305.17	2691.34	4	9422	
264	265	1	5	6	3	337970	510952333	402627	525878383	0.000958697	0.000777279	0	0.00433214	1306.12	2600.84	4	9422	
264	265	1	6	2	3	71106	357499282	80354	359579010	0.0017321	0.00128474	0	0.00408214	4474.94	4478.6	5	9422	
264	265	1	7	5	3	54728	349991101	63352	350717956	0.00198022	0.00129958	0	0.00408214	5536.02	4491.47	4	9422	
265	266	1	1	1	3	160990	428788408	211975	449483684	0.00105104	0.00101984	0	0.00408214	2120.46	3358.11	5	9422	
265	266	3	2	1	3	510777	695900549	590360	738476948	0.000917977	0.000668053	0	0.00408214	1250.89	2163.31	5	9422	
265	266	2	3	7	3	481165	688316874	623527	752889876	0.000815882	0.000700803	0	0.00433214	1207.47	2138.9	5	9422	
265	266	1	4	4	3	331567	480182991	374141	489636900	0.00101316	0.000774011	0	0.00433214	1308.7	2694.26	4	9422	
265	266	1	5	6	3	338113	512232428	403130	527210806	0.000958558	0.000778267	0	0.00433214	1307.79	2603.47	4	9422	
265	266	1	6	2	3	71249	358806949	80497	360886677	0.00173435	0.00128471	0	0.00408214	4483.23	4479.09	5	9422	
265	266	1	7	3	3	54871	351307501	63624	352040257	0.00197849	0.00130076	0	0.00408214	5533.14	4492.15	4	9422	
266	267	1	1	1	3	161133	430122892	212130	450819428	0.0010523	0.00102076	0	0.00408214	2125.2	3362.15	5	9422	
266	267	3	2	1	3	513374	698535243	593023	741126842	0.000918219	0.000667604	0	0.00408214	1249.74	2162.81	5	9422	
266	267	2	3	1	3	482925	690747972	625710	755855342	0.000816139	0.00070087	0	0.00433214	1208	2138.87	5	9422	
266	267	1	4	4	3	331940	481520023	375089	491052012	0.00101242	0.000775077	0	0.00433214	1309.16	2695.79	4	9422	
266	267	8	5	2	3	339108	513900893	405450	529292553	0.000955994	0.000778981	0	0.00433214	1305.44	2601.5	4	9422	
266	267	1	6	2	3	71451	360150276	80640	362223809	0.0017366	0.00128467	0	0.00408214	4491.86	4479.83	5	9422	
266	267	1	7	5	3	55014	352597083	63805	353322455	0.00197956	0.00130072	0	0.00408214	5537.54	4491.06	4	9422	
267	268	1	1	1	3	161276	431445407	212294	452144148	0.00105351	0.00102167	0	0.00408214	2129.8	3366.03	5	9422	
267	268	1	2	3	3	515300	701153888	595063	743824904	0.000918619	0.000667578	0	0.00408214	1249.99	2163.16	5	9422	
267	268	2	3	1	3	484623	693246988	628118	758531687	0.00081586	0.000700933	0	0.00433214	1207.63	2139.07	5	9422	
267	268	1	4	4	3	333031	483292353	377720	492962694	0.00100871	0.0007761	0	0.00433214	1305.1	2692.25	4	9422	
267	268	8	5	2	3	342412	515986150	409004	531420441	0.000955618	0.000777043	0	0.00433214	1299.3	2596.45	4	9422	
267	268	1	6	2	3	72021	362160522	81122	364223441	0.00173505	0.00128334	0	0.00408214	4489.82	4474.08	5	9422	
267	268	1	7	5	3	55157	353917368	64002	354644538	0.00198017	0.00130089	0	0.00408214	5541.15	4490.52	4	9422	
268	269	7	1	1	3	161419	432744900	212471	453447211	0.00105465	0.00102257	0	0.00408214	2134.16	3369.64	5	9422	
268	269	3	2	1	3	517048	703775967	596894	746511184	0.000919082	0.000667623	0	0.00408214	1250.66	2163.79	5	9422	
268	269	2	3	1	3	487850	696237249	631474	761555296	0.000816387	0.000700038	0	0.00433214	1206	2137.43	5	9422	
268	269	1	4	4	3	333193	484625337	377952	494300272	0.0010093	0.000777006	0	0.00433214	1307.84	2696	4	9422	
268	269	1	5	6	3	344332	517993760	411038	533444732	0.000956316	0.000776646	0	0.00433214	1297.8	2595.02	4	9422	
268	269	1	6	2	3	72194	363481202	81349	365549791	0.0017356	0.00128374	0	0.00408214	4493.6	4474.54	5	9422	
268	269	1	7	5	3	55299	355220745	64145	355957337	0.00198244	0.00130033	0	0.00408214	5549.26	4488.97	4	9422	
269	270	1	1	1	3	161562	434025422	212670	454733613	0.00105568	0.00102348	0	0.00408214	2138.21	3373	5	9422	
269	270	1	2	3	3	519826	706346304	599742	749106678	0.000919474	0.000667172	0	0.00408214	1249.05	2162.84	5	9422	
269	270	2	3	1	3	490485	698870874	634135	764195049	0.000816996	0.00069947	0	0.00433214	1205.1	2136.79	5	9422	
269	270	8	4	1	3	333433	485916332	378354	495611043	0.00100964	0.000777871	0	0.00433214	1309.91	2699.04	4	9422	
269	270	8	5	2	3	346533	520333677	414091	535967027	0.000954927	0.00077619	0	0.00433214	1294.32	2591.01	4	9422	
269	270	1	6	2	3	72337	364763874	81816	367065381	0.0017309	0.0012858	0	0.00408214	4486.47	4472.2	5	9422	
269	270	1	7	5	3	55442	356551155	64303	357288257	0.00198424	0.00129997	0	0.00408214	5556.32	4487.79	4	9422	
270	271	1	1	1	3	161705	435367244	212850	456070003	0.00105679	0.00102438	0	0.00408214	2142.68	3376.87	5	9422	
270	271	3	2	1	3	521732	709057301	601725	751885128	0.000919918	0.000667139	0	0.00408214	1249.55	2163.37	5	9422	
270	271	1	3	1	3	493078	701495009	636773	766837274	0.000817666	0.000699003	0	0.00433214	1204.26	2136.1	5	9422	
270	271	1	4	4	3	333985	487502618	379299	497237726	0.00100928	0.000778561	0	0.00433214	1310.94	2700.42	4	9422	
270	271	8	5	2	3	349241	523561902	417279	539371187	0.000954495	0.000775144	0	0.00433214	1292.59	2586.18	4	9422	
270	271	1	6	2	3	72480	366046726	81985	368350951	0.00173257	0.00128594	0	0.00408214	4492.91	4472.41	5	9422	
270	271	8	7	5	3	55585	357841979	64492	358580705	0.00198508	0.00130002	0	0.00408214	5560.08	4486.88	4	9422	
271	272	1	1	1	3	161848	436658716	213033	457367462	0.00105789	0.00102528	0	0.00408214	2146.93	3380.37	5	9422	
271	272	3	2	1	3	524073	711682885	604147	754566387	0.000920327	0.000666911	0	0.00408214	1248.98	2162.83	5	9422	
271	272	2	3	1	3	495990	704125936	639798	769491316	0.000818438	0.000698468	0	0.00433214	1202.71	2134.96	5	9422	
271	272	1	4	4	3	334202	488874640	379894	498787070	0.00100904	0.000779609	0	0.00433214	1312.96	2702.88	4	9422	
271	272	1	5	2	3	351980	526293305	420459	542203144	0.000954037	0.000774029	0	0.00433214	1289.55	2581.56	4	9422	
271	272	1	6	2	3	72622	367384300	82128	369697947	0.00173477	0.00128591	0	0.00408214	4501.48	4473.23	5	9422	
271	272	1	7	5	3	55728	359165883	64862	359915632	0.00198037	0.00130248	0	0.00408214	5548.94	4489.38	4	9422	
272	273	1	1	1	3	161990	437931394	213178	458647985	0.00105919	0.00102617	0	0.00408214	2151.48	3383.9	5	9422	
272	273	3	2	1	3	526598	714341566	606756	757250219	0.000920647	0.000666595	0	0.00408214	1248.03	2162.18	5	9422	
272	273	1	3	7	3	497897	706395671	641798	771775258	0.000818909	0.000698286	0	0.00433214	1202.52	2135.37	5	9422	
272	273	1	4	4	3	334661	490448714	380346	500372066	0.00100962	0.000780211	0	0.00433214	1315.57	2705.54	4	9422	
272	273	8	5	2	3	354405	528800128	423462	544816939	0.00095349	0.000773298	0	0.00433214	1286.58	2577.59	4	9422	
272	273	1	6	2	3	72765	368731646	82282	371046436	0.00173674	0.00128594	0	0.00408214	4509.45	4474.03	5	9422	
272	273	1	7	5	3	55871	360510327	65005	361260076	0.00198261	0.00130192	0	0.00408214	5557.42	4488.08	4	9422	
273	274	1	1	1	3	162133	439250097	213336	459968263	0.00106041	0.00102705	0	0.00408214	2156.07	3387.72	5	9422	
273	274	1	2	3	3	529298	716863165	609490	759779611	0.000920911	0.000666085	0	0.00408214	1246.58	2161.29	5	9422	
273	274	1	3	7	3	498089	707703045	641998	773092783	0.000819369	0.000699034	0	0.00433214	1204.2	2138.4	5	9422	
273	274	1	4	1	3	336814	493640753	383091	503714027	0.00100848	0.000779715	0	0.00433214	1314.87	2701.26	4	9422	
273	274	1	5	6	3	355375	530783442	424376	546801685	0.000953955	0.00077345	0	0.00433214	1288.48	2578.92	4	9422	
273	274	1	6	2	3	72908	370078992	82444	372395687	0.00173853	0.00128602	0	0.00408214	4516.95	4474.8	5	9422	
273	274	1	7	5	3	56030	361781190	65147	362526221	0.00198483	0.00130137	0	0.00408214	5564.74	4486.2	4	9422	
274	275	1	1	1	3	162276	440551693	213492	461271224	0.00106165	0.00102794	0	0.00408214	2160.6	3391.38	5	9422	
274	275	1	2	1	3	531538	719598752	611788	762528130	0.000921157	0.000665771	0	0.00408214	1246.39	2161.53	5	9422	
274	275	2	3	1	3	498666	709092671	642630	774489464	0.000819908	0.000699614	0	0.00433214	1205.19	2140.92	5	9422	
274	275	8	4	1	3	339711	498727647	386354	509034281	0.00100738	0.000778281	0	0.00433214	1317.53	2695.21	4	9422	
274	275	8	5	2	3	355588	532124794	424528	548149095	0.00095465	0.000774234	0	0.00433214	1291.2	2582.78	4	9422	
274	275	1	6	2	3	73051	371380947	82587	373697642	0.00174072	0.00128598	0	0.00408214	4524.9	4475.19	5	9422	
274	275	1	7	5	3	56276	363133693	65293	363867644	0.00198708	0.00130078	0	0.00408214	5572.84	4484.94	4	9422	
275	276	1	1	1	3	162419	441840202	213657	462562043	0.00106283	0.00102882	0	0.00408214	2164.97	3394.88	5	9422	
275	276	3	2	3	3	534826	722107520	615202	765053851	0.000921286	0.000665005	0	0.00408214	1243.58	2159.86	5	9422	
275	276	1	3	7	3	498915	710406331	642902	775805493	0.000820452	0.000700414	0	0.00433214	1206.72	2143.81	5	9422	
275	276	8	4	1	3	343090	502830212	389891	513195885	0.00100708	0.000776393	0	0.00433214	1316.25	2688.26	4	9422	
275	276	1	5	6	3	355820	533397883	424672	549417829	0.000955342	0.000775015	0	0.00433214	1293.75	2586.17	4	9422	
275	276	1	6	2	3	73194	372728293	82820	375057784	0.001741	0.00128651	0	0.00408214	4528.59	4475.85	5	9422	
275	276	1	7	5	3	56432	364454413	65436	365197086	0.00198929	0.00130022	0	0.00408214	5580.98	4483.49	4	9422	
276	277	1	1	1	3	162562	443187548	213803	463909704	0.00106411	0.00102969	0	0.00408214	2169.8	3398.92	5	9422	
276	277	1	2	3	3	536590	724562178	618276	767876608	0.000919739	0.000665569	0	0.00408214	1241.96	2158.72	5	9422	
276	277	1	3	7	3	499331	711685059	643353	777086848	0.00082101	0.000701058	0	0.00433214	1207.87	2146.16	5	9422	
276	277	8	4	1	3	346787	506693651	393649	517097486	0.00100661	0.000774086	0	0.00433214	1313.6	2680.38	4	9422	
276	277	8	5	2	3	356250	534763812	425329	550796793	0.000955496	0.000775677	0	0.00433214	1294.99	2588.7	4	9422	
276	277	1	6	2	3	73337	374075639	83024	376402128	0.00174185	0.00128687	0	0.00408214	4533.65	4476.56	5	9422	
276	277	1	7	5	3	56575	365750185	65579	366492858	0.00199149	0.00129966	0	0.00408214	5588.57	4481.8	4	9422	
277	278	1	1	1	3	162705	444508147	213978	465224346	0.00106524	0.00103056	0	0.00408214	2174.17	3402.53	5	9422	
277	278	3	2	1	3	538236	726963863	621104	770610104	0.000918414	0.00066609	0	0.00408214	1240.71	2158.04	5	9422	
277	278	1	3	7	3	499853	713643508	643926	779046536	0.00082153	0.000701669	0	0.00433214	1209.84	2148.62	5	9422	
277	278	8	4	1	3	350019	510004235	397246	520534903	0.00100557	0.000772314	0	0.00433214	1310.36	2673.23	4	9422	
277	278	8	5	2	3	357818	536254087	427612	552340456	0.000954444	0.000775557	0	0.00433214	1291.69	2587.39	4	9422	
277	278	1	6	2	3	73480	375422984	83196	377752426	0.00174341	0.001287	0	0.00408214	4540.51	4477.28	5	9422	
277	278	1	7	5	3	56718	367051181	65722	367793854	0.00199369	0.00129909	0	0.00408214	5596.21	4480.1	4	9422	
278	279	1	1	1	3	162848	445820682	214141	466538981	0.00106643	0.00103143	0	0.00408214	2178.65	3406.17	5	9422	
278	279	3	2	1	3	539704	730126136	623177	774382480	0.00091809	0.000666441	0	0.00408214	1242.64	2158.09	5	9422	
278	279	1	3	7	3	500072	714942456	644087	780329987	0.000822029	0.000702387	0	0.00433214	1211.53	2151.55	5	9422	
278	279	1	4	4	3	351517	511889670	399395	522574473	0.00100465	0.000772446	0	0.00433214	1308.42	2671.27	4	9422	
278	279	1	5	2	3	358990	537977341	428927	554087067	0.000954922	0.000775562	0	0.00433214	1291.8	2588.04	4	9422	
278	279	5	6	1	3	74218	376879661	84134	379242827	0.00173576	0.00128568	0	0.00408214	4507.6	4476.38	5	9422	
278	279	1	7	5	3	56861	368346690	65865	369089363	0.00199587	0.00129853	0	0.00408214	5603.73	4478.43	4	9422	
279	280	7	1	1	3	162990	447103610	214305	467833536	0.00106761	0.0010323	0	0.00408214	2183.03	3409.64	5	9422	
279	280	3	2	1	3	541460	732756734	624992	777066268	0.000918392	0.000666394	0	0.00408214	1243.32	2158.5	5	9422	
279	280	1	3	7	3	500577	716961632	644564	782343425	0.000822533	0.000702942	0	0.00433214	1213.76	2154.21	5	9422	
279	280	8	4	1	3	352951	513424094	401129	524142495	0.00100438	0.00077237	0	0.00433214	1306.67	2670.32	4	9422	
279	280	1	5	6	3	359292	539401900	429454	555544352	0.000955107	0.000776347	0	0.00433214	1293.61	2590.79	4	9422	
279	280	1	6	2	3	74451	378229734	84345	380591328	0.00173824	0.00128571	0	0.00408214	4512.32	4477.04	5	9422	
279	280	1	7	5	3	57004	369635047	66008	370377720	0.00199805	0.00129796	0	0.00408214	5611.1	4476.63	4	9422	
280	281	1	1	1	3	163133	448386219	214466	469118035	0.00106881	0.00103317	0	0.00408214	2187.38	3413.02	5	9422	
280	281	3	2	1	3	543399	734720206	626991	779036151	0.000918734	0.000666311	0	0.00408214	1242.5	2159.19	5	9422	
280	281	1	3	7	3	501231	718355114	645787	783829710	0.00082237	0.000703499	0	0.00433214	1213.76	2155.88	5	9422	
280	281	1	4	1	3	354708	515044621	402929	525768377	0.0010046	0.000771845	0	0.00433214	1304.87	2669.49	4	9422	
280	281	8	5	6	3	359435	540721895	430183	556946070	0.000954486	0.000777384	0	0.00433214	1294.67	2593.02	4	9422	
280	281	1	6	2	3	75102	379684797	85019	382047747	0.00173515	0.00128403	0	0.00408214	4493.67	4475.42	5	9422	
280	281	1	7	5	3	57147	370957523	66150	371690774	0.0020002	0.0012974	0	0.00408214	5618.91	4475.15	4	9422	
281	282	1	1	1	3	163276	449662024	214629	470395940	0.00107	0.00103403	0	0.00408214	2191.67	3416.3	5	9422	
281	282	1	2	3	3	545383	736724742	630234	781268630	0.000917205	0.000666659	0	0.00408214	1239.65	2158.21	5	9422	
281	282	2	3	1	3	504289	724214164	649457	790267297	0.000822279	0.000702804	0	0.00433214	1216.81	2153.45	5	9422	
281	282	8	4	1	3	357276	516778012	405553	527497621	0.00100441	0.000770553	0	0.00433214	1300.69	2666.69	4	9422	
281	282	8	5	2	3	360462	542118177	431440	558372717	0.000954594	0.00077751	0	0.00433214	1294.21	2593.69	4	9422	
281	282	1	6	2	3	75374	380984553	85319	383349842	0.00173626	0.00128361	0	0.00408214	4493.14	4475.38	5	9422	
281	282	1	7	5	3	57290	372244214	66417	372984515	0.00199862	0.00129849	0	0.00408214	5615.8	4475.6	4	9422	
282	283	1	1	1	3	163419	451001526	214784	471736702	0.00107122	0.00103488	0	0.00408214	2196.33	3420.13	5	9422	
282	283	1	2	3	3	546141	738133475	631177	782699657	0.000917426	0.000667187	0	0.00408214	1240.06	2160.24	5	9422	
282	283	2	3	1	3	506307	727112949	653111	794023342	0.000820786	0.000702821	0	0.00433214	1215.76	2151.27	5	9422	
282	283	1	4	4	3	359412	519440441	407696	530159428	0.00100445	0.000769688	0	0.00433214	1300.38	2664.41	4	9422	
282	283	1	5	6	3	360605	543453063	431768	559718865	0.000954862	0.000778356	0	0.00433214	1296.34	2596.97	4	9422	
282	283	1	6	2	3	75616	382303022	85472	384659130	0.00173857	0.00128369	0	0.00408214	4500.41	4475.84	5	9422	
282	283	1	7	5	3	57432	373530769	66560	374280492	0.00200077	0.00129793	0	0.00408214	5623.2	4473.92	4	9422	
283	284	1	1	1	3	163562	452337075	214946	473074246	0.00107241	0.00103574	0	0.00408214	2200.9	3423.88	5	9422	
283	284	3	2	1	3	549148	741258687	634260	785834265	0.000917608	0.000666543	0	0.00408214	1238.98	2159.45	5	9422	
283	284	2	3	1	3	508958	731644851	656710	798881084	0.000820295	0.000702429	0	0.00433214	1216.49	2149.76	5	9422	
283	284	1	4	4	3	359917	521330279	408156	532058416	0.00100508	0.000770375	0	0.00433214	1303.57	2667.25	4	9422	
283	284	1	5	6	3	360748	544749323	431916	561015610	0.000955528	0.000779118	0	0.00433214	1298.9	2600.43	4	9422	
283	284	1	6	2	3	76103	383699494	85893	386039242	0.0017382	0.00128284	0	0.00408214	4494.42	4476.2	5	9422	
283	284	1	7	5	3	57575	374849546	66703	375599269	0.00200291	0.00129736	0	0.00408214	5630.92	4472.33	4	9422	
284	285	1	1	1	3	163705	453653667	215113	474384041	0.00107356	0.00103658	0	0.00408214	2205.28	3427.39	5	9422	
284	285	3	2	1	3	551381	744220979	637781	789351612	0.000916037	0.00066675	0	0.00408214	1237.65	2157.85	5	9422	
284	285	1	3	1	3	510926	733997014	660255	801791774	0.000819029	0.000702524	0	0.00433214	1214.37	2147.98	5	9422	
284	285	1	4	4	3	360161	522621139	408299	533341885	0.00100578	0.000771144	0	0.00433214	1306.25	2670.73	4	9422	
284	285	8	5	2	3	362381	546687032	433667	562964326	0.000955871	0.000778804	0	0.00433214	1298.15	2600.03	4	9422	
284	285	1	6	2	3	76315	385054085	86037	387386693	0.0017403	0.0012828	0	0.00408214	4502.56	4476.98	5	9422	
284	285	1	7	5	3	57741	376152067	67348	376932919	0.00199046	0.00130302	0	0.00408214	5596.79	4479.35	4	9422	
285	286	1	1	1	3	163848	454998673	215282	475731777	0.00107471	0.00103743	0	0.00408214	2209.81	3431.14	5	9422	
285	286	3	2	1	3	554342	748542661	640831	793725741	0.000916102	0.000666089	0	0.00408214	1238.59	2156.26	5	9422	
285	286	1	3	7	3	512376	736469814	661970	804315199	0.00081932	0.000702625	0	0.00433214	1215.03	2148.88	5	9422	
285	286	1	4	4	3	360356	524008504	409222	534882048	0.00100466	0.000772348	0	0.00433214	1307.07	2672.36	4	9422	
285	286	1	5	2	3	364945	549567485	436461	565899293	0.00095633	0.000778034	0	0.00433214	1296.56	2596.56	4	9422	
285	286	1	6	2	3	76457	386392008	86180	388734038	0.00174239	0.00128276	0	0.00408214	4510.72	4477.74	5	9422	
285	286	1	7	5	3	57884	377454021	67567	378237483	0.00199036	0.00130344	0	0.00408214	5597.96	4479.1	4	9422	
286	287	1	1	1	3	163990	456332306	215426	477074937	0.00107598	0.00103827	0	0.00408214	2214.57	3434.99	5	9422	
286	287	3	2	1	3	556714	751158385	643250	796362809	0.000916341	0.000665741	0	0.00408214	1238.03	2156.05	5	9422	
286	287	1	3	7	3	512636	737798462	662253	805644710	0.000819809	0.000703303	0	0.00433214	1216.52	2151.72	5	9422	
286	287	1	4	1	3	361956	525514104	411001	536404954	0.00100461	0.000771946	0	0.00433214	1305.12	2671.77	4	9422	
286	287	8	5	2	3	366453	551722768	439773	568559793	0.000953141	0.000778455	0	0.00433214	1292.85	2591.78	4	9422	
286	287	1	6	2	3	76600	387739354	86326	390081699	0.00174441	0.00128273	0	0.00408214	4518.7	4478.49	5	9422	
286	287	1	7	5	3	58031	378765244	67764	379550374	0.00199098	0.00130351	0	0.00408214	5601.06	4478.52	4	9422	
287	288	1	1	1	3	164133	457601098	215618	478348874	0.00107702	0.00103912	0	0.00408214	2218.5	3438.04	5	9422	
287	288	3	2	1	3	560267	753814992	646892	799037752	0.000916317	0.000664761	0	0.00408214	1235.19	2154.1	5	9422	
287	288	2	3	1	3	515271	740408977	665268	808433613	0.000820002	0.000702795	0	0.00433214	1215.2	2150.64	5	9422	
287	288	1	4	4	3	362701	526865659	411794	537759468	0.0010052	0.000772318	0	0.00433214	1305.89	2673.62	4	9422	
287	288	8	5	2	3	369250	554479374	442850	571395861	0.000952863	0.000777214	0	0.00433214	1290.27	2587.8	4	9422	
287	288	1	6	2	3	76743	389057651	86503	391403402	0.0017458	0.0012829	0	0.00408214	4524.74	4478.93	5	9422	
287	288	1	7	5	3	58248	380088313	67990	380864015	0.00199191	0.001303	0	0.00408214	5601.77	4478.47	4	9422	
288	289	1	1	1	3	164276	458860695	215798	479612356	0.00107811	0.00103996	0	0.00408214	2222.51	3441.03	5	9422	
288	289	1	2	1	3	561633	755405355	648315	800635030	0.00091668	0.0006649	0	0.00408214	1234.95	2155.66	5	9422	
288	289	1	3	7	3	515939	741843491	666184	809935655	0.000820294	0.000703321	0	0.00433214	1215.78	2152.61	5	9422	
288	289	8	4	1	3	363495	528656493	413158	539632789	0.00100438	0.000772881	0	0.00433214	1306.12	2673.64	4	9422	
288	289	8	5	2	3	372148	557457572	445879	574425660	0.000952897	0.000775831	0	0.00433214	1288.3	2583.5	4	9422	
288	289	1	6	2	3	76886	390345758	86694	392696549	0.00174691	0.00128316	0	0.00408214	4529.69	4479.11	5	9422	
288	289	1	7	5	3	58509	381430552	68227	382204041	0.00199266	0.00130234	0	0.00408214	5601.95	4478.74	4	9422	
289	290	1	1	1	3	164419	460172518	215953	480925439	0.00107932	0.00104079	0	0.00408214	2226.99	3444.54	5	9422	
289	290	3	2	1	3	562923	756947550	649640	802171117	0.000917093	0.000665113	0	0.00408214	1234.79	2157.17	5	9422	
289	290	1	3	7	3	519245	745439953	669640	813582685	0.000820895	0.000702509	0	0.00433214	1214.96	2151.07	5	9422	
289	290	1	4	4	3	364019	530498347	413725	541480335	0.00100488	0.000773482	0	0.00433214	1308.79	2675.81	4	9422	
289	290	1	5	6	3	372679	558863506	446444	575835088	0.000953564	0.000776581	0	0.00433214	1289.83	2586.07	4	9422	
289	290	1	6	2	3	77029	391693104	86879	394048021	0.00174812	0.00128337	0	0.00408214	4535.6	4479.79	5	9422	
289	290	1	7	5	3	58748	382686951	68370	383460521	0.00199477	0.00130179	0	0.00408214	5608.61	4476.71	4	9422	
290	291	1	1	1	3	164562	461519864	216106	482273835	0.00108054	0.00104162	0	0.00408214	2231.65	3448.32	5	9422	
290	291	1	2	3	3	563339	758266877	650064	803491121	0.00091773	0.000665895	0	0.00408214	1236.02	2159.72	5	9422	
290	291	1	3	7	3	520156	747539394	670650	815696577	0.000821386	0.000702869	0	0.00433214	1216.28	2152.94	5	9422	
290	291	1	4	4	3	364244	531831474	414028	542829908	0.00100538	0.000774253	0	0.00433214	1311.09	2679.11	4	9422	
290	291	8	5	2	3	373176	560652052	446950	577619917	0.00095425	0.000777265	0	0.00433214	1292.36	2588.6	4	9422	
290	291	1	6	2	3	77172	393001832	87021	395351500	0.00175017	0.00128332	0	0.00408214	4543.17	4480.18	5	9422	
290	291	1	7	5	3	58988	383975822	68513	384740862	0.00199687	0.00130124	0	0.00408214	5615.59	4474.91	4	9422	
291	292	7	1	1	3	164705	462856624	216268	483603273	0.0010817	0.00104244	0	0.00408214	2236.13	3451.92	5	9422	
291	292	3	2	1	3	563582	759579381	650299	804812266	0.00091837	0.000666744	0	0.00408214	1237.6	2162.61	5	9422	
291	292	1	3	7	3	521699	749746597	672813	818042923	0.000821306	0.000703027	0	0.00433214	1215.85	2153.02	5	9422	
291	292	8	4	4	3	365156	533743128	414991	544756477	0.00100571	0.000774461	0	0.00433214	1312.69	2680.19	4	9422	
291	292	8	5	2	3	374703	562453388	449172	579570853	0.000953233	0.000777236	0	0.00433214	1290.31	2586.88	4	9422	
291	292	1	6	2	3	77315	394317838	87164	396663333	0.00175222	0.00128327	0	0.00408214	4550.77	4480.55	5	9422	
291	292	1	7	5	3	59225	385290916	68657	386051075	0.00199898	0.00130069	0	0.00408214	5622.89	4473.33	4	9422	
292	293	1	1	1	3	164848	464193074	216436	484942348	0.00108284	0.00104327	0	0.00408214	2240.58	3455.49	5	9422	
292	293	3	2	1	3	564777	761080629	651515	806315199	0.000918779	0.000666999	0	0.00408214	1237.6	2163.92	5	9422	
292	293	1	3	7	3	521922	751181631	673544	819681183	0.00082116	0.000703747	0	0.00433214	1216.97	2155.02	5	9422	
292	293	8	4	1	3	365948	535803605	415877	546833011	0.00100606	0.000774837	0	0.00433214	1314.89	2681.44	4	9422	
292	293	1	5	6	3	375445	564394943	450058	581554560	0.00095369	0.000777672	0	0.00433214	1292.18	2588.53	4	9422	
292	293	1	6	2	3	77457	395654769	87307	398009686	0.00175426	0.00128321	0	0.00408214	4558.74	4481.2	5	9422	
292	293	1	7	5	3	59470	386576226	68800	387327682	0.00200106	0.00130014	0	0.00408214	5629.76	4471.48	4	9422	
293	294	1	1	1	3	164990	465519226	216582	486278237	0.00108409	0.00104408	0	0.00408214	2245.24	3459.17	5	9422	
293	294	3	2	1	3	566837	762856587	654067	808171398	0.00091846	0.000666981	0	0.00408214	1235.61	2163.53	5	9422	
293	294	1	3	7	3	522593	753430929	674253	821929115	0.000821616	0.000704183	0	0.00433214	1219.02	2157.46	5	9422	
293	294	1	4	4	3	366721	538156928	416789	549355715	0.00100622	0.000775325	0	0.00433214	1318.07	2682.67	4	9422	
293	294	1	5	6	3	375602	565654838	450278	582810093	0.000954234	0.00077847	0	0.00433214	1294.33	2591.48	4	9422	
293	294	1	6	2	3	77668	397048234	87757	399430524	0.00175083	0.0012844	0	0.00408214	4551.55	4481	5	9422	
293	294	1	7	5	3	59684	387879641	68949	388625152	0.00200328	0.00129963	0	0.00408214	5636.41	4469.86	4	9422	
294	295	7	1	1	3	165133	466853417	216752	487615263	0.00108522	0.0010449	0	0.00408214	2249.65	3462.71	5	9422	
294	295	3	2	1	3	568720	764464884	655999	809784823	0.000918778	0.000666877	0	0.00408214	1234.43	2164.03	5	9422	
294	295	2	3	1	3	522735	754724934	674471	823240162	0.000821986	0.000704837	0	0.00433214	1220.57	2160.24	5	9422	
294	295	1	4	4	3	367199	539955833	417373	551167784	0.00100656	0.00077588	0	0.00433214	1320.56	2684.89	4	9422	
294	295	1	5	6	3	376075	567558946	450742	584716664	0.000954752	0.000778982	0	0.00433214	1297.23	2593.9	4	9422	
294	295	1	6	2	3	77811	398326744	87900	400709034	0.00175286	0.00128435	0	0.00408214	4558.69	4481.06	5	9422	
294	295	1	7	5	3	59827	389172884	69091	389910523	0.00200533	0.00129908	0	0.00408214	5643.43	4468.18	4	9422	
295	296	1	1	1	3	165276	468152052	216954	488920093	0.00108619	0.00104573	0	0.00408214	2253.57	3465.78	5	9422	
295	296	1	2	3	3	570179	766045228	657545	811373725	0.000919103	0.000667034	0	0.00408214	1233.94	2165.08	5	9422	
295	296	1	3	7	3	522878	756050430	674707	824575083	0.000822334	0.000705492	0	0.00433214	1222.12	2163.11	5	9422	
295	296	8	4	1	3	368028	541383168	418320	552599617	0.00100681	0.000776158	0	0.00433214	1321	2686.26	4	9422	
295	296	8	5	6	3	376747	569101916	451561	586320987	0.000955115	0.000779423	0	0.00433214	1298.43	2595.6	4	9422	
295	296	1	6	2	3	77954	399656497	88043	402038787	0.00175489	0.00128428	0	0.00408214	4566.39	4481.59	5	9422	
295	296	1	7	5	3	59970	390504377	69266	391242421	0.00200646	0.00129894	0	0.00408214	5648.41	4467.29	4	9422	
296	297	1	1	1	3	165419	469427519	217143	490200390	0.00108722	0.00104654	0	0.00408214	2257.5	3468.73	5	9422	
296	297	3	2	1	3	571545	768409503	658982	813734218	0.000919413	0.000667221	0	0.00408214	1234.84	2166.4	5	9422	
296	297	1	3	7	3	523278	757816567	675499	826516919	0.000822337	0.000706081	0	0.00433214	1223.56	2165.21	5	9422	
296	297	8	4	1	3	371648	544114755	422099	555367696	0.00100608	0.000774072	0	0.00433214	1315.73	2679.54	4	9422	
296	297	1	5	6	3	377626	570501575	452498	587725153	0.000955527	0.000779615	0	0.00433214	1298.85	2597.25	4	9422	
296	297	1	6	2	3	78097	400985239	88186	403367529	0.00175691	0.00128422	0	0.00408214	4574.05	4482.03	5	9422	
296	297	1	7	5	3	60112	391782880	69410	392530370	0.00200847	0.00129839	0	0.00408214	5655.24	4465.58	4	9422	
297	298	1	1	1	3	165562	470699764	217327	491476940	0.00108827	0.00104736	0	0.00408214	2261.46	3471.69	5	9422	
297	298	3	2	1	3	574162	770976792	662300	816519883	0.000918736	0.000667035	0	0.00408214	1232.86	2164.74	5	9422	
297	298	1	3	7	3	523454	759149705	675714	827854030	0.000822716	0.000706738	0	0.00433214	1225.15	2168.09	5	9422	
297	298	1	4	4	3	374821	547542111	425319	558816890	0.00100566	0.000772342	0	0.00433214	1313.88	2674.44	4	9422	
297	298	1	5	6	3	378333	572106367	453243	589330251	0.000956004	0.000779979	0	0.00433214	1300.25	2599.31	4	9422	
297	298	1	6	2	3	78240	402332585	88328	404705453	0.00175891	0.00128415	0	0.00408214	4581.85	4482.64	5	9422	
297	298	1	7	5	3	60255	393083339	69566	393831372	0.00201014	0.001298	0	0.00408214	5661.26	4464.14	4	9422	
298	299	1	1	1	3	165705	471988930	217499	492759834	0.00108937	0.00104816	0	0.00408214	2265.57	3474.75	5	9422	
298	299	3	2	1	3	576907	775128356	666019	821336548	0.000917676	0.0006669	0	0.00408214	1233.2	2162.38	5	9422	
298	299	1	3	7	3	524036	761261380	676388	829973291	0.00082311	0.000707199	0	0.00433214	1227.07	2170.26	5	9422	
298	299	8	4	1	3	375203	549195081	425763	560469784	0.00100616	0.000773	0	0.00433214	1316.39	2677.05	4	9422	
298	299	1	5	6	3	378522	573437506	453492	590665942	0.000956556	0.00078078	0	0.00433214	1302.48	2602.54	4	9422	
298	299	1	6	2	3	78383	403679931	88471	406052799	0.00176091	0.00128408	0	0.00408214	4589.67	4483.23	5	9422	
298	299	1	7	5	3	60398	394430685	69709	395178718	0.00201217	0.00129744	0	0.00408214	5668.98	4462.81	4	9422	
299	300	7	1	1	3	165836	473191415	217650	493973736	0.00109043	0.0010489	0	0.00408214	2269.58	3477.85	5	9422	
299	300	3	2	1	3	579503	780613646	669607	828087043	0.000916466	0.000666727	0	0.00408214	1236.68	2160.11	5	9422	
299	300	2	3	1	3	526717	764030851	679454	832875058	0.000823338	0.000706714	0	0.00433214	1225.8	2169.05	5	9422	
299	300	8	4	1	3	375551	550662728	426174	561961599	0.00100665	0.00077359	0	0.00433214	1318.62	2679.75	4	9422	
299	300	8	5	2	3	379680	574962911	455003	592252537	0.000956312	0.000780845	0	0.00433214	1301.65	2602.56	4	9422	
299	300	1	6	2	3	78521	404971785	88610	407354075	0.00176286	0.00128401	0	0.00408214	4597.16	4483.78	5	9422	
299	300	1	7	5	3	60530	395633687	69841	396381720	0.00201403	0.00129693	0	0.00408214	5675.49	4461.37	4	9422	
