% start	end	CellId	IMSI	RNTI	LCID	nTxPDUs	TxBytes	nRxPDUs	RxBytes	delay	stdDev	min	max	PduSize	stdDev	min	max
0	1	2	1	1	3	3015	1784404	3119	1800210	0.000944158	0.000489581	0	0.003	577.175	1769.35	10	9422	
0	1	1	2	2	3	292	1265619	226	1257480	0.00206372	0.00112339	0.000742855	0.00383214	5564.07	3932.11	105	9422	
0	1	1	3	3	3	1536	1607775	2204	1705513	0.000725711	0.000689915	0	0.003	773.826	2011.57	5	9422	
0	1	6	4	1	3	2901	2328145	2990	2339014	0.00094151	0.000501555	0	0.003	782.279	1755.28	5	9422	
0	1	8	5	1	3	2361	2036483	2578	2066126	0.000931726	0.000584082	0	0.003	801.445	1917.77	7	9422	
0	1	1	6	2	3	881	1634641	862	1637585	0.00119438	0.000788926	0	0.003	1899.75	3138.56	9	9422	
0	1	4	7	1	3	439	1219495	428	1218422	0.00166319	0.000970656	0	0.003	2846.78	4171.82	23	9422	
1	2	2	1	1	3	6344	4111630	6509	4138028	0.000946847	0.000488021	0	0.003	635.739	1775.9	10	9422	
1	2	1	2	2	3	502	2584098	448	2577705	0.00220355	0.00117944	0	0.00383214	5753.81	4168.21	23	9422	
1	2	1	3	3	3	1679	2938869	2441	3032085	0.00082977	0.000860487	0	0.003	1242.15	2777.69	5	9422	
1	2	6	4	1	3	5642	4934336	5788	4974012	0.00095969	0.000523121	0	0.003	859.366	1860.6	5	9422	
1	2	8	5	1	3	4925	4956628	5235	5025458	0.000957604	0.00057426	0	0.003	959.973	1952.86	7	9422	
1	2	1	6	1	3	1507	3020549	1547	3028119	0.00121702	0.000882316	0	0.00383214	1957.41	3409.11	9	9422	
1	2	1	7	1	3	2744	4955938	3260	5059500	0.000919186	0.00073698	0	0.003	1551.99	2511.89	5	9422	
2	3	2	1	1	3	9921	7197154	10160	7245371	0.000956064	0.000492767	0	0.003	713.127	1746.98	10	9422	
2	3	1	2	1	3	1403	4199337	1641	4235083	0.00128764	0.00114289	0	0.00383214	2580.79	3809.9	11	9422	
2	3	1	3	3	3	1822	4271706	2617	4366578	0.000937894	0.000972148	0	0.003	1668.54	3258.27	5	9422	
2	3	6	4	1	3	8318	7572197	8537	7637980	0.000961619	0.000529491	0	0.003	894.691	1895.14	5	9422	
2	3	8	5	1	3	7973	7564510	8429	7678993	0.000959734	0.000561624	0	0.003	911.021	1922.92	7	9422	
2	3	1	6	1	3	2116	4392006	2495	4419256	0.00110571	0.000939107	0	0.00408214	1771.24	3377.16	4	9422	
2	3	4	7	1	3	4957	7573641	5536	7706747	0.000964793	0.000686134	0	0.003	1392.11	2367.95	5	9422	
3	4	1	1	7	3	11158	9469576	11390	9525685	0.000973543	0.000528806	0	0.00383214	836.32	1914.03	10	9422	
3	4	3	2	1	3	3508	6683535	5233	7241089	0.000813057	0.000900034	0	0.00383214	1383.74	2700.86	5	9422	
3	4	1	3	3	3	1964	5606627	2760	5710921	0.00104473	0.00105122	0	0.003	2069.17	3606.36	5	9422	
3	4	1	4	6	3	9570	10097359	9827	10167927	0.000972248	0.00056162	0	0.003	1034.69	2040.82	5	9422	
3	4	1	5	5	3	9768	9495488	10563	9677383	0.000953757	0.00058363	0	0.003	916.159	2005.04	7	9422	
3	4	1	6	2	3	5140	7020818	5727	7089858	0.00100843	0.000742072	0	0.00408214	1237.97	2652.42	4	9422	
3	4	4	7	1	3	7007	10223591	7656	10401435	0.000976696	0.000665354	0	0.003	1358.6	2306.22	5	9422	
4	5	1	1	1	3	13246	11890933	13939	12026032	0.000953164	0.00055946	0	0.00383214	862.761	1959.52	5	9422	
4	5	3	2	1	3	5766	10801046	8858	12510196	0.00073832	0.000812344	0	0.00383214	1412.3	2316.26	5	9422	
4	5	1	3	3	3	2107	6942718	2910	7047307	0.0011383	0.001109	0	0.003	2421.75	3850.63	5	9422	
4	5	1	4	6	3	9808	11421243	10005	11485508	0.00100451	0.000614036	0	0.00383214	1147.98	2244.64	5	9422	
4	5	1	5	5	3	10178	10860030	11136	11054879	0.000965826	0.000627938	0	0.00383214	992.715	2176.93	7	9422	
4	5	1	6	1	3	7378	9089909	8010	9164293	0.00100822	0.00070266	0	0.00408214	1144.11	2508.91	4	9422	
4	5	4	7	1	3	8201	12837548	8996	13216415	0.0010089	0.000681106	0	0.003	1469.14	2340.13	5	9422	
5	6	2	1	1	3	15960	14249574	17077	14476881	0.000941114	0.000569713	0	0.00383214	847.741	1944.93	5	9422	
5	6	1	2	2	3	7016	13380580	11122	15573061	0.000717648	0.000805956	0	0.00383214	1400.2	2284.61	5	9422	
5	6	1	3	3	3	2250	8264197	3111	8371963	0.00120266	0.00115316	0	0.003	2691.08	4008.63	4	9422	
5	6	1	4	6	3	10052	12761716	10159	12816613	0.00103498	0.000658064	0	0.00383214	1261.6	2427.07	5	9422	
5	6	8	5	1	3	11596	13657879	12662	13890941	0.00097236	0.000643981	0	0.00408214	1097.06	2240.77	7	9422	
5	6	1	6	1	3	7553	10439579	8269	10519987	0.00103456	0.000749948	0	0.00408214	1272.22	2698.58	4	9422	
5	6	4	7	1	3	9470	15452924	10341	15922068	0.00102139	0.000686161	0	0.003	1539.7	2368.58	5	9422	
6	7	2	1	1	3	18956	17389772	20194	17651574	0.000951943	0.000568977	0	0.00383214	874.1	1926.6	5	9422	
6	7	3	2	2	3	7980	15977904	12283	18239494	0.000743668	0.000814632	0	0.00383214	1484.94	2341.56	5	9422	
6	7	1	3	3	3	2393	9542933	3257	9650839	0.00128046	0.0011863	0	0.003	2963.11	4129.64	4	9422	
6	7	6	4	1	3	12784	16184420	13837	16429967	0.000954061	0.000659971	0	0.00383214	1187.39	2281.12	5	9422	
6	7	1	5	5	3	14906	16320245	16186	16615387	0.000961333	0.000614781	0	0.00408214	1026.53	2148.22	7	9422	
6	7	8	6	2	3	9568	13232051	11394	13895239	0.000946532	0.000745138	0	0.00408214	1219.52	2489.75	4	9422	
6	7	4	7	1	3	11192	18060786	12134	18604637	0.00102085	0.00068	0	0.003	1533.26	2360.07	5	9422	
7	8	2	1	1	3	21618	20754800	22931	21076348	0.000956765	0.000567886	0	0.00383214	919.12	1932.9	5	9422	
7	8	1	2	2	3	8185	17262719	12444	19519689	0.000770971	0.000847606	0	0.00383214	1568.6	2462.42	5	9422	
7	8	1	3	3	3	2536	10888211	3450	10999242	0.00133318	0.00121332	0	0.003	3188.19	4230.1	4	9422	
7	8	1	4	6	3	14496	18323929	15609	18586694	0.000970759	0.000664584	0	0.00383214	1190.77	2299.03	5	9422	
7	8	1	5	5	3	16500	18199315	17922	18517192	0.000964806	0.000619616	0	0.00408214	1033.21	2186.5	7	9422	
7	8	8	6	1	3	11430	16375137	14654	17859202	0.000879437	0.000748722	0	0.00408214	1218.73	2342.09	4	9422	
7	8	4	7	1	3	13936	20730990	14973	21308775	0.00100792	0.000655932	0	0.003	1423.15	2296.06	5	9422	
8	9	2	1	1	3	24592	23313008	25948	23644688	0.000956287	0.000561104	0	0.00383214	911.234	1929.87	5	9422	
8	9	1	2	2	3	8530	18626498	12939	20904271	0.000788841	0.000869309	0	0.00383214	1615.6	2559.37	5	9422	
8	9	1	3	3	3	3054	12442972	3987	12559671	0.0013374	0.00118967	0	0.003	3150.16	4166.43	4	9422	
8	9	6	4	6	3	14677	19647458	15862	19927754	0.000983853	0.000691956	0	0.00383214	1256.32	2408.19	5	9422	
8	9	8	5	1	3	17707	19978659	19587	20338279	0.000952042	0.00063604	0	0.00408214	1038.36	2221.72	5	9422	
8	9	8	6	2	3	13884	19415698	18373	21745663	0.00083747	0.00073371	0	0.00408214	1183.57	2230.17	4	9422	
8	9	1	7	1	3	15914	23364129	17031	23983132	0.00101082	0.000654586	0	0.003	1408.2	2287.81	5	9422	
9	10	2	1	7	3	27450	25482501	28897	25830046	0.000960312	0.000560241	0	0.00383214	893.866	1932.78	5	9422	
9	10	1	2	2	3	8939	19959166	13397	22242128	0.000812324	0.000887432	0	0.00383214	1660.23	2639.04	5	9422	
9	10	1	3	3	3	3287	13754545	4162	13867270	0.00139608	0.00120569	0	0.003	3331.88	4233.6	4	9422	
9	10	6	4	1	3	16651	22002927	19077	22776262	0.000925396	0.00070189	0	0.00383214	1193.91	2322.41	5	9422	
9	10	8	5	1	3	21187	23041795	23256	23474727	0.000942867	0.00061411	0	0.00408214	1009.41	2153.39	5	9422	
9	10	8	6	2	3	16934	21666101	21975	24098047	0.000837973	0.000706576	0	0.00408214	1096.61	2164.11	4	9422	
9	10	4	7	1	3	17824	25987406	19084	26668866	0.00101101	0.000653394	0	0.003	1397.45	2280.97	5	9422	
10	11	1	1	7	3	28327	26982970	31034	27557364	0.000931995	0.000591021	0	0.00383214	887.973	1961.17	5	9422	
10	11	1	2	2	3	9082	21265300	13994	23597256	0.000808111	0.000907713	0	0.00383214	1686.24	2705.59	5	9422	
10	11	1	3	3	3	3526	15078096	4777	15240980	0.00132897	0.00122196	0	0.003	3190.49	4205.92	4	9422	
10	11	1	4	6	3	17399	24245648	20000	25049113	0.000931114	0.000714466	0	0.00383214	1252.46	2376.67	5	9422	
10	11	8	5	1	3	24836	24975267	27048	25429792	0.000937578	0.00059518	0	0.00408214	940.173	2101.03	5	9422	
10	11	1	6	2	3	20420	23909185	25689	26384841	0.000842771	0.000678423	0	0.00408214	1027.09	2108.92	4	9422	
10	11	4	7	4	3	19196	28618951	20536	29396140	0.00101707	0.000657692	0	0.003	1431.44	2299.26	5	9422	
11	12	1	1	7	3	28889	28369087	31646	28946670	0.000942536	0.000606618	0	0.00408214	914.702	2024.24	5	9422	
11	12	1	2	2	3	9230	22611605	14397	24972386	0.000815577	0.000927422	0	0.00383214	1734.55	2783.71	5	9422	
11	12	1	3	3	3	3669	16425442	5242	16767912	0.00129292	0.00124262	0	0.003	3198.76	4196.64	4	9422	
11	12	6	4	1	3	19945	28489868	23049	29822249	0.000918293	0.000701984	0	0.00383214	1293.86	2317.94	5	9422	
11	12	8	5	1	3	28550	28000981	30921	28489629	0.000931358	0.000579865	0	0.00408214	921.368	2056.95	5	9422	
11	12	8	6	2	3	23781	26225170	29305	28751156	0.000847021	0.000657998	0	0.00408214	981.101	2068.02	4	9422	
11	12	1	7	4	3	19834	30490689	21220	31328432	0.00102814	0.000673308	0	0.00383214	1476.36	2352.42	5	9422	
12	13	1	1	7	3	29115	29650288	31834	30214582	0.000952891	0.000623403	0	0.00408214	949.129	2088.89	5	9422	
12	13	1	2	2	3	9372	23864673	14600	26240923	0.000833621	0.000947259	0	0.00383214	1797.32	2856.65	5	9422	
12	13	1	3	3	3	3812	17727947	5423	18073956	0.00132888	0.00125692	0	0.003	3332.83	4244.37	4	9422	
12	13	1	4	1	3	22717	31146385	26731	32825715	0.000893485	0.00069234	0	0.00383214	1228	2248.89	5	9422	
12	13	8	5	1	3	31662	30285597	34226	30821633	0.000928626	0.000572944	0	0.00408214	900.533	2036.56	5	9422	
12	13	8	6	1	3	26921	29480539	33078	32329300	0.000843636	0.000646543	0	0.00408214	977.366	2027.29	4	9422	
12	13	4	7	1	3	22185	33855802	23693	34725901	0.00101982	0.000664145	0	0.00383214	1465.66	2333.16	5	9422	
13	14	2	1	7	3	30118	32206289	33152	33036856	0.00095305	0.000634483	0	0.00408214	996.527	2123.21	5	9422	
13	14	1	2	2	3	9515	25194883	14762	27573128	0.000853534	0.000966135	0	0.00383214	1867.85	2935.67	5	9422	
13	14	1	3	3	3	3955	19041121	5575	19387868	0.0013696	0.0012687	0	0.003	3477.64	4291.15	4	9422	
13	14	6	4	6	3	24561	33901258	30210	36384039	0.000854278	0.000698597	0	0.00383214	1204.37	2201.68	5	9422	
13	14	1	5	1	3	34660	32471942	37746	33103358	0.000920781	0.000571996	0	0.00408214	877.003	2017.26	5	9422	
13	14	8	6	2	3	29664	32244739	36563	35394559	0.000839046	0.000641295	0	0.00408214	968.043	2000.22	4	9422	
13	14	4	7	1	3	24211	36504177	25767	37394555	0.00101606	0.000659758	0	0.00383214	1451.26	2326.33	5	9422	
14	15	2	1	7	3	30516	33604176	33981	34515809	0.000950718	0.000650517	0	0.00408214	1015.74	2167.4	5	9422	
14	15	1	2	2	3	9658	26473719	14926	28854169	0.000872897	0.000983846	0	0.00383214	1933.15	3002.5	5	9422	
14	15	1	3	3	3	4112	20387761	5718	20733203	0.00141037	0.00127834	0	0.003	3625.95	4337.22	4	9422	
14	15	6	4	6	3	27609	37857647	33850	40587907	0.000849812	0.000685987	0	0.00383214	1199.05	2165.02	5	9422	
14	15	8	5	5	3	36967	34671330	40257	35323187	0.00092058	0.00057185	0	0.00408214	877.442	2022.5	5	9422	
14	15	8	6	2	3	32766	34900157	40280	38244234	0.00083768	0.000634558	0	0.00408214	949.46	1975.44	4	9422	
14	15	4	7	1	3	26078	39116045	27677	40047136	0.00101646	0.000657508	0	0.00383214	1446.95	2320.3	5	9422	
15	16	1	1	7	3	30659	34951522	34350	35887412	0.000952994	0.00066487	0	0.00408214	1044.76	2223.95	5	9422	
15	16	1	2	2	3	9801	27785599	15089	30168149	0.000891899	0.00100051	0	0.00383214	1999.35	3069.46	5	9422	
15	16	1	3	3	3	4560	21858148	6199	22197495	0.00140668	0.00126636	0	0.003	3580.82	4300.88	4	9422	
15	16	6	4	1	3	30613	41741546	37685	44863731	0.000838715	0.000675793	0	0.00383214	1190.49	2119.56	5	9422	
15	16	8	5	1	3	39260	36461960	42641	37126175	0.000925082	0.000572813	0	0.00408214	870.668	2024.91	5	9422	
15	16	1	6	1	3	34055	36596821	41629	39952095	0.000844415	0.000639003	0	0.00408214	959.718	2007.65	4	9422	
15	16	1	7	1	3	28580	41764136	30273	42730128	0.00101569	0.000651574	0	0.00383214	1411.49	2296.03	5	9422	
16	17	1	1	7	3	30826	36316166	34856	37421168	0.000951869	0.000680324	0	0.00408214	1073.59	2273.13	5	9422	
16	17	1	2	2	3	9944	29039937	15280	31427527	0.000908826	0.00101603	0	0.00383214	2056.78	3123.46	5	9422	
16	17	1	3	3	3	4703	23122501	6397	23466245	0.0014302	0.00127563	0	0.003	3668.32	4320.6	4	9422	
16	17	6	4	1	3	31713	43783749	38838	46927666	0.000846111	0.000680748	0	0.00383214	1208.29	2148.52	5	9422	
16	17	8	5	1	3	41516	39261122	45519	40239575	0.000920021	0.000581065	0	0.00408214	884.017	2016.92	5	9422	
16	17	1	6	2	3	34270	37888205	41844	41243118	0.000852807	0.000652466	0	0.00408214	985.64	2058.04	4	9422	
16	17	4	7	1	3	30724	44393050	32451	45366240	0.00101517	0.000647866	0	0.00383214	1397.99	2286.13	5	9422	
17	18	1	1	7	3	31017	37668386	35074	38775228	0.000958602	0.000692311	0	0.00408214	1105.53	2328.14	5	9422	
17	18	1	2	2	3	10087	30357619	15497	32743662	0.000923589	0.0010304	0	0.00383214	2112.9	3179.52	5	9422	
17	18	1	3	3	3	4845	24433899	6918	24974516	0.0013845	0.00129047	0	0.003	3610.08	4296.92	4	9422	
17	18	6	4	1	3	33919	47050606	41105	50232834	0.000856391	0.000679156	0	0.00408214	1222.06	2148.91	5	9422	
17	18	8	5	1	3	43868	42493578	49045	44041236	0.000904351	0.000590815	0	0.00408214	897.976	1995.27	5	9422	
17	18	1	6	2	3	35186	39490802	42990	42871931	0.000855618	0.000659234	0	0.00408214	997.254	2085.79	4	9422	
17	18	1	7	4	3	32512	47027933	34336	48072012	0.00101629	0.000648021	0	0.00383214	1400.05	2281.02	5	9422	
18	19	1	1	7	3	31617	39503875	36080	40688226	0.000955825	0.000702884	0	0.00408214	1127.72	2354.27	5	9422	
18	19	1	2	2	3	10230	31697988	15695	34089806	0.000939271	0.0010442	0	0.00383214	2172.02	3236.28	5	9422	
18	19	1	3	2	3	5007	25782947	7135	26328879	0.00140503	0.00129911	0	0.00383214	3690.1	4324.44	4	9422	
18	19	6	4	1	3	35940	49684426	43567	53201278	0.00085861	0.000680259	0	0.00408214	1221.14	2140.91	5	9422	
18	19	1	5	5	3	44592	44184530	49937	45772599	0.000907549	0.000598526	0	0.00408214	916.607	2025.02	5	9422	
18	19	1	6	1	3	36561	41966070	44416	45341839	0.000862346	0.000661864	0	0.00408214	1020.84	2112.78	4	9422	
18	19	4	7	1	3	34860	49631781	36739	50720635	0.00101485	0.000643497	0	0.00383214	1380.57	2272.93	5	9422	
19	20	1	1	7	3	33074	41896420	38293	43241576	0.000942409	0.000707867	0	0.00408214	1129.23	2349.64	5	9422	
19	20	1	2	2	3	10372	32998056	15854	35400976	0.000956911	0.0010575	0	0.00383214	2232.94	3288.76	5	9422	
19	20	1	3	3	3	5252	27137795	7290	27676990	0.00143759	0.00130455	0	0.00383214	3796.57	4354.08	4	9422	
19	20	1	4	1	3	38276	52291921	45958	55838593	0.000865852	0.000676102	0	0.00408214	1214.99	2135.17	5	9422	
19	20	1	5	5	3	44992	45798591	50454	47466881	0.000911442	0.000608891	0	0.00408214	940.795	2063.75	5	9422	
19	20	1	6	1	3	36806	43274339	44559	46639893	0.000869206	0.000671771	0	0.00408214	1046.7	2158.8	4	9422	
19	20	4	7	1	3	37307	52207986	39549	53440269	0.00100826	0.000643599	0	0.00383214	1351.24	2252.02	5	9422	
20	21	2	1	1	3	35938	44876243	41420	46261508	0.000937776	0.000697329	0	0.00408214	1116.89	2320.72	5	9422	
20	21	1	2	2	3	10515	34316253	15999	36719383	0.000975053	0.00107017	0	0.00383214	2295.1	3339.95	5	9422	
20	21	1	3	3	3	5713	28656753	8093	29253732	0.00137984	0.00129586	0	0.00383214	3614.7	4310.4	4	9422	
20	21	6	4	1	3	40450	54947929	48224	58506447	0.000871848	0.000673027	0	0.00408214	1213.22	2136.47	5	9422	
20	21	1	5	1	3	45631	47176849	51286	48870770	0.000914105	0.000617439	0	0.00408214	952.907	2093.33	5	9422	
20	21	1	6	1	3	37032	44552957	44710	47920751	0.000876294	0.000682097	0	0.00408214	1071.81	2201.91	4	9422	
20	21	4	7	1	3	39108	54910354	41400	56184753	0.00100791	0.000642685	0	0.00383214	1357.12	2250.85	5	9422	
21	22	1	1	7	3	38604	48382116	44138	49796880	0.000940556	0.000689323	0	0.00408214	1128.21	2302.7	5	9422	
21	22	1	2	2	3	10658	35597082	16196	38005882	0.00098968	0.00108189	0	0.00383214	2346.62	3381.61	5	9422	
21	22	1	3	3	3	5869	30005023	8320	30606013	0.00139557	0.00130227	0	0.00383214	3678.61	4333.12	4	9422	
21	22	6	4	1	3	43315	57556208	51132	61131187	0.000879229	0.000667028	0	0.00408214	1195.56	2122.73	5	9422	
21	22	1	5	5	3	47925	49208125	53900	50941730	0.000916088	0.000619332	0	0.00408214	945.116	2088.35	5	9422	
21	22	1	6	2	3	37249	45827908	44869	49192755	0.000883006	0.000691913	0	0.00408214	1096.36	2242.86	4	9422	
21	22	1	7	1	3	41448	57537788	43772	58840372	0.00100677	0.000638659	0	0.00383214	1344.25	2243.64	5	9422	
22	23	2	1	1	3	40075	50755012	45994	52246158	0.000939079	0.000692798	0	0.00408214	1135.93	2308.5	5	9422	
22	23	1	2	1	3	10801	36888195	16385	39301825	0.00100445	0.00109307	0	0.00383214	2398.65	3422.32	5	9422	
22	23	1	3	3	3	6073	31297175	8505	31887154	0.00141975	0.00130859	0	0.00383214	3749.22	4349.56	4	9422	
22	23	6	4	1	3	45446	59862420	53366	63489135	0.000884585	0.000665934	0	0.00408214	1189.69	2123.99	5	9422	
22	23	1	5	5	3	49162	52595666	55207	54347147	0.000919263	0.000622881	0	0.00408214	984.425	2114.16	5	9422	
22	23	1	6	1	3	37614	47158351	45683	50568768	0.000880964	0.000701505	0	0.00408214	1106.95	2270.43	4	9422	
22	23	1	7	1	3	42585	60175266	45026	61637710	0.0010113	0.000642747	0	0.00383214	1368.94	2257.01	5	9422	
23	24	2	1	1	3	43088	53503243	49372	55218505	0.000937907	0.000686199	0	0.00408214	1118.42	2279.86	5	9422	
23	24	1	2	2	3	10944	38223333	16576	40642003	0.00101875	0.00110368	0	0.00383214	2451.86	3465.04	5	9422	
23	24	1	3	3	3	6273	32600775	8738	33192300	0.0014363	0.00131224	0	0.00383214	3798.62	4363.06	4	9422	
23	24	6	4	6	3	47648	62614541	56207	66547015	0.000880557	0.000666036	0	0.00408214	1183.96	2117.99	5	9422	
23	24	8	5	1	3	50885	55165464	57158	56963034	0.000919811	0.000624349	0	0.00408214	996.589	2122.7	5	9422	
23	24	8	6	2	3	39281	48953378	47952	52437349	0.00087782	0.000703224	0	0.00408214	1093.54	2267.15	4	9422	
23	24	4	7	1	3	43727	62811481	46329	64480917	0.00101621	0.00064694	0	0.00383214	1391.8	2267.73	5	9422	
24	25	2	1	1	3	45577	55692396	52327	57522590	0.000935654	0.000684217	0	0.00408214	1099.29	2259.67	5	9422	
24	25	1	2	2	3	11087	39540485	16732	41951203	0.00103472	0.00111385	0	0.00383214	2507.24	3505.31	5	9422	
24	25	2	3	2	3	6790	33923333	9375	34533706	0.00141851	0.0012996	0	0.00383214	3683.6	4346.9	4	9422	
24	25	6	4	1	3	49377	64597692	59514	69089280	0.000862397	0.000671595	0	0.00408214	1160.89	2106.21	5	9422	
24	25	8	5	1	3	54186	58974253	60632	60843158	0.000920013	0.000618337	0	0.00408214	1003.48	2104.52	5	9422	
24	25	1	6	1	3	40324	50492435	49296	54007900	0.000880175	0.000706389	0	0.00408214	1095.58	2283.88	4	9422	
24	25	4	7	4	3	45544	65435633	48240	67188197	0.00101756	0.000647194	0	0.00383214	1392.79	2267.01	5	9422	
25	26	1	1	7	3	48567	58435061	55411	60277831	0.000935355	0.000675644	0	0.00408214	1087.83	2241.46	5	9422	
25	26	1	2	2	3	11230	40837219	16887	43249197	0.00105062	0.00112361	0	0.00383214	2561.09	3542.5	5	9422	
25	26	2	3	2	3	7887	35369240	11570	36067653	0.00127174	0.00125912	0	0.00383214	3117.34	4198.16	4	9422	
25	26	1	4	6	3	50455	66998055	60759	71514379	0.000865531	0.000675223	0	0.00408214	1177.02	2125.4	5	9422	
25	26	8	5	1	3	57950	63455958	64528	65381952	0.000919114	0.000609927	0	0.00408214	1013.23	2080.37	5	9422	
25	26	8	6	2	3	41935	52646863	51511	56225054	0.000874941	0.000706781	0	0.00408214	1091.52	2281.74	4	9422	
25	26	4	7	1	3	46832	68055692	49615	69910899	0.00101968	0.000649613	0	0.00383214	1409.07	2274.51	5	9422	
26	27	1	1	7	3	49108	60126208	55968	61967753	0.000939397	0.000681708	0	0.00408214	1107.2	2268.48	5	9422	
26	27	1	2	2	3	11372	42137865	17042	44560525	0.00106624	0.00113289	0	0.00383214	2614.75	3578.85	5	9422	
26	27	1	3	3	3	9115	36909259	13150	37650738	0.00122984	0.00121866	0	0.00383214	2863.17	4102.2	4	9422	
26	27	1	4	1	3	52328	69543875	62948	74103748	0.000866619	0.000675284	0	0.00408214	1177.22	2131.01	5	9422	
26	27	8	5	1	3	61637	67369568	68451	69432964	0.000915953	0.00060278	0	0.00408214	1014.35	2057.4	5	9422	
26	27	8	6	2	3	44014	54412237	54009	58114571	0.000873457	0.000703329	0	0.00408214	1076.02	2275	4	9422	
26	27	4	7	1	3	49231	70673601	52083	72557816	0.00101897	0.000646661	0	0.00383214	1393.12	2265.38	5	9422	
27	28	1	1	7	3	49306	61443574	56162	63284692	0.000944522	0.000689813	0	0.00408214	1126.82	2301.4	5	9422	
27	28	1	2	2	3	11515	43409862	17190	45833047	0.00108202	0.00114174	0	0.00383214	2666.26	3610.46	5	9422	
27	28	1	3	3	3	9474	38281642	13527	39024882	0.0012486	0.00122014	0	0.00408214	2884.96	4114.3	4	9422	
27	28	6	4	1	3	54989	73324343	66575	78462993	0.000859818	0.000673788	0	0.00408214	1178.57	2111.3	5	9422	
27	28	1	5	1	3	65114	72052357	72135	74228655	0.000916915	0.000598923	0	0.00408214	1029.02	2037.75	5	9422	
27	28	1	6	1	3	45428	56200578	55712	59964118	0.00087599	0.000703931	0	0.00408214	1076.32	2282.71	4	9422	
27	28	4	7	1	3	51315	73325122	54219	75241877	0.00101855	0.000645209	0	0.00383214	1387.74	2259.4	5	9422	
28	29	2	1	1	3	50109	63617834	57210	65652484	0.000944508	0.000695212	0	0.00408214	1147.57	2319.54	5	9422	
28	29	1	2	2	3	11658	44677433	17333	47100618	0.00109784	0.00115018	0	0.00383214	2717.4	3640.63	5	9422	
28	29	1	3	3	3	10519	40070573	14647	40821129	0.00124181	0.00119425	0	0.00408214	2787	4050.96	4	9422	
28	29	6	4	1	3	55840	75370639	67604	80554117	0.00086352	0.000679384	0	0.00408214	1191.56	2132.29	5	9422	
28	29	8	5	1	3	66710	74277854	73886	76463754	0.000918918	0.000601657	0	0.00408214	1034.89	2049.61	5	9422	
28	29	1	6	1	3	45571	57500908	55981	61273561	0.000879444	0.000711602	0	0.00408214	1094.54	2313.84	4	9422	
28	29	4	7	1	3	53458	75958084	56415	77910953	0.00101842	0.000643836	0	0.00383214	1381.03	2253.65	5	9422	
29	30	1	1	1	3	51444	65247811	59119	67378428	0.00094183	0.00069939	0	0.00408214	1139.71	2323.44	5	9422	
29	30	1	2	2	3	11801	45977802	17509	48404452	0.00111131	0.00115813	0	0.00383214	2764.55	3670.14	5	9422	
29	30	2	3	3	3	10761	41405705	14820	42142311	0.00126026	0.00120133	0	0.00408214	2843.61	4078.98	4	9422	
29	30	6	4	1	3	57689	78621418	69630	84004549	0.000869852	0.000680168	0	0.00408214	1206.44	2134.89	5	9422	
29	30	8	5	1	3	68261	76018999	75772	78255153	0.00091821	0.000605133	0	0.00408214	1032.77	2058.76	5	9422	
29	30	1	6	1	3	46004	58920100	57112	62861876	0.000874912	0.00072005	0	0.00408214	1100.68	2331.11	4	9422	
29	30	1	7	1	3	54587	78578340	57652	80682022	0.0010218	0.00064686	0	0.00383214	1399.47	2263.58	5	9422	
30	31	2	1	7	3	51587	66550208	59556	68703457	0.000942122	0.000707183	0	0.00408214	1153.59	2349.38	5	9422	
30	31	1	2	2	3	11944	47325148	17695	49756313	0.00112387	0.00116569	0	0.00383214	2811.89	3701.55	5	9422	
30	31	2	3	2	3	13321	44224257	17773	45027784	0.00119702	0.00113346	0	0.00408214	2533.49	3863.91	4	9422	
30	31	6	4	1	3	60313	81250884	72325	86661241	0.000875042	0.000676829	0	0.00408214	1198.22	2127.36	5	9422	
30	31	1	5	5	3	71465	79192833	79175	81473506	0.000919183	0.000602697	0	0.00408214	1029.03	2051.18	5	9422	
30	31	1	6	1	3	46248	60207242	57263	64144220	0.000880386	0.000727025	0	0.00408214	1120.17	2361.54	4	9422	
30	31	4	7	1	3	55774	81211941	58967	83470640	0.00102569	0.000649539	0	0.00383214	1415.55	2271.79	5	9422	
31	32	1	1	7	3	52981	68382298	61086	70584713	0.000944671	0.000707463	0	0.00408214	1155.5	2356.34	5	9422	
31	32	3	2	2	3	12087	48672494	17884	51099172	0.00113581	0.00117286	0	0.00383214	2857.26	3731.06	5	9422	
31	32	1	3	2	3	15274	46355616	19827	47196513	0.00117285	0.00109445	0	0.00408214	2380.42	3759.57	4	9422	
31	32	6	4	1	3	62057	83875516	74122	89308568	0.000878395	0.000676457	0	0.00408214	1204.89	2134.31	5	9422	
31	32	1	5	5	3	73594	81271574	81821	83660538	0.000917044	0.000605145	0	0.00408214	1022.48	2051.2	5	9422	
31	32	1	6	2	3	46788	61847460	57807	65781642	0.000885592	0.000732064	0	0.00408214	1137.95	2385.2	4	9422	
31	32	4	7	1	3	56943	83840108	60258	86259796	0.00102862	0.000652023	0	0.00383214	1431.51	2278.53	5	9422	
32	33	1	1	1	3	53304	69896786	61444	72116285	0.000948877	0.000713552	0	0.00408214	1173.69	2381.44	5	9422	
32	33	1	2	2	3	12230	49999252	18106	52434225	0.00114558	0.00117971	0	0.00383214	2895.96	3756.31	5	9422	
32	33	1	3	3	3	15509	47687563	19972	48519175	0.0011862	0.00110162	0	0.00408214	2429.36	3791.1	4	9422	
32	33	1	4	1	3	63254	86500412	75466	92117911	0.000883864	0.000679058	0	0.00408214	1220.65	2144.24	5	9422	
32	33	1	5	5	3	76090	85224505	84427	87626778	0.000918529	0.000604181	0	0.00408214	1037.9	2053.49	5	9422	
32	33	1	6	1	3	46959	63177482	57949	67100292	0.000890773	0.000738602	0	0.00408214	1157.92	2416.25	4	9422	
32	33	4	7	1	3	58086	86438775	61505	89005469	0.00103142	0.000654339	0	0.00383214	1447.13	2288.3	5	9422	
33	34	1	1	7	3	53447	71244132	62104	73612286	0.000945653	0.00072171	0	0.00408214	1185.31	2402.9	5	9422	
33	34	1	2	2	3	12372	51281257	18287	53729642	0.0011577	0.00118635	0	0.00383214	2938.13	3779.93	5	9422	
33	34	1	3	3	3	15754	49019591	20119	49841573	0.00119942	0.00110839	0	0.00408214	2477.34	3820.88	4	9422	
33	34	1	4	1	3	65848	89109368	78109	94749124	0.000888782	0.000676274	0	0.00408214	1213.04	2139.69	5	9422	
33	34	8	5	1	3	78735	89193549	87210	91635443	0.000920316	0.000603285	0	0.00408214	1050.74	2054.31	5	9422	
33	34	1	6	1	3	47102	64510508	58092	68433318	0.000895965	0.00074506	0	0.00408214	1178.02	2447.05	4	9422	
33	34	4	7	1	3	59215	89083108	62713	91756850	0.00103349	0.000656584	0	0.00383214	1463.12	2298.04	5	9422	
34	35	1	1	7	3	53590	72560352	62247	74928506	0.000950372	0.000727559	0	0.00408214	1203.73	2430.88	5	9422	
34	35	1	2	2	3	12515	52571383	18473	55024283	0.00116927	0.00119269	0	0.00383214	2978.63	3802.11	5	9422	
34	35	1	3	3	3	15999	50347502	20262	51158820	0.00121212	0.00111471	0	0.00408214	2524.87	3849.56	4	9422	
34	35	1	4	6	3	67148	91006972	79503	96655605	0.000892596	0.000678023	0	0.00408214	1215.75	2151.26	5	9422	
34	35	1	5	1	3	81006	91449426	89595	93924485	0.000923231	0.00060388	0	0.00408214	1048.32	2055.81	5	9422	
34	35	1	6	1	3	47244	65848432	58235	69780664	0.000901131	0.000751395	0	0.00408214	1198.26	2477.87	4	9422	
34	35	4	7	1	3	60465	91702929	64046	94479080	0.00103515	0.000658296	0	0.00383214	1475.18	2303.78	5	9422	
35	36	1	1	7	3	53732	73872120	62390	76249696	0.00095507	0.000733304	0	0.00408214	1222.15	2458.57	5	9422	
35	36	1	2	2	3	12658	53886100	18685	56346245	0.00117896	0.00119874	0	0.00383214	3015.59	3823.61	5	9422	
35	36	1	3	3	3	16240	51687381	20410	52488934	0.00122492	0.00112114	0	0.00408214	2571.73	3877.41	4	9422	
35	36	6	4	6	3	67404	92364659	79766	98014001	0.000897444	0.000684714	0	0.00408214	1228.77	2175.97	5	9422	
35	36	1	5	5	3	82197	92907119	90893	95380182	0.000925685	0.000606956	0	0.00408214	1049.37	2069.28	5	9422	
35	36	8	6	2	3	48504	67922722	59957	72051194	0.000899394	0.000752628	0	0.00408214	1201.71	2476.12	4	9422	
35	36	1	7	1	3	61649	94316091	65376	97274426	0.00103818	0.000660599	0	0.00383214	1487.92	2311.05	5	9422	
36	37	2	1	1	3	53875	75133874	62562	77514462	0.000959301	0.000739067	0	0.00408214	1239	2482.7	5	9422	
36	37	1	2	2	3	12801	55181368	18854	57644243	0.00119115	0.00120458	0	0.00383214	3057.4	3844.67	5	9422	
36	37	1	3	3	3	16457	53004202	20552	53788563	0.00123718	0.0011269	0	0.00408214	2617.19	3903.14	4	9422	
36	37	6	4	1	3	67646	93690640	80013	99349742	0.000902605	0.000691242	0	0.00408214	1241.67	2199.55	5	9422	
36	37	8	5	1	3	85410	96546114	94390	99117982	0.000924007	0.000604036	0	0.00408214	1050.09	2058.42	5	9422	
36	37	8	6	2	3	50982	69585712	63190	73796141	0.00089316	0.000746849	0	0.00408214	1167.85	2452.49	4	9422	
36	37	1	7	1	3	62897	96969638	66798	100139017	0.00104132	0.000662659	0	0.00383214	1499.13	2314.35	5	9422	
37	38	2	1	1	3	55016	76623377	64979	79227050	0.000943765	0.000744156	0	0.00408214	1219.27	2471.61	5	9422	
37	38	1	2	2	3	12944	56505380	18997	58968255	0.00120476	0.00121018	0	0.00383214	3104.08	3868.02	5	9422	
37	38	1	3	3	3	16600	54309262	20731	55096242	0.00124719	0.00113266	0	0.00408214	2657.67	3925.59	4	9422	
37	38	6	4	1	3	69575	95505459	81970	101167240	0.000905535	0.000689589	0	0.00408214	1234.2	2203.25	5	9422	
37	38	8	5	1	3	86175	98189301	95271	100795204	0.000926343	0.000607776	0	0.00408214	1057.98	2075.36	5	9422	
37	38	8	6	2	3	53164	71737747	65516	75979585	0.000896243	0.000742456	0	0.00408214	1159.71	2444.03	4	9422	
37	38	4	7	1	3	64048	99585983	68033	102854163	0.00104238	0.000664673	0	0.00383214	1511.83	2319.41	5	9422	
38	39	1	1	7	3	58082	78697962	68099	81308662	0.000944521	0.000734727	0	0.00408214	1193.98	2448.59	5	9422	
38	39	1	2	2	3	13087	57767376	19143	60221249	0.00121783	0.00121549	0	0.00383214	3145.86	3886.25	5	9422	
38	39	1	3	3	3	16742	55602430	21208	56435528	0.00123937	0.00113984	0	0.00408214	2661.05	3931	4	9422	
38	39	6	4	1	3	72700	101829562	85388	107742436	0.000904463	0.000683897	0	0.00408214	1261.8	2192.72	5	9422	
38	39	8	5	1	3	89359	101004490	98648	103674036	0.000926006	0.000604821	0	0.00408214	1050.95	2066.42	5	9422	
38	39	1	6	1	3	55195	73560184	67730	77820639	0.000897914	0.000738695	0	0.00408214	1148.98	2437.75	4	9422	
38	39	4	7	1	3	65253	102220496	69381	105673439	0.00104483	0.000666611	0	0.00383214	1523.09	2325.31	5	9422	
39	40	1	1	7	3	58825	80178177	68861	82791001	0.000948716	0.000737852	0	0.00408214	1202.29	2465.44	5	9422	
39	40	1	2	2	3	13230	59055374	19328	61513657	0.00122837	0.00122061	0	0.00383214	3182.62	3903.78	5	9422	
39	40	1	3	3	3	16885	56927244	21351	57760342	0.00125116	0.00114505	0	0.00408214	2705.28	3955.09	4	9422	
39	40	6	4	1	3	74156	104908219	86986	111013772	0.000908938	0.000684935	0	0.00408214	1276.23	2197.84	5	9422	
39	40	8	5	1	3	92090	103818938	101574	106503649	0.00092576	0.00060337	0	0.00408214	1048.53	2064.92	5	9422	
39	40	8	6	2	3	56215	74949921	68802	79203948	0.000901615	0.000740004	0	0.00408214	1151.19	2448.73	4	9422	
39	40	4	7	1	3	66759	104840569	71001	108432490	0.00104606	0.000667443	0	0.00383214	1527.2	2326.26	5	9422	
40	41	2	1	7	3	60819	81989313	71224	84667565	0.000948799	0.000736461	0	0.00408214	1188.75	2456.56	5	9422	
40	41	1	2	2	3	13372	60352002	19474	62820022	0.00124119	0.00122549	0	0.00383214	3225.84	3923.15	5	9422	
40	41	1	3	3	3	17028	58246645	21494	59079743	0.0012628	0.00115006	0	0.00408214	2748.66	3977.82	4	9422	
40	41	1	4	1	3	75889	107547161	88792	113730535	0.000911907	0.000684567	0	0.00408214	1280.86	2200.33	5	9422	
40	41	1	5	5	3	93429	106161224	102909	108841770	0.000928026	0.000605227	0	0.00408214	1057.65	2077.53	5	9422	
40	41	8	6	2	3	57122	76459219	69754	80711326	0.000906082	0.000742513	0	0.00408214	1157.09	2462.73	4	9422	
40	41	4	7	1	3	67879	107450701	72191	111137688	0.00104712	0.0006691	0	0.00383214	1539.5	2332.86	5	9422	
41	42	2	1	7	3	63133	83874214	73796	86605938	0.000949212	0.000732991	0	0.00408214	1173.59	2443.27	5	9422	
41	42	1	2	2	3	13515	61690434	19634	64160239	0.00125292	0.00123017	0	0.00383214	3267.81	3943.02	5	9422	
41	42	1	3	2	3	17173	59541767	21699	60378521	0.00127075	0.00115521	0	0.00408214	2782.55	3995.14	4	9422	
41	42	6	4	1	3	77570	110158234	90534	116391283	0.000914258	0.000684082	0	0.00408214	1285.61	2200.57	5	9422	
41	42	1	5	5	3	93640	107471580	103249	110159755	0.000929718	0.000610046	0	0.00408214	1066.93	2096.4	5	9422	
41	42	8	6	2	3	59647	79602119	73206	84104335	0.000899822	0.000740206	0	0.00433214	1148.87	2433.71	4	9422	
41	42	4	7	1	3	69025	110102353	73471	113967254	0.00104938	0.000670892	0	0.00383214	1551.19	2338.12	5	9422	
42	43	2	1	1	3	64141	85438115	75827	88425847	0.000941753	0.000738257	0	0.00408214	1166.15	2439.24	5	9422	
42	43	1	2	2	3	13658	62990346	19797	65462251	0.00126428	0.00123465	0	0.00383214	3306.68	3959.68	5	9422	
42	43	1	3	3	3	17316	60855179	21860	61692951	0.00128102	0.00115995	0	0.00408214	2822.18	4015.07	4	9422	
42	43	6	4	1	3	80324	112810387	93329	119064365	0.000916139	0.00068008	0	0.00408214	1275.75	2194.64	5	9422	
42	43	8	5	1	3	95283	109227511	105442	111987036	0.000927453	0.000612844	0	0.00408214	1062.07	2100.2	5	9422	
42	43	1	6	1	3	60469	81031035	74137	85541207	0.000903589	0.000742589	0	0.00433214	1153.83	2447.86	4	9422	
42	43	4	7	1	3	70632	112710424	75131	116621825	0.00104836	0.000670558	0	0.00383214	1552.25	2338.45	5	9422	
43	44	2	1	1	3	64590	86803787	76376	89802242	0.000945005	0.000742374	0	0.00408214	1175.79	2456.83	5	9422	
43	44	1	2	2	3	13801	64272011	19979	66748011	0.00127423	0.00123897	0	0.00383214	3340.91	3974.09	5	9422	
43	44	1	3	3	3	17459	62138038	22042	62970340	0.00128977	0.0011646	0	0.00408214	2856.83	4031.32	4	9422	
43	44	6	4	1	3	81626	115345437	94678	121648251	0.000918052	0.000680806	0	0.00408214	1284.86	2201.9	5	9422	
43	44	1	5	5	3	95686	110540779	105789	113294881	0.000930707	0.000617629	0	0.00408214	1070.95	2116.72	5	9422	
43	44	1	6	1	3	60814	82401393	74497	86912537	0.000908059	0.000747086	0	0.00433214	1166.66	2469.27	4	9422	
43	44	1	7	1	3	71765	115345641	76344	119371210	0.00104945	0.000671937	0	0.00383214	1563.6	2344.17	5	9422	
44	45	1	1	7	3	65372	88206342	77219	91209342	0.000948908	0.000744899	0	0.00408214	1181.18	2468.77	5	9422	
44	45	1	2	1	3	13944	65619357	20165	68099872	0.00128375	0.00124314	0	0.00383214	3377.13	3991.36	5	9422	
44	45	1	3	3	3	17602	63476220	22474	64330295	0.00128406	0.00117056	0	0.00408214	2862.43	4038.4	4	9422	
44	45	6	4	1	3	83538	118056924	96619	124361696	0.000919655	0.000679362	0	0.00408214	1287.13	2204.05	5	9422	
44	45	1	5	5	3	96283	112738338	107746	116388674	0.000921627	0.000625715	0	0.00408214	1080.21	2121.3	5	9422	
44	45	1	6	1	3	61119	83758602	74803	88269831	0.00091261	0.000751769	0	0.00433214	1180.03	2491.01	4	9422	
44	45	4	7	1	3	72918	117985343	77571	122097153	0.00105032	0.000673357	0	0.00383214	1574.01	2349.7	5	9422	
45	46	1	1	7	3	65635	89543291	77552	92552309	0.00095201	0.000749435	0	0.00408214	1193.42	2488.37	5	9422	
45	46	1	2	2	3	14087	66966703	20364	69443781	0.00129213	0.00124714	0	0.00383214	3410.12	4007.36	5	9422	
45	46	1	3	3	3	17851	64786166	22782	65655029	0.00129386	0.00117484	0	0.00408214	2881.88	4049.06	4	9422	
45	46	6	4	1	3	86146	120669351	99297	127004449	0.000921223	0.00067631	0	0.00408214	1279.04	2199.9	5	9422	
45	46	1	5	1	3	97459	114217145	109005	117875775	0.000923952	0.000627768	0	0.00408214	1081.38	2130.43	5	9422	
45	46	1	6	1	3	61745	85126835	75459	89639473	0.000916851	0.000755256	0	0.00433214	1187.92	2505.97	4	9422	
45	46	4	7	1	3	74257	120606452	79019	124860488	0.00105176	0.000674468	0	0.00383214	1580.13	2352.47	5	9422	
46	47	1	1	7	3	67564	92281898	79542	95295158	0.000953844	0.000746657	0	0.00408214	1198.05	2485.56	5	9422	
46	47	1	2	2	3	14230	68310300	20554	70792313	0.00130105	0.00125101	0	0.00383214	3444.21	4022.92	5	9422	
46	47	1	3	3	3	18187	66086440	23111	66954595	0.0013036	0.00117633	0	0.00408214	2897.09	4056.98	4	9422	
46	47	6	4	1	3	88804	123325411	102021	129682541	0.000922241	0.000672974	0	0.00408214	1271.14	2195.55	5	9422	
46	47	8	5	5	3	97893	115596394	109396	119250536	0.000927145	0.000631936	0	0.00408214	1090.08	2147.58	5	9422	
46	47	1	6	1	3	62016	86412716	75730	90915999	0.000921471	0.000760547	0	0.00433214	1200.53	2524.41	4	9422	
46	47	4	7	1	3	75586	123221654	80462	127613920	0.00105301	0.000675291	0	0.00383214	1586.01	2355.97	5	9422	
47	48	1	1	7	3	67724	93561933	79759	96570742	0.000956732	0.000751324	0	0.00408214	1210.78	2504.19	5	9422	
47	48	1	2	2	3	14372	69625898	20729	72120693	0.00131077	0.00125469	0	0.00383214	3479.22	4037.48	5	9422	
47	48	2	3	2	3	18947	67494479	23903	68365521	0.00130541	0.00116893	0	0.00408214	2860.12	4043.47	4	9422	
47	48	1	4	1	3	90811	125956813	104068	132346311	0.000923726	0.000672093	0	0.00408214	1271.73	2196.19	5	9422	
47	48	1	5	5	3	98529	116944176	110229	120614897	0.000928284	0.000635567	0	0.00408214	1094.22	2160.42	5	9422	
47	48	1	6	1	3	63990	89264103	77773	93778069	0.000924706	0.000757945	0	0.00433214	1205.79	2518.63	4	9422	
47	48	4	7	1	3	77052	125856635	82026	130362128	0.00105376	0.000675476	0	0.00383214	1589.28	2357.52	5	9422	
48	49	2	1	1	3	69516	95270511	81915	98345883	0.000954797	0.000749946	0	0.00408214	1200.58	2498.46	5	9422	
48	49	1	2	2	3	14515	70919711	20875	73414821	0.00132215	0.00125813	0	0.00383214	3516.88	4050.42	5	9422	
48	49	1	3	2	3	19170	68786837	24119	69655572	0.00131492	0.00117322	0	0.00408214	2888	4056.55	4	9422	
48	49	6	4	1	3	92989	128590858	106299	135002296	0.000925648	0.000670865	0	0.00408214	1270.02	2194.16	5	9422	
48	49	1	5	5	3	99071	119090370	110763	122756125	0.000931221	0.000639182	0	0.00408214	1108.28	2176.43	5	9422	
48	49	8	6	2	3	65376	90964524	79310	95506412	0.000926741	0.000757699	0	0.00433214	1204.22	2521.34	4	9422	
48	49	4	7	1	3	79170	128486942	84236	133056537	0.00105304	0.000674162	0	0.00383214	1579.57	2351.63	5	9422	
49	50	1	1	7	3	72298	98324286	84760	101431807	0.000955312	0.000744005	0	0.00408214	1196.69	2481.87	5	9422	
49	50	1	2	2	3	14658	72190169	21050	74688639	0.00133154	0.00126152	0	0.00383214	3548.15	4060.82	5	9422	
49	50	1	3	3	3	19637	70126779	24668	70999146	0.00131539	0.00117092	0	0.00408214	2878.19	4056.16	4	9422	
49	50	6	4	1	3	95287	131180711	108707	137635400	0.000927	0.000669196	0	0.00408214	1266.11	2192.59	5	9422	
49	50	1	5	5	3	99247	120440072	110940	124096864	0.000933597	0.000643165	0	0.00408214	1118.59	2194.99	5	9422	
49	50	8	6	2	3	67419	92693099	81377	97236521	0.000929569	0.000754351	0	0.00433214	1194.89	2515.81	4	9422	
49	50	4	7	1	3	81131	131121017	86249	135745003	0.00105211	0.000672687	0	0.00383214	1573.87	2347.46	5	9422	
50	51	1	1	7	3	72542	99615689	84903	102714899	0.000958756	0.000748092	0	0.00408214	1209.79	2500.46	5	9422	
50	51	3	2	1	3	14801	73501769	21279	76009269	0.00133737	0.00126497	0	0.00383214	3572.03	4071.45	5	9422	
50	51	1	3	3	3	20825	71629876	26057	72510231	0.00130104	0.00115597	0	0.00408214	2782.75	4015.19	4	9422	
50	51	6	4	1	3	97131	133837145	110601	140337164	0.000928493	0.000668458	0	0.00408214	1268.86	2193.85	5	9422	
50	51	1	5	5	3	99405	121764460	111139	125423569	0.000935808	0.000647196	0	0.00408214	1128.53	2212.59	5	9422	
50	51	1	6	2	3	70810	96483513	84836	101054323	0.000931197	0.00074581	0	0.00433214	1191.17	2487.99	4	9422	
50	51	1	7	1	3	83886	133754373	89068	138406581	0.0010487	0.000668481	0	0.00383214	1553.94	2339.24	5	9422	
51	52	1	1	7	3	72732	100917038	85109	104017138	0.000962115	0.000752674	0	0.00408214	1222.16	2518.56	5	9422	
51	52	1	2	2	3	14944	74801275	21458	77312555	0.0013462	0.00126813	0	0.00383214	3602.97	4082.51	5	9422	
51	52	1	3	3	3	22106	73230821	27440	74122597	0.00128921	0.00114001	0	0.00408214	2701.26	3972.93	4	9422	
51	52	6	4	1	3	99097	136480188	112619	143009243	0.00092961	0.000667523	0	0.00408214	1269.85	2193.69	5	9422	
51	52	1	5	5	3	100267	123575299	112179	127260765	0.000936275	0.000649918	0	0.00408214	1134.44	2221.48	5	9422	
51	52	1	6	1	3	70993	97799354	85015	102369905	0.0009348	0.000750474	0	0.00433214	1204.14	2507.12	4	9422	
51	52	4	7	1	3	86433	136175051	91655	140846424	0.00104656	0.000665237	0	0.00383214	1536.7	2334.41	5	9422	
52	53	1	1	7	3	73226	102848305	85586	105946951	0.000964914	0.000755936	0	0.00408214	1237.9	2533.61	5	9422	
52	53	3	2	2	3	15087	76053811	21660	78561969	0.00135332	0.00127124	0	0.00383214	3627.05	4090.19	5	9422	
52	53	2	3	2	3	22510	74577425	27875	75480937	0.00129408	0.0011396	0	0.00408214	2707.84	3978.64	4	9422	
52	53	6	4	1	3	100790	139097856	114395	145711331	0.000931471	0.00066757	0	0.00408214	1273.76	2195.08	5	9422	
52	53	1	5	5	3	100615	124903744	112528	128589315	0.000939496	0.000654083	0	0.00408214	1142.73	2236.9	5	9422	
52	53	1	6	1	3	71227	99117653	85161	103679441	0.000938235	0.000754603	0	0.00433214	1217.45	2526.26	4	9422	
52	53	4	7	4	3	87806	139002999	93125	143794267	0.00104712	0.000665906	0	0.00383214	1544.1	2337.66	5	9422	
53	54	1	1	1	3	73956	104331549	86628	107466257	0.000964602	0.000758508	0	0.00408214	1240.55	2542.29	5	9422	
53	54	1	2	2	3	15230	77377688	21876	79893511	0.00135957	0.00127432	0	0.00383214	3652.11	4100.73	5	9422	
53	54	1	3	3	3	22739	75885028	28042	76782440	0.00130301	0.0011434	0	0.00408214	2738.12	3994.07	4	9422	
53	54	6	4	1	3	102337	141736413	116037	148454401	0.000933614	0.000668264	0	0.00408214	1279.37	2198.14	5	9422	
53	54	8	5	1	3	102442	127312039	114900	131111658	0.000937803	0.000655688	0	0.00408214	1141.09	2235.11	5	9422	
53	54	1	6	1	3	71471	100462054	85304	105007311	0.000941685	0.000758659	0	0.00433214	1230.98	2545.98	4	9422	
53	54	4	7	1	3	88905	141598635	94332	146541322	0.00104891	0.000667624	0	0.00383214	1553.46	2342.83	5	9422	
54	55	2	1	1	3	74601	105985608	87364	109115311	0.000967402	0.000761264	0	0.00408214	1248.97	2553.39	5	9422	
54	55	1	2	2	3	15372	78671819	22088	81204309	0.00136594	0.00127728	0	0.00383214	3676.4	4109.9	5	9422	
54	55	1	3	3	3	22967	77235086	28252	78131218	0.00131208	0.00114707	0	0.00408214	2765.51	4009.28	4	9422	
54	55	1	4	1	3	104007	144354980	117842	151233955	0.000936034	0.000668467	0	0.00408214	1283.36	2199.65	5	9422	
54	55	1	5	5	3	104876	130328931	117611	134192548	0.000937213	0.00065446	0	0.00408214	1140.99	2230.33	5	9422	
54	55	1	6	1	3	71889	101939831	85762	106496834	0.000944121	0.000761874	0	0.00433214	1241.77	2560.97	4	9422	
54	55	4	7	1	3	90170	144271036	95678	149321256	0.00104973	0.000668462	0	0.00383214	1560.66	2344.44	5	9422	
55	56	2	1	1	3	76798	108589601	89814	111756179	0.000966391	0.000757984	0	0.00408214	1244.31	2542.51	5	9422	
55	56	1	2	1	3	15515	79926880	22284	82464935	0.00137318	0.00128009	0	0.00383214	3700.63	4116.98	5	9422	
55	56	1	3	3	3	23166	78534092	28494	79432634	0.00131859	0.00115034	0	0.00408214	2787.7	4020.72	4	9422	
55	56	6	4	1	3	106536	146961428	121079	153949422	0.000931784	0.000667744	0	0.00408214	1271.48	2192.87	5	9422	
55	56	1	5	1	3	107156	132727962	120012	136618122	0.00093883	0.000653631	0	0.00408214	1138.37	2228.66	5	9422	
55	56	1	6	1	3	72031	103250622	86233	107835693	0.000943939	0.000766603	0	0.00433214	1250.52	2575.79	4	9422	
55	56	4	7	1	3	91331	146895234	96969	152114407	0.00105148	0.000669963	0	0.00383214	1568.69	2347.25	5	9422	
56	57	2	1	1	3	79451	111438318	92640	114651790	0.000966381	0.000753112	0	0.00408214	1237.61	2529.1	5	9422	
56	57	3	2	1	3	15658	81256400	22473	83799285	0.00138072	0.00128277	0	0.00383214	3728.89	4127.18	5	9422	
56	57	1	3	3	3	23400	79840323	28651	80733659	0.00132698	0.00115357	0	0.00408214	2817.83	4035.26	4	9422	
56	57	1	4	6	3	108291	149629187	123367	157038795	0.000929618	0.000668639	0	0.00408214	1272.94	2189.78	5	9422	
56	57	1	5	5	3	110731	137189672	123723	141131431	0.000939343	0.000649717	0	0.00408214	1140.7	2213.73	5	9422	
56	57	1	6	1	3	72174	104517862	86479	109107909	0.000946215	0.00077075	0	0.00433214	1261.67	2591.39	4	9422	
56	57	1	7	1	3	92727	149508499	98467	154847186	0.00105215	0.000670642	0	0.00383214	1572.58	2349.73	5	9422	
57	58	2	1	1	3	81430	113209916	94710	116434423	0.00096716	0.000750346	0	0.00408214	1229.38	2525.37	5	9422	
57	58	1	2	2	3	15801	82581126	22652	85127791	0.00138875	0.0012853	0	0.00383214	3758.07	4136.93	5	9422	
57	58	2	3	2	3	23710	81167888	28891	82047906	0.00133449	0.0011557	0	0.00408214	2839.91	4045.14	4	9422	
57	58	6	4	1	3	109929	152247520	125095	159750008	0.00093144	0.000668712	0	0.00408214	1277.03	2192.1	5	9422	
57	58	8	5	1	3	112669	140338455	125683	144291948	0.000941204	0.000649475	0	0.00408214	1148.06	2216.22	5	9422	
57	58	1	6	1	3	72402	105820991	86639	110406110	0.000949482	0.000774649	0	0.00433214	1274.32	2608.71	4	9422	
57	58	1	7	4	3	93836	152119997	99669	157584276	0.00105325	0.000671947	0	0.00383214	1581.08	2354.62	5	9422	
58	59	1	1	7	3	82125	114607059	95459	117836090	0.000970493	0.000752951	0	0.00408214	1234.42	2535.7	5	9422	
58	59	1	2	2	3	15944	83853018	22856	86406088	0.00139512	0.00128787	0	0.00383214	3780.46	4143.57	5	9422	
58	59	1	3	3	3	23898	82532818	29172	83421645	0.00133802	0.00115852	0	0.00408214	2859.65	4055.36	4	9422	
58	59	6	4	1	3	111363	154872660	126643	162498321	0.000933592	0.000669387	0	0.00408214	1283.12	2195.25	5	9422	
58	59	8	5	1	3	114009	142649724	127131	146644966	0.00094201	0.000650802	0	0.00408214	1153.49	2222.34	5	9422	
58	59	1	6	1	3	73724	107477656	88234	112086665	0.000949854	0.000774604	0	0.00433214	1270.33	2609.1	4	9422	
58	59	4	7	1	3	95005	154740925	100921	160301532	0.00105443	0.000672925	0	0.00383214	1588.39	2358.83	5	9422	
59	60	2	1	7	3	83286	116424400	96807	119692345	0.000972807	0.000754325	0	0.00408214	1236.4	2538.47	5	9422	
59	60	1	2	2	3	16087	85120136	23078	87672184	0.00140016	0.00129044	0	0.00383214	3798.95	4149.85	5	9422	
59	60	1	3	3	3	24040	83860483	29315	84758732	0.00134613	0.00116148	0	0.00408214	2891.31	4070.77	4	9422	
59	60	6	4	1	3	113345	157508643	128666	165180405	0.000934642	0.000668463	0	0.00408214	1283.79	2194.88	5	9422	
59	60	8	5	1	3	116756	144644203	129953	148650998	0.000942917	0.000648586	0	0.00408214	1143.88	2219.04	5	9422	
59	60	1	6	1	3	74248	109027188	89034	113746099	0.000950228	0.000777387	0	0.00433214	1277.56	2617.77	4	9422	
59	60	4	7	1	3	96655	157404335	102697	163092045	0.00105486	0.000673102	0	0.00383214	1588.09	2357.59	5	9422	
60	61	1	1	7	3	84682	118100895	99024	121518767	0.000969091	0.000756457	0	0.00408214	1227.16	2532.86	5	9422	
60	61	1	2	2	3	16230	86410216	23298	88970349	0.00140535	0.00129293	0	0.00383214	3818.8	4156.6	5	9422	
60	61	1	3	3	3	24183	85143458	29458	86041707	0.00135416	0.00116435	0	0.00408214	2920.83	4083.39	4	9422	
60	61	6	4	1	3	115192	160136909	130572	167855229	0.000935911	0.000667961	0	0.00408214	1285.54	2195.77	5	9422	
60	61	1	5	5	3	117213	145969147	130412	149976144	0.000945677	0.000652077	0	0.00408214	1150.02	2230.83	5	9422	
60	61	1	6	1	3	74391	110336557	89195	115047650	0.000953288	0.000781096	0	0.00433214	1289.84	2634.5	4	9422	
60	61	4	7	1	3	97793	159986859	103924	165795415	0.00105608	0.000674153	0	0.00383214	1595.35	2362	5	9422	
61	62	2	1	1	3	87147	120596169	101723	124059988	0.000969294	0.000753187	0	0.00408214	1219.59	2519.22	5	9422	
61	62	1	2	2	3	16372	87694872	23497	90270307	0.00141171	0.00129524	0	0.00383214	3841.78	4163.87	5	9422	
61	62	1	3	3	3	24326	86419643	29601	87317892	0.00136211	0.00116712	0	0.00408214	2949.83	4095.42	4	9422	
61	62	1	4	1	3	117250	162755813	132663	170488792	0.000936773	0.000666864	0	0.00408214	1285.13	2196.26	5	9422	
61	62	1	5	5	3	119359	147696233	132673	151718494	0.00094661	0.000651271	0	0.00408214	1143.55	2229.78	5	9422	
61	62	1	6	1	3	75012	111688796	89908	116406389	0.000955555	0.000783545	0	0.00433214	1294.73	2644.57	4	9422	
61	62	4	7	1	3	98950	162653536	105240	168678690	0.00105774	0.000675339	0	0.00383214	1602.8	2364.91	5	9422	
62	63	2	1	1	3	90183	125891929	105194	129822405	0.000967401	0.00074878	0	0.00408214	1234.12	2496.3	5	9422	
62	63	1	2	2	3	16515	88981145	23658	91558470	0.00142023	0.00129728	0	0.00383214	3870.08	4171.13	5	9422	
62	63	1	3	3	3	24469	87766989	29745	88665288	0.00136994	0.00116982	0	0.00408214	2980.85	4109.98	4	9422	
62	63	6	4	1	3	119038	165403304	134521	173194637	0.000938108	0.000666497	0	0.00408214	1287.49	2197.66	5	9422	
62	63	1	5	1	3	122027	150692130	135538	154737383	0.000946498	0.000649644	0	0.00408214	1141.65	2224.9	5	9422	
62	63	8	6	1	3	75603	113037145	90561	117767813	0.000958196	0.000785587	0	0.00433214	1300.43	2655.32	4	9422	
62	63	4	7	1	3	100274	165248763	106653	171382692	0.00105855	0.000675871	0	0.00383214	1606.92	2367.56	5	9422	
63	64	2	1	1	3	93420	130111475	108766	134357863	0.000965923	0.0007435	0	0.00408214	1235.29	2472.76	5	9422	
63	64	1	2	2	3	16658	90268857	23827	92848912	0.00142816	0.00129927	0	0.00383214	3896.79	4177.8	5	9422	
63	64	1	3	3	3	24612	89094725	29899	89993511	0.00137723	0.00117251	0	0.00408214	3009.92	4122.98	4	9422	
63	64	6	4	6	3	121339	168034111	136849	175835027	0.000939069	0.000665001	0	0.00408214	1284.88	2196.32	5	9422	
63	64	8	5	1	3	125615	155698928	139276	159819103	0.000946575	0.000646127	0	0.00408214	1147.5	2211.87	5	9422	
63	64	1	6	1	3	76332	114348627	91367	119083597	0.000960596	0.000786971	0	0.00433214	1303.35	2662.59	4	9422	
63	64	4	7	1	3	101477	167856707	107932	174083256	0.00105916	0.00067663	0	0.00383214	1612.9	2371.28	5	9422	
64	65	1	1	7	3	95515	132751123	111091	137045592	0.000966175	0.000741676	0	0.00408214	1233.63	2464.97	5	9422	
64	65	1	2	2	3	16801	91604724	23975	94185304	0.00143724	0.00130106	0	0.00383214	3928.48	4186.42	5	9422	
64	65	1	3	3	3	24755	90427075	30041	91316439	0.0013849	0.00117502	0	0.00408214	3039.73	4136.01	4	9422	
64	65	6	4	1	3	122638	170649054	138246	178564598	0.000940603	0.000665851	0	0.00408214	1291.64	2200.46	5	9422	
64	65	8	5	1	3	129274	159344538	143107	163538085	0.000945155	0.000642122	0	0.00408214	1142.77	2198.74	5	9422	
64	65	8	6	2	3	78576	115996375	94017	120773809	0.00095802	0.000782641	0	0.00433214	1284.6	2649.72	4	9422	
64	65	1	7	1	3	103294	170522198	109811	176802138	0.00105854	0.000676256	0	0.00383214	1610.06	2370.75	5	9422	
65	66	1	1	7	3	97009	134408377	112794	138736224	0.000966624	0.000741566	0	0.00408214	1230	2464.58	5	9422	
65	66	1	2	2	3	16944	92930787	24120	95511577	0.00144639	0.00130275	0	0.00383214	3959.85	4194.34	5	9422	
65	66	1	3	3	3	24898	91729349	30184	92618713	0.00139255	0.00117747	0	0.00408214	3068.47	4147.53	4	9422	
65	66	6	4	1	3	124648	173277124	140323	181231556	0.00094182	0.000665459	0	0.00408214	1291.53	2200.11	5	9422	
65	66	8	5	1	3	132005	162010180	145957	166258507	0.000945444	0.000640408	0	0.00408214	1139.09	2194.83	5	9422	
65	66	1	6	1	3	79301	117364925	94915	122154929	0.000959217	0.000784479	0	0.00433214	1286.99	2656.65	4	9422	
65	66	4	7	1	3	104971	173164003	111573	179510143	0.00105843	0.000676371	0	0.00383214	1608.9	2370.18	5	9422	
66	67	1	1	7	3	97434	135751415	113224	140079590	0.00096952	0.000744569	0	0.00408214	1237.19	2476.64	5	9422	
66	67	1	2	2	3	17087	94251042	24282	96824510	0.00145428	0.00130446	0	0.00383214	3987.5	4201.33	5	9422	
66	67	1	3	3	3	25040	93008266	30374	93911325	0.00139797	0.00118021	0	0.00408214	3091.83	4156.61	4	9422	
66	67	1	4	6	3	127112	175240018	143295	183314347	0.000939647	0.000664698	0	0.00408214	1279.28	2195.96	5	9422	
66	67	8	5	1	3	134590	164056663	148576	168312003	0.000945875	0.000638643	0	0.00408214	1132.83	2192.44	5	9422	
66	67	1	6	1	3	79539	118686090	95097	123471771	0.000962737	0.000788292	0	0.00433214	1298.38	2672.01	4	9422	
66	67	4	7	1	3	106582	175795221	113279	182233427	0.00105849	0.000676545	0	0.00383214	1608.71	2369.51	5	9422	
67	68	1	1	7	3	98098	137484913	113997	141858346	0.00097146	0.000746894	0	0.00408214	1244.4	2485.4	5	9422	
67	68	1	2	2	3	17230	95516567	24468	98094550	0.00146076	0.00130626	0	0.00383214	4009.1	4205.88	5	9422	
67	68	2	3	2	3	25272	94382179	31081	95338201	0.00138227	0.00118477	0	0.00408214	3067.41	4149.17	4	9422	
67	68	6	4	1	3	129401	178345525	146200	186967850	0.000937507	0.000664813	0	0.00408214	1278.85	2190.89	5	9422	
67	68	8	5	1	3	135793	167259002	149803	171541951	0.000948072	0.00064051	0	0.00408214	1145.12	2199.78	5	9422	
67	68	1	6	1	3	79762	120000324	95332	124776656	0.000966001	0.000791899	0	0.00433214	1308.86	2686.23	4	9422	
67	68	4	7	1	3	108342	178397640	115115	184918180	0.00105828	0.000676316	0	0.00383214	1606.38	2368.44	5	9422	
68	69	2	1	7	3	98396	138863746	116710	143858002	0.000953829	0.000754372	0	0.00408214	1232.61	2476.71	5	9422	
68	69	1	2	2	3	17372	96784997	24677	99379332	0.00146577	0.00130816	0	0.00383214	4027.2	4210.44	5	9422	
68	69	2	3	2	3	26834	96073659	33523	97194337	0.00133652	0.00116956	0	0.00408214	2899.33	4081.27	4	9422	
68	69	1	4	1	3	131368	181151296	148768	190053995	0.000935398	0.000665544	0	0.00408214	1277.52	2189.54	5	9422	
68	69	8	5	1	3	138723	171820975	153316	176784040	0.000945928	0.000639845	0	0.00408214	1153.07	2189.29	5	9422	
68	69	8	6	2	3	80671	121341022	96651	126149291	0.000964545	0.000793048	0	0.00433214	1305.2	2687.34	4	9422	
68	69	4	7	1	3	109900	181051185	116779	187684586	0.00105843	0.000676517	0	0.00383214	1607.18	2367.79	5	9422	
69	70	2	1	1	3	98796	140256543	117783	145443810	0.000951041	0.000758195	0	0.00408214	1234.85	2482.62	5	9422	
69	70	1	2	2	3	17515	98097570	24853	100695370	0.00147265	0.00130977	0	0.00383214	4051.64	4216.42	5	9422	
69	70	1	3	3	3	27764	97495599	34516	98620676	0.00133169	0.00116146	0	0.00408214	2857.25	4066.63	4	9422	
69	70	6	4	1	3	133730	183811128	151213	192735573	0.000936536	0.00066445	0	0.00408214	1274.6	2188.06	5	9422	
69	70	1	5	5	3	140966	174915947	155602	179901038	0.000947094	0.000639303	0	0.00408214	1156.16	2188.89	5	9422	
69	70	1	6	1	3	81048	122664697	97058	127483536	0.000967627	0.000796226	0	0.00433214	1313.48	2699.56	4	9422	
69	70	4	7	1	3	112419	183669111	119351	190324717	0.00105701	0.000674389	0	0.00383214	1594.66	2362.02	5	9422	
70	71	1	1	7	3	99098	141582006	118106	146780222	0.000953872	0.000761147	0	0.00408214	1242.78	2495.16	5	9422	
70	71	1	2	2	3	17658	99342603	24996	101940403	0.00148139	0.00131109	0	0.00383214	4078.27	4220.31	5	9422	
70	71	1	3	2	3	28426	98902640	35217	100031107	0.00133235	0.00115809	0	0.00408214	2840.42	4060.01	4	9422	
70	71	6	4	1	3	135170	186450664	152768	195491210	0.000938123	0.000664986	0	0.00408214	1279.66	2191.34	5	9422	
70	71	8	5	1	3	142847	176637077	157513	181616541	0.000948334	0.000639223	0	0.00408214	1153.03	2191.51	5	9422	
70	71	1	6	1	3	81553	124261752	97530	129082007	0.000970369	0.000798792	0	0.00433214	1323.51	2709.94	4	9422	
70	71	4	7	1	3	114145	186314286	121158	193040177	0.00105683	0.00067424	0	0.00383214	1593.29	2361.47	5	9422	
71	72	1	1	7	3	100277	143135126	119378	148341899	0.000956036	0.000761565	0	0.00408214	1242.62	2498.72	5	9422	
71	72	1	2	2	3	17801	100627839	25144	103226164	0.00148973	0.00131237	0	0.00383214	4105.4	4225.04	5	9422	
71	72	2	3	2	3	28938	100377193	35719	101494472	0.00133424	0.00115669	0	0.00408214	2841.47	4060.47	4	9422	
71	72	6	4	1	3	136592	189060410	154311	198249994	0.000939978	0.000665667	0	0.00408214	1284.74	2194.47	5	9422	
71	72	1	5	5	3	145568	178719128	160282	183704689	0.000948842	0.000637516	0	0.00408214	1146.13	2189.18	5	9422	
71	72	1	6	1	3	81789	125549930	97695	130366192	0.000973383	0.000802082	0	0.00433214	1334.42	2723.76	4	9422	
71	72	1	7	1	3	116888	188928914	123938	195670433	0.0010555	0.00067153	0	0.00383214	1578.78	2354.82	5	9422	
72	73	2	1	1	3	103381	147054261	122879	152330638	0.000953465	0.000756524	0	0.00408214	1239.68	2482	5	9422	
72	73	1	2	2	3	17944	101966065	25287	104564390	0.00149827	0.00131355	0	0.00383214	4135.1	4231.57	5	9422	
72	73	1	3	3	3	29107	101731924	36093	102913044	0.00133304	0.00115984	0	0.00408214	2851.33	4064.14	4	9422	
72	73	6	4	1	3	138298	191683397	156100	200944681	0.000941083	0.000665612	0	0.00408214	1287.28	2196.03	5	9422	
72	73	1	5	5	3	146515	181536684	161235	186528221	0.000950288	0.000639123	0	0.00408214	1156.87	2196.72	5	9422	
72	73	1	6	1	3	81994	126919680	98156	131905517	0.000973752	0.000805879	0	0.00433214	1343.84	2734.95	4	9422	
72	73	1	7	4	3	118179	190988199	125291	197734931	0.00105609	0.000672358	0	0.00383214	1578.21	2358.71	5	9422	
73	74	2	1	1	3	106932	149902683	126537	155200254	0.000952945	0.000750064	0	0.00408214	1226.52	2465.44	5	9422	
73	74	1	2	2	3	18087	103301091	25456	105892829	0.00150506	0.00131486	0	0.00383214	4159.84	4237.52	5	9422	
73	74	1	3	3	3	29249	102966582	36239	104155711	0.00133951	0.00116227	0	0.00408214	2874.13	4073.43	4	9422	
73	74	6	4	1	3	140265	194129918	158196	203440018	0.000941635	0.00066517	0	0.00408214	1286	2195.16	5	9422	
73	74	8	5	1	3	148597	185409187	163632	190443249	0.000949246	0.000639093	0	0.00408214	1163.85	2197.22	5	9422	
73	74	1	6	1	3	82137	128242919	98457	133236425	0.000975132	0.000809283	0	0.00433214	1353.24	2747.91	4	9422	
73	74	4	7	1	3	120081	194035244	127988	201742934	0.00104935	0.000674231	0	0.00383214	1576.26	2352.1	5	9422	
74	75	1	1	1	3	108651	152116430	129830	157933349	0.000943621	0.000751459	0	0.00408214	1216.46	2452.13	5	9422	
74	75	1	2	2	3	18230	104581984	25653	107179392	0.00151023	0.00131635	0	0.00383214	4178.05	4241.12	5	9422	
74	75	1	3	3	3	29748	104338910	36789	105531097	0.00133971	0.00116044	0	0.00408214	2868.55	4073.69	4	9422	
74	75	6	4	1	3	143218	196940079	161570	206383868	0.00093995	0.000663377	0	0.00408214	1277.37	2187.71	5	9422	
74	75	8	5	1	3	151202	188750229	166493	193839072	0.000948386	0.000637957	0	0.00408214	1164.25	2194.81	5	9422	
74	75	8	6	2	3	83561	129695187	100084	134699336	0.000975459	0.000807766	0	0.00433214	1345.86	2745.17	4	9422	
74	75	4	7	1	3	121796	196818905	129821	204646552	0.00104911	0.000674182	0	0.00383214	1576.37	2350.81	5	9422	
75	76	2	1	1	3	110922	154526730	132282	160369816	0.000944496	0.000749263	0	0.00408214	1212.33	2445.78	5	9422	
75	76	1	2	2	3	18372	105908794	25863	108522659	0.00151455	0.00131791	0	0.00383214	4196.06	4246.48	5	9422	
75	76	1	3	3	3	29993	105674904	36932	106860592	0.00134614	0.00116277	0	0.00408214	2893.44	4085.51	4	9422	
75	76	1	4	1	3	144917	199586129	163386	209159241	0.000941233	0.000663333	0	0.00408214	1280.15	2188.8	5	9422	
75	76	8	5	1	3	154351	191956177	170102	197126893	0.00094627	0.000636235	0	0.00408214	1158.87	2187.51	5	9422	
75	76	1	6	1	3	85504	131250506	102855	136343173	0.000969143	0.000805433	0	0.00433214	1325.59	2729.54	4	9422	
75	76	4	7	1	3	123906	199438120	132011	207336567	0.00104878	0.00067309	0	0.00383214	1570.6	2348.41	5	9422	
76	77	1	1	7	3	111580	156424314	133141	162295021	0.000945137	0.000751	0	0.00408214	1218.97	2452.89	5	9422	
76	77	1	2	2	3	18515	107248174	26043	109865924	0.00152056	0.00131917	0	0.00383214	4218.64	4251.89	5	9422	
76	77	1	3	3	3	30239	106996248	37076	108172556	0.00135258	0.0011651	0	0.00408214	2917.59	4096.49	4	9422	
76	77	6	4	1	3	146262	202227426	164807	211885255	0.000942537	0.00066386	0	0.00408214	1285.66	2191.8	5	9422	
76	77	1	5	5	3	157951	194989748	173757	200168175	0.000946335	0.000633338	0	0.00408214	1152	2180.95	5	9422	
76	77	8	6	2	3	86148	132968300	103442	138087036	0.000971231	0.000806903	0	0.00433214	1334.92	2737.95	4	9422	
76	77	4	7	1	3	126364	202090736	134573	210034437	0.00104777	0.000671463	0	0.00383214	1560.75	2343.83	5	9422	
77	78	2	1	1	3	113101	158909869	135363	164948362	0.000942715	0.000751604	0	0.00408214	1218.56	2449.93	5	9422	
77	78	3	2	1	3	18658	108564948	26228	111187108	0.00152619	0.00132043	0	0.00383214	4239.25	4256.31	5	9422	
77	78	1	3	3	3	30478	108293062	37219	109462821	0.00135891	0.00116732	0	0.00408214	2941.05	4106.58	4	9422	
77	78	6	4	6	3	148239	204844471	167199	214614274	0.000941144	0.000663978	0	0.00408214	1283.59	2191.28	5	9422	
77	78	8	5	1	3	159537	197099193	175397	202276573	0.000947458	0.000633816	0	0.00408214	1153.25	2184.33	5	9422	
77	78	1	6	1	3	86325	134316255	103595	139432865	0.000974233	0.000810219	0	0.00433214	1345.94	2752.32	4	9422	
77	78	4	7	1	3	128025	204723514	136344	212771152	0.00104816	0.000671578	0	0.00383214	1560.55	2343.45	5	9422	
78	79	2	1	1	3	115175	162459279	138530	168746382	0.000937179	0.000751285	0	0.00408214	1218.12	2439.7	5	9422	
78	79	1	2	2	3	18801	109894108	26391	112518368	0.00153302	0.00132146	0	0.00383214	4263.51	4261.03	5	9422	
78	79	1	3	3	3	30681	109628191	37427	110788372	0.00136424	0.00116932	0	0.00408214	2960.12	4115.78	4	9422	
78	79	6	4	1	3	150511	207482795	169516	217279558	0.000941775	0.000662921	0	0.00408214	1281.76	2190.36	5	9422	
78	79	8	5	1	3	163099	202035085	179063	207231305	0.000947528	0.000631213	0	0.00408214	1157.31	2178.61	5	9422	
78	79	1	6	1	3	86847	135860766	104105	140993991	0.000976399	0.000812132	0	0.00433214	1354.34	2762.23	4	9422	
78	79	1	7	1	3	129661	207316088	138110	215478800	0.00104862	0.000671671	0	0.00383214	1560.2	2343.36	5	9422	
79	80	2	1	1	3	116937	164133268	140369	170429353	0.00093879	0.000750273	0	0.00408214	1214.15	2440.37	5	9422	
79	80	1	2	2	3	18944	111153248	26566	113780868	0.00153907	0.00132255	0	0.00383214	4282.95	4263.44	5	9422	
79	80	1	3	3	3	30977	111099237	37950	112275510	0.00136065	0.00117084	0	0.00408214	2958.51	4113.01	4	9422	
79	80	6	4	1	3	152044	210079309	171170	220010244	0.000943315	0.000663361	0	0.00408214	1285.33	2192.53	5	9422	
79	80	8	5	1	3	166833	204905407	182893	210125016	0.000947285	0.000628278	0	0.00408214	1148.9	2171.13	5	9422	
79	80	1	6	1	3	86998	137119310	105060	142373139	0.000971688	0.000816332	0	0.00433214	1355.16	2765.72	4	9422	
79	80	4	7	1	3	132473	209979822	141249	218276234	0.00104505	0.000669991	0	0.00383214	1545.33	2335.09	5	9422	
80	81	2	1	7	3	119498	166220296	143362	172588590	0.000937763	0.000747873	0	0.00408214	1203.87	2432.1	5	9422	
80	81	3	2	1	3	19087	112468694	26722	115088362	0.00154602	0.00132343	0	0.00383214	4306.88	4267.39	5	9422	
80	81	2	3	3	3	31119	112411796	38442	113617212	0.0013544	0.00117477	0	0.00408214	2955.55	4114	4	9422	
80	81	6	4	1	3	153445	212736035	172709	222831778	0.00094502	0.000663948	0	0.00408214	1290.22	2195.6	5	9422	
80	81	8	5	1	3	168579	208042621	184744	213372950	0.000948399	0.000628529	0	0.00408214	1154.97	2173.05	5	9422	
80	81	1	6	2	3	87141	138420899	105276	143680358	0.000973769	0.000819311	0	0.00433214	1364.8	2777.97	4	9422	
80	81	4	7	1	3	134797	212615817	143612	220930272	0.00104419	0.000668725	0	0.00383214	1538.38	2331.31	5	9422	
81	82	1	1	7	3	120459	167667225	144855	174140913	0.000936871	0.000749353	0	0.00408214	1202.17	2435.03	5	9422	
81	82	1	2	2	3	19230	113766775	26884	116388438	0.00155267	0.00132431	0	0.00383214	4329.28	4270.54	5	9422	
81	82	2	3	2	3	31870	113993002	40346	115377882	0.00131633	0.00117409	0	0.00408214	2859.71	4071.94	4	9422	
81	82	6	4	1	3	154683	215352702	174139	225694513	0.000947057	0.000664886	0	0.00408214	1296.06	2197.97	5	9422	
81	82	8	5	1	3	169971	210672078	186295	216185386	0.000950023	0.000629414	0	0.00408214	1160.45	2175.96	5	9422	
81	82	1	6	1	3	87763	140278338	106029	145551814	0.000975078	0.000820694	0	0.00433214	1372.75	2783.49	4	9422	
81	82	4	7	1	3	137076	215244108	145949	223587252	0.00104335	0.000667479	0	0.00383214	1531.95	2328.4	5	9422	
82	83	1	1	7	3	122116	169188378	146703	175666111	0.000937762	0.000748276	0	0.00408214	1197.43	2435.25	5	9422	
82	83	1	2	2	3	19372	115055247	27043	117688012	0.0015594	0.00132512	0	0.00383214	4351.88	4273.52	5	9422	
82	83	2	3	2	3	34102	116285962	43766	117867032	0.00126469	0.00115571	0	0.00408214	2693.12	3984	4	9422	
82	83	1	4	1	3	156443	217989562	176012	228426994	0.000948004	0.000664886	0	0.00408214	1297.79	2199.03	5	9422	
82	83	8	5	1	3	172012	213106852	188516	218712718	0.000950919	0.000629434	0	0.00408214	1160.18	2175.91	5	9422	
82	83	8	6	2	3	89796	142201159	108278	147510105	0.000975985	0.000817279	0	0.00433214	1362.33	2773.73	4	9422	
82	83	4	7	1	3	138735	217870910	147734	226333236	0.00104389	0.000667542	0	0.00383214	1532.03	2328.52	5	9422	
83	84	1	1	7	3	124764	171907213	149977	178526921	0.000935725	0.000746181	0	0.00408214	1190.36	2424.26	5	9422	
83	84	1	2	2	3	19515	116386068	27202	119020513	0.00156606	0.00132589	0	0.00383214	4375.43	4277.53	5	9422	
83	84	1	3	3	3	34346	117609893	44038	119192705	0.00126904	0.00115726	0	0.00408214	2706.59	3991.67	4	9422	
83	84	6	4	1	3	159202	220608433	178831	231055380	0.000948496	0.000663114	0	0.00408214	1292.03	2195.87	5	9422	
83	84	1	5	1	3	174969	215854768	191790	221586477	0.000950545	0.000628005	0	0.00408214	1155.36	2170.78	5	9422	
83	84	8	6	2	3	93030	144950650	111878	150375189	0.000974403	0.000809543	0	0.00433214	1344.1	2748.74	4	9422	
83	84	4	7	1	3	140063	220477185	149200	229113714	0.00104503	0.000668384	0	0.00383214	1535.61	2330.62	5	9422	
84	85	2	1	1	3	125648	173306954	150883	179937745	0.000937623	0.000747353	0	0.00408214	1192.56	2430.49	5	9422	
84	85	1	2	1	3	19658	117733414	27370	120370484	0.00157212	0.0013267	0	0.00383214	4397.9	4281.84	5	9422	
84	85	1	3	2	3	34680	118957537	44407	120542265	0.0012731	0.00115785	0	0.00408214	2714.49	3997.22	4	9422	
84	85	6	4	6	3	161277	223234642	180988	233732856	0.000949547	0.000662778	0	0.00408214	1291.43	2195.45	5	9422	
84	85	8	5	1	3	177634	218575229	194620	224362265	0.000950747	0.000626824	0	0.00408214	1152.82	2167.92	5	9422	
84	85	8	6	2	3	94598	146644829	114292	152203203	0.000968951	0.000808653	0	0.00433214	1331.7	2738.76	4	9422	
84	85	4	7	1	3	141231	223127120	150475	231909550	0.00104608	0.000669271	0	0.00383214	1541.18	2333.6	5	9422	
85	86	1	1	7	3	125932	174592986	151173	181224123	0.00094028	0.000750219	0	0.00408214	1198.79	2440.18	5	9422	
85	86	1	2	2	3	19801	119080760	27525	121719090	0.00157885	0.00132735	0	0.00383214	4422.13	4285.97	5	9422	
85	86	1	3	3	3	34917	120263025	44609	121836311	0.00127975	0.00116085	0	0.00408214	2731.2	4005.76	4	9422	
85	86	6	4	1	3	163884	225628442	184123	236267245	0.000947722	0.000662106	0	0.00408214	1283.2	2191.66	5	9422	
85	86	8	5	1	3	180045	221195969	197118	227033262	0.000951332	0.000626238	0	0.00408214	1151.76	2166.17	5	9422	
85	86	1	6	1	3	95369	148122850	115195	153693329	0.000970366	0.000809554	0	0.00433214	1334.2	2744.03	4	9422	
85	86	1	7	1	3	142615	225738970	152005	234683865	0.00104669	0.00066979	0	0.00383214	1543.92	2334.87	5	9422	
86	87	2	1	1	3	126735	176212883	152358	182885431	0.000939771	0.000751823	0	0.00408214	1200.37	2443.81	5	9422	
86	87	1	2	2	3	19944	120428105	27698	123069585	0.00158448	0.00132813	0	0.00383214	4443.27	4289.94	5	9422	
86	87	2	3	3	3	37436	122464928	47476	124096317	0.00125675	0.00113878	0	0.00408214	2613.87	3939.86	4	9422	
86	87	1	4	6	3	165973	227915917	187354	238840472	0.000942638	0.000663191	0	0.00408214	1274.81	2187.14	5	9422	
86	87	8	5	1	3	182257	223838693	199382	229703706	0.000951648	0.000625875	0	0.00408214	1152.08	2165.96	5	9422	
86	87	1	6	1	3	95813	149504488	115727	155080111	0.000972105	0.000811491	0	0.00433214	1340.05	2753.21	4	9422	
86	87	4	7	1	3	143854	228380497	153396	237505770	0.00104802	0.000670548	0	0.00383214	1548.32	2336.37	5	9422	
87	88	1	1	7	3	127778	178714711	153489	185395321	0.000940706	0.000752574	0	0.00408214	1207.87	2448.49	5	9422	
87	88	3	2	1	3	20384	121838663	28186	124475638	0.00158182	0.00132418	0	0.00383214	4416.22	4293.08	5	9422	
87	88	1	3	3	3	38154	124367451	48243	126026004	0.00125659	0.00113516	0	0.00408214	2612.32	3929.71	4	9422	
87	88	6	4	1	3	168445	230144397	190149	241113744	0.000941947	0.000662474	0	0.00408214	1268.03	2185.02	5	9422	
87	88	8	5	1	3	184335	226464354	201522	232364788	0.000951994	0.0006257	0	0.00408214	1153.05	2165.53	5	9422	
87	88	1	6	1	3	96006	150855053	115985	156434858	0.000974277	0.00081435	0	0.00433214	1348.75	2765.02	4	9422	
87	88	4	7	4	3	145320	231017077	155019	240311038	0.00104867	0.000670929	0	0.00383214	1550.2	2336.64	5	9422	
88	89	1	1	1	3	128332	180193596	154065	186876572	0.000942895	0.000754563	0	0.00408214	1212.97	2457.1	5	9422	
88	89	1	2	2	3	21574	123372937	29391	126012038	0.0015667	0.00130815	0	0.00383214	4287.44	4292.95	5	9422	
88	89	1	3	3	3	38297	125675924	48386	127334477	0.00126175	0.00113743	0	0.00408214	2631.64	3940.18	4	9422	
88	89	1	4	6	3	170039	231919067	192400	243044714	0.000939829	0.000663515	0	0.00408214	1263.23	2186.04	5	9422	
88	89	8	5	1	3	187236	228940704	204498	234864544	0.000952222	0.000624392	0	0.00408214	1148.49	2162.29	5	9422	
88	89	1	6	1	3	96576	152466257	116535	158036397	0.000976103	0.00081582	0	0.00433214	1356.13	2772.65	4	9422	
88	89	4	7	1	3	147759	233626785	157881	243125508	0.00104561	0.000670548	0	0.00383214	1539.93	2331.42	5	9422	
89	90	1	1	7	3	128530	181535331	154247	188207426	0.000944875	0.000757182	0	0.00408214	1220.17	2468.12	5	9422	
89	90	3	2	1	3	23491	125121815	31451	127787311	0.00152706	0.00128385	0	0.00383214	4063.06	4273.89	5	9422	
89	90	1	3	2	3	39030	127116795	49601	128962402	0.00125053	0.0011351	0	0.00408214	2600	3922.26	4	9422	
89	90	1	4	6	3	171927	234039989	194364	245170292	0.000940876	0.000663304	0	0.00408214	1261.4	2187.83	5	9422	
89	90	8	5	1	3	190484	231738172	207814	237682456	0.000952528	0.000622713	0	0.00408214	1143.73	2157.38	5	9422	
89	90	1	6	1	3	96766	153737202	116688	159305098	0.0009785	0.000818404	0	0.00433214	1365.22	2783.56	4	9422	
89	90	4	7	1	3	148955	236260810	159218	245950497	0.00104669	0.000671255	0	0.00383214	1544.74	2332.89	5	9422	
90	91	1	1	7	3	129104	183295361	155117	189991899	0.000945111	0.000759029	0	0.00408214	1224.83	2474.33	5	9422	
90	91	3	2	1	3	25366	127414594	33786	130144377	0.00147903	0.00126375	0	0.00383214	3852.02	4232.51	5	9422	
90	91	2	3	2	3	39786	128564483	50391	130412257	0.00125138	0.00113157	0	0.00408214	2588.01	3917.56	4	9422	
90	91	6	4	6	3	174241	237679349	197924	249441371	0.000935664	0.000664056	0	0.00408214	1260.29	2181.36	5	9422	
90	91	1	5	5	3	193337	233717672	210769	239678896	0.000952657	0.000621468	0	0.00408214	1137.16	2155.02	5	9422	
90	91	1	6	2	3	97298	155098837	117930	160986898	0.000975185	0.00082103	0	0.00433214	1365.11	2784.47	4	9422	
90	91	4	7	1	3	150545	238894958	160898	248666608	0.00104672	0.000671194	0	0.00383214	1545.49	2333.3	5	9422	
91	92	1	1	7	3	129417	184651524	157315	191679479	0.000935624	0.00076323	0	0.00408214	1218.44	2472.21	5	9422	
91	92	3	2	1	3	27769	130127700	37463	133280786	0.00139844	0.00124132	0	0.00383214	3557.66	4153.2	5	9422	
91	92	1	3	2	3	41955	130245481	52688	132105926	0.00123889	0.0011151	0	0.00408214	2507.32	3875.69	4	9422	
91	92	1	4	6	3	175287	239273961	199518	251139755	0.00093456	0.000665887	0	0.00408214	1258.73	2184.96	5	9422	
91	92	8	5	1	3	195512	236998574	213048	243029704	0.000953362	0.000621393	0	0.00408214	1140.73	2154.39	5	9422	
91	92	1	6	1	3	97851	156534308	118539	162423915	0.000977254	0.000822664	0	0.00433214	1370.21	2792.25	4	9422	
91	92	4	7	1	3	152063	241520134	162496	251388301	0.00104697	0.000671327	0	0.00383214	1547.04	2333.7	5	9422	
92	93	1	1	7	3	129967	186337690	157953	193403610	0.000937098	0.00076456	0	0.00408214	1224.44	2479.48	5	9422	
92	93	1	2	2	3	30580	133208427	41055	136725405	0.00134228	0.00121212	0	0.00383214	3330.3	4067.13	5	9422	
92	93	2	3	2	3	45537	132497978	56324	134356895	0.00121994	0.00108762	0	0.00408214	2385.43	3802.69	4	9422	
92	93	6	4	1	3	177776	243407185	202084	255300441	0.000935128	0.00066465	0	0.00408214	1263.34	2184.34	5	9422	
92	93	8	5	1	3	198824	239433598	216458	245482072	0.000953416	0.000619686	0	0.00408214	1134.09	2149.82	5	9422	
92	93	1	6	1	3	98494	157912792	119299	163810069	0.000978612	0.000823835	0	0.00433214	1373.11	2798.55	4	9422	
92	93	1	7	1	3	153582	244156721	164163	254178010	0.0010475	0.000671584	0	0.00383214	1548.33	2333.85	5	9422	
93	94	1	1	7	3	130110	187685036	158145	194754587	0.000938673	0.000766785	0	0.00408214	1231.49	2490.28	5	9422	
93	94	1	2	2	3	30819	134531960	41202	138039278	0.0013482	0.001214	0	0.00383214	3350.31	4074.83	5	9422	
93	94	2	3	2	3	47348	134160199	58187	136026078	0.00121417	0.00107661	0	0.00408214	2337.74	3774.07	4	9422	
93	94	6	4	1	3	180680	246408066	205730	258489882	0.000932444	0.000663819	0	0.00408214	1256.45	2178.02	5	9422	
93	94	8	5	1	3	202346	242253209	220049	248324694	0.000953008	0.000617534	0	0.00408214	1128.5	2144.34	5	9422	
93	94	1	6	1	3	99237	159448033	120262	165356974	0.000979152	0.000824749	0	0.00433214	1374.97	2801	4	9422	
93	94	4	7	1	3	156160	246774730	166825	256831565	0.00104683	0.000670069	0	0.00383214	1539.53	2328.62	5	9422	
94	95	1	1	7	3	130253	188972660	158394	196049964	0.000939906	0.000769064	0	0.00408214	1237.74	2499.62	5	9422	
94	95	1	2	2	3	31006	135833306	41487	139341774	0.00135088	0.00121605	0	0.00383214	3358.69	4079.3	5	9422	
94	95	1	3	3	3	49614	136036117	60468	137913902	0.00120659	0.00106265	0	0.00408214	2280.77	3737.18	4	9422	
94	95	6	4	1	3	184083	249279649	209595	261450256	0.000930617	0.000661654	0	0.00408214	1247.41	2171.61	5	9422	
94	95	8	5	1	3	204530	244869129	222324	250975154	0.000953334	0.000617275	0	0.00408214	1128.87	2145.1	5	9422	
94	95	1	6	1	3	99648	161054679	120785	166993995	0.000980506	0.000826584	0	0.00433214	1382.57	2808.59	4	9422	
94	95	4	7	1	3	157416	249420216	168241	259674820	0.00104801	0.000670744	0	0.00383214	1543.47	2330.43	5	9422	
95	96	1	1	1	3	130396	190315780	159317	197473907	0.000937153	0.000772114	0	0.00408214	1239.5	2505.59	5	9422	
95	96	1	2	2	3	31202	137106510	41685	140619697	0.00135603	0.00121835	0	0.00383214	3373.39	4084.93	5	9422	
95	96	2	3	2	3	51446	137818903	62353	139701176	0.00120081	0.00105247	0	0.00408214	2240.49	3711.51	4	9422	
95	96	6	4	1	3	185817	251339178	211736	263580738	0.000929852	0.000662014	0	0.00408214	1244.86	2172.92	5	9422	
95	96	8	5	1	3	206188	247509260	224075	253698043	0.000954053	0.000617742	0	0.00408214	1132.2	2147.41	5	9422	
95	96	1	6	1	3	100098	162432081	121427	168378804	0.0009811	0.000828435	0	0.00433214	1386.67	2815.82	4	9422	
95	96	1	7	4	3	158766	251932220	169738	262345697	0.00104858	0.000671184	0	0.00383214	1545.59	2332.09	5	9422	
96	97	1	1	7	3	130827	191975293	160479	199288098	0.000934496	0.000774469	0	0.00408214	1241.83	2509.23	5	9422	
96	97	1	2	2	3	32227	139070072	42930	142621323	0.00134514	0.0012107	0	0.00383214	3322.18	4062.97	5	9422	
96	97	2	3	2	3	54154	140458092	65181	142354408	0.00118909	0.00103675	0	0.00408214	2183.99	3663.9	4	9422	
96	97	1	4	6	3	187209	252875214	213145	265118133	0.000930908	0.00066231	0	0.00408214	1243.84	2177.45	5	9422	
96	97	1	5	5	3	207835	250140854	225811	256370913	0.000954623	0.000618192	0	0.00408214	1135.33	2150.27	5	9422	
96	97	8	6	2	3	100564	163779209	121929	169726829	0.000983199	0.000830061	0	0.00433214	1392.01	2823.58	4	9422	
96	97	4	7	1	3	160072	254670025	171123	265148171	0.00104906	0.000671661	0	0.00383214	1549.46	2333.83	5	9422	
97	98	2	1	1	3	131025	193289827	160648	200605540	0.000936266	0.000776603	0	0.00408214	1248.73	2519.25	5	9422	
97	98	1	2	2	3	33819	140673217	44543	144226862	0.00133529	0.00119633	0	0.00383214	3237.92	4042.42	5	9422	
97	98	2	3	2	3	57913	143468796	68973	145375104	0.0011757	0.00101502	0	0.00408214	2107.71	3598.34	4	9422	
97	98	6	4	1	3	190478	255149015	216559	267408834	0.000930736	0.000660021	0	0.00408214	1234.81	2172.45	5	9422	
97	98	1	5	1	3	210356	252772400	228389	259027567	0.000954907	0.000617467	0	0.00408214	1134.15	2149.11	5	9422	
97	98	1	6	1	3	101170	165646933	122491	171597219	0.000985003	0.000831302	0	0.00433214	1400.9	2830.12	4	9422	
97	98	4	7	1	3	161565	257286983	172675	267820510	0.00104906	0.000671724	0	0.00383214	1551.01	2334.21	5	9422	
98	99	1	1	7	3	131478	194790748	161083	202126634	0.000938153	0.000778415	0	0.00408214	1254.8	2527.33	5	9422	
98	99	1	2	2	3	35378	142857675	46184	146422337	0.00132567	0.00118304	0	0.00383214	3170.41	4014.37	5	9422	
98	99	1	3	3	3	60741	145997419	71870	147917594	0.00116787	0.00100094	0	0.00433214	2058.13	3554.76	4	9422	
98	99	1	4	6	3	192311	256720492	218730	269029931	0.000930504	0.000660531	0	0.00408214	1229.96	2172.73	5	9422	
98	99	8	5	1	3	212339	255185826	230408	261433183	0.000955201	0.000617353	0	0.00408214	1134.65	2149.87	5	9422	
98	99	8	6	1	3	101317	166968101	122732	172925869	0.000986633	0.000833828	0	0.00433214	1408.97	2840.3	4	9422	
98	99	4	7	1	3	162832	259898453	174031	270545793	0.00104952	0.000672191	0	0.00383214	1554.58	2335.78	5	9422	
99	100	1	1	7	3	131904	196407014	162654	203931184	0.00093347	0.000781222	0	0.00408214	1253.77	2528.6	5	9422	
99	100	1	2	2	3	36108	144407919	47275	148041224	0.00131608	0.00118003	0	0.00383214	3131.49	4001.18	5	9422	
99	100	1	3	3	3	61817	147582434	73039	149503307	0.00116669	0.000997869	0	0.00433214	2046.9	3546.78	4	9422	
99	100	1	4	6	3	192566	257999300	218940	270310396	0.000932278	0.000663078	0	0.00408214	1234.63	2180.81	5	9422	
99	100	1	5	5	3	214391	258067312	232572	264409721	0.000955887	0.000617302	0	0.00408214	1136.89	2150.2	5	9422	
99	100	1	6	1	3	101914	168636940	123483	174628519	0.000987783	0.000835103	0	0.00433214	1414.19	2844.52	4	9422	
99	100	1	7	1	3	164592	262555113	175840	273239463	0.00104903	0.000671856	0	0.00383214	1553.91	2335.66	5	9422	
100	101	2	1	7	3	132566	198392569	164172	206121742	0.000930808	0.000783294	0	0.00408214	1255.52	2528.76	5	9422	
100	101	1	2	2	3	36321	145699563	47436	149327408	0.00132142	0.00118215	0	0.00383214	3147.98	4008.12	5	9422	
100	101	1	3	3	3	62056	148831083	73186	150744332	0.00117036	0.00100023	0	0.00433214	2059.74	3555.85	4	9422	
100	101	6	4	1	3	194205	260674822	220888	273046321	0.000931912	0.00066378	0	0.00408214	1236.13	2181.76	5	9422	
100	101	8	5	1	3	216714	260684336	235041	267110041	0.000956664	0.000617372	0	0.00408214	1136.44	2149.21	5	9422	
100	101	1	6	1	3	102057	169942840	123743	175941640	0.000989174	0.000837574	0	0.00433214	1421.83	2854.06	4	9422	
100	101	4	7	1	3	166049	265184032	177364	275940911	0.00104915	0.000671942	0	0.00383214	1555.79	2336.03	5	9422	
101	102	1	1	7	3	133793	200313411	165833	208242798	0.000930168	0.000783756	0	0.00408214	1255.74	2528.59	5	9422	
101	102	3	2	2	3	36917	147081191	48539	150783835	0.00130947	0.00118114	0	0.00383214	3106.45	3996.61	5	9422	
101	102	1	3	3	3	62300	150158366	73329	152072903	0.00117393	0.00100251	0	0.00433214	2073.84	3566.81	4	9422	
101	102	6	4	1	3	197180	263808864	224546	276487705	0.000929659	0.000662801	0	0.00408214	1231.32	2175.88	5	9422	
101	102	8	5	1	3	218995	262745515	237408	269183286	0.000957119	0.00061709	0	0.00408214	1133.84	2149.46	5	9422	
101	102	1	6	1	3	102200	171243367	123889	177242345	0.000991471	0.000839875	0	0.00433214	1430.65	2864.43	4	9422	
101	102	4	7	1	3	167821	267813515	179216	278650790	0.00104909	0.000671577	0	0.00383214	1554.83	2335.13	5	9422	
102	103	1	1	7	3	134958	202656299	167536	210646775	0.000928808	0.000784285	0	0.00408214	1257.32	2528.68	5	9422	
102	103	1	2	2	3	37213	148418107	48854	152120018	0.00131397	0.00118224	0	0.00408214	3113.77	4001.31	5	9422	
102	103	1	3	3	3	62750	151643276	73768	153560920	0.00117536	0.00100357	0	0.00433214	2081.67	3571.35	4	9422	
102	103	6	4	1	3	200568	268691146	228420	281702298	0.00092794	0.000660844	0	0.00408214	1233.26	2168.05	5	9422	
102	103	8	5	1	3	221351	265955498	239804	272411221	0.000957437	0.000616636	0	0.00408214	1135.97	2149.4	5	9422	
102	103	1	6	1	3	102343	172507593	124050	178498487	0.000993618	0.000842163	0	0.00433214	1438.92	2873.79	4	9422	
102	103	4	7	1	3	169060	270409786	180618	281446103	0.00105018	0.000672163	0	0.00383214	1558.24	2336.72	5	9422	
103	104	1	1	7	3	135203	203972391	167678	211942735	0.000930562	0.000786265	0	0.00408214	1263.99	2538.05	5	9422	
103	104	1	2	2	3	37437	149747595	49061	153457366	0.00132022	0.00118499	0	0.00408214	3127.89	4008.4	5	9422	
103	104	1	3	3	3	62893	152977117	73914	154895076	0.00117884	0.00100581	0	0.00433214	2095.61	3582.09	4	9422	
103	104	1	4	1	3	203399	273266211	231348	286340919	0.000928123	0.000659297	0	0.00408214	1237.71	2164.79	5	9422	
103	104	8	5	1	3	222854	268570339	241409	275114156	0.000958206	0.00061723	0	0.00408214	1139.62	2151.73	5	9422	
103	104	1	6	1	3	102486	173809959	124787	179895746	0.000991188	0.000845196	0	0.00433214	1441.62	2878.55	4	9422	
103	104	4	7	1	3	170923	273066467	182601	284192088	0.0010504	0.000672057	0	0.00383214	1556.36	2335.41	5	9422	
104	105	1	1	7	3	135450	205324606	167821	213284709	0.000932325	0.000788246	0	0.00408214	1270.91	2548.02	5	9422	
104	105	3	2	2	3	38088	151133730	49732	154844278	0.00132079	0.00118271	0	0.00408214	3113.57	4004.27	5	9422	
104	105	1	3	3	3	63036	154308878	74457	156300167	0.001176	0.00100901	0	0.00433214	2099.2	3585.83	4	9422	
104	105	6	4	1	3	204868	275900068	232895	289054917	0.000929052	0.00065956	0	0.00408214	1241.14	2166.98	5	9422	
104	105	1	5	1	3	224619	271182732	243369	277878450	0.000959218	0.000617955	0	0.00408214	1141.8	2152.89	5	9422	
104	105	8	6	2	3	102628	175117717	125359	181253464	0.000990087	0.000847974	0	0.00433214	1445.88	2885.1	4	9422	
104	105	4	7	1	3	173406	275699082	185249	286906741	0.00104983	0.000671097	0	0.00383214	1548.76	2331.39	5	9422	
105	106	1	1	7	3	135898	207038944	168657	215071477	0.000931898	0.000789944	0	0.00408214	1275.2	2551.3	5	9422	
105	106	1	2	2	3	38231	152459188	50318	156232375	0.00131393	0.00118568	0	0.00408214	3104.9	4004.25	5	9422	
105	106	1	3	3	3	63179	155640179	75132	157697015	0.00117115	0.00101245	0	0.00433214	2098.93	3587.47	4	9422	
105	106	6	4	1	3	206862	278523870	234934	291717322	0.000929801	0.000659251	0	0.00408214	1241.7	2167.75	5	9422	
105	106	8	5	1	3	226323	273765346	245160	280532744	0.000959952	0.00061832	0	0.00408214	1144.28	2154.78	5	9422	
105	106	1	6	1	3	103094	176606055	125806	182745805	0.000992057	0.000849676	0	0.00433214	1452.6	2891.93	4	9422	
105	106	4	7	1	3	175058	278323737	187043	289673191	0.00105031	0.000671171	0	0.00383214	1548.7	2330.35	5	9422	
106	107	2	1	1	3	137216	209001121	170277	217282124	0.000931749	0.000789734	0	0.00408214	1276.05	2550.42	5	9422	
106	107	1	2	2	3	38689	154262575	50820	158042809	0.00131549	0.00118449	0	0.00408214	3109.85	4000.13	5	9422	
106	107	1	3	3	3	63437	157065303	75750	159211937	0.0011685	0.00101474	0	0.00433214	2101.81	3587.8	4	9422	
106	107	6	4	1	3	209209	281056296	237615	294390936	0.00092925	0.00065884	0	0.00408214	1238.94	2166.28	5	9422	
106	107	8	5	1	3	228410	276477375	247307	283293178	0.000960192	0.000618134	0	0.00408214	1145.51	2155.33	5	9422	
106	107	1	6	1	3	103558	178188671	126305	184337729	0.000993694	0.000851078	0	0.00433214	1459.47	2898.46	4	9422	
106	107	1	7	1	3	177205	280933407	189268	292340370	0.00105	0.000670589	0	0.00383214	1544.58	2328.62	5	9422	
107	108	1	1	7	3	139549	210993807	173083	219346173	0.000930781	0.000787657	0	0.00408214	1267.29	2542.37	5	9422	
107	108	1	2	2	3	40212	156655879	52831	160530764	0.00129791	0.00117456	0	0.00408214	3038.57	3965.03	5	9422	
107	108	1	3	3	3	63641	158373825	75918	160517577	0.00117191	0.00101689	0	0.00433214	2114.35	3597.17	4	9422	
107	108	6	4	1	3	212589	283791916	241129	297162968	0.000929393	0.000656835	0	0.00408214	1232.38	2161.37	5	9422	
107	108	8	5	1	3	230871	279104979	249804	285946160	0.000960342	0.000617504	0	0.00408214	1144.68	2154.04	5	9422	
107	108	8	6	2	3	103781	179519631	126515	185667693	0.000996158	0.000853547	0	0.00433214	1467.55	2908.17	4	9422	
107	108	4	7	1	3	178574	283583333	190740	295106586	0.00105043	0.000670974	0	0.00383214	1547.17	2329.07	5	9422	
108	109	1	1	7	3	141058	212621271	174708	220984724	0.000932223	0.000787132	0	0.00408214	1264.88	2542.79	5	9422	
108	109	1	2	2	3	40547	157985036	53129	161846719	0.00130261	0.00117561	0	0.00408214	3046.3	3969.83	5	9422	
108	109	2	3	2	3	63959	159656247	76229	161807137	0.00117495	0.00101868	0	0.00433214	2122.65	3603.64	4	9422	
108	109	6	4	1	3	215132	286414710	243728	299810499	0.000930243	0.000656035	0	0.00408214	1230.1	2159.66	5	9422	
108	109	8	5	1	3	232632	280984416	251645	287835055	0.000960606	0.000617626	0	0.00408214	1143.81	2155.89	5	9422	
108	109	1	6	1	3	104042	180833017	127075	187074380	0.000995803	0.000856093	0	0.00433214	1472.16	2914.1	4	9422	
108	109	4	7	1	3	179730	286209138	191998	297858583	0.00105114	0.000671595	0	0.00383214	1551.36	2331.08	5	9422	
109	110	1	1	7	3	142292	214459483	176935	222950903	0.000929026	0.000787761	0	0.00408214	1260.07	2540.06	4	9422	
109	110	3	2	1	3	40776	159290158	53324	163149173	0.00130751	0.00117772	0	0.00408214	3059.58	3976.25	5	9422	
109	110	2	3	2	3	64856	161088435	77830	163291095	0.00116611	0.00101781	0	0.00433214	2098.05	3590.52	4	9422	
109	110	6	4	1	3	217970	289034403	246652	302467556	0.000930666	0.00065466	0	0.00408214	1226.29	2156.87	5	9422	
109	110	8	5	1	3	234442	283011287	253471	289866499	0.000961217	0.000617709	0	0.00408214	1143.59	2157.1	5	9422	
109	110	1	6	1	3	104284	182188241	127226	188413194	0.000998197	0.000858458	0	0.00433214	1480.93	2924.47	4	9422	
109	110	4	7	1	3	181548	288806779	193943	300572512	0.00105106	0.00067129	0	0.00383214	1549.8	2330.13	5	9422	
110	111	1	1	7	3	142491	215809385	177123	224290887	0.000930616	0.000789803	0	0.00408214	1266.3	2549.23	4	9422	
110	111	1	2	2	3	41340	161213879	54205	165345852	0.0013015	0.0011765	0	0.00408214	3050.38	3964.05	5	9422	
110	111	1	3	3	3	65440	162653328	78513	164867214	0.00116732	0.00101772	0	0.00433214	2099.87	3589.63	4	9422	
110	111	1	4	6	3	219393	291024187	248455	304558438	0.000930013	0.000655385	0	0.00408214	1225.81	2159.09	5	9422	
110	111	8	5	1	3	236869	286986144	256044	293984838	0.000961649	0.00061748	0	0.00408214	1148.18	2155.76	5	9422	
110	111	1	6	1	3	104486	183449587	127414	189675744	0.00100034	0.000860654	0	0.00433214	1488.66	2933.07	4	9422	
110	111	4	7	1	3	183391	291466574	195869	303290199	0.00105086	0.000671134	0	0.00383214	1548.43	2329.77	5	9422	
111	112	1	1	7	3	142652	217138692	177337	225625682	0.000932019	0.000791829	0	0.00408214	1272.3	2557.98	4	9422	
111	112	1	2	2	3	41483	162508986	54740	166890165	0.00129661	0.00117909	0	0.00408214	3048.78	3962.26	5	9422	
111	112	1	3	3	3	65583	164000213	78657	166214122	0.00117064	0.00101979	0	0.00433214	2113.15	3599.88	4	9422	
111	112	1	4	6	3	219606	292361043	248694	305888622	0.00093132	0.000657402	0	0.00408214	1229.98	2166.81	5	9422	
111	112	1	5	1	3	239210	289623639	258487	296681531	0.000962543	0.000617468	0	0.00408214	1147.76	2154.94	5	9422	
111	112	1	6	1	3	104715	184760005	127563	190988781	0.00100257	0.000862816	0	0.00433214	1497.21	2942.77	4	9422	
111	112	4	7	1	3	185938	294090948	198517	305948919	0.00105043	0.000670202	0	0.00383214	1541.17	2325.98	5	9422	
112	113	2	1	1	3	142864	218483966	177492	226974177	0.000933685	0.000793718	0	0.00408214	1278.79	2567.32	4	9422	
112	113	1	2	2	3	41635	163819168	55544	168300211	0.0012857	0.00118206	0	0.00408214	3030.03	3958.43	5	9422	
112	113	1	3	3	3	65726	165347559	78873	167568435	0.00117287	0.00102198	0	0.00433214	2124.53	3608.9	4	9422	
112	113	6	4	1	3	221438	295338617	250546	308873160	0.000932165	0.000657192	0	0.00408214	1232.8	2168.47	5	9422	
112	113	8	5	1	3	241811	292044830	261145	299111069	0.000962812	0.000616855	0	0.00408214	1145.38	2153.64	5	9422	
112	113	1	6	1	3	104870	186090202	127799	192324052	0.0010042	0.000865036	0	0.00433214	1504.89	2951.91	4	9422	
112	113	4	7	4	3	187465	296684559	200170	308663570	0.00105091	0.000670472	0	0.00383214	1542.01	2326.87	5	9422	
113	114	2	1	7	3	143336	220322662	178048	228843299	0.000934655	0.000795134	0	0.00408214	1285.29	2573.83	4	9422	
113	114	1	2	1	3	44062	165600715	58036	170089876	0.00127236	0.00116385	0	0.00408214	2930.76	3924.07	5	9422	
113	114	1	3	3	3	65869	166693976	79015	168905430	0.00117616	0.00102399	0	0.00433214	2137.64	3618.86	4	9422	
113	114	1	4	6	3	224079	298947731	254255	312902070	0.000928869	0.000657301	0	0.00408214	1230.66	2161.87	5	9422	
113	114	8	5	1	3	244334	294363302	263703	301435521	0.000963075	0.00061632	0	0.00408214	1143.09	2153.07	5	9422	
113	114	1	6	1	3	105228	187538146	128187	193776123	0.00100573	0.000866946	0	0.00433214	1511.67	2958.29	4	9422	
113	114	1	7	1	3	188827	299342993	201648	311464658	0.00105144	0.000670975	0	0.00383214	1544.6	2328.37	5	9422	
114	115	2	1	1	3	146642	224049933	181792	232724304	0.000933591	0.000791132	0	0.00408214	1280.17	2558.59	4	9422	
114	115	1	2	2	3	45120	167045456	59117	171537041	0.00127029	0.00115803	0	0.00408214	2901.65	3914.82	5	9422	
114	115	1	3	3	3	66012	168022713	79160	170234267	0.00117942	0.001026	0	0.00433214	2150.51	3628.38	4	9422	
114	115	6	4	1	3	224758	300439795	254955	314388734	0.000930122	0.000658735	0	0.00408214	1233.11	2167.92	5	9422	
114	115	1	5	5	3	246357	296804457	265810	303905985	0.000963434	0.000616308	0	0.00408214	1143.32	2154.19	5	9422	
114	115	1	6	1	3	105371	188826993	128411	195069481	0.00100731	0.000869108	0	0.00433214	1519.1	2966.76	4	9422	
114	115	4	7	1	3	191708	301979855	204610	314114893	0.00105001	0.000669185	0	0.00383214	1535.19	2324.42	5	9422	
115	116	1	1	1	3	148420	225751023	183601	234429442	0.000934779	0.000789789	0	0.00408214	1276.84	2558.1	4	9422	
115	116	3	2	1	3	45555	168543475	59499	173013570	0.00127433	0.00115864	0	0.00408214	2907.84	3917.33	5	9422	
115	116	2	3	2	3	66333	169419397	79732	171687036	0.0011784	0.00102752	0	0.00433214	2153.3	3631.13	4	9422	
115	116	6	4	1	3	227447	304119191	258631	318610811	0.000927084	0.000658628	0	0.00408214	1231.91	2162.89	5	9422	
115	116	8	5	1	3	246618	298130484	266065	305231464	0.000964911	0.000618428	0	0.00408214	1147.21	2161.41	5	9422	
115	116	1	6	1	3	105514	190128454	128648	196377208	0.00100879	0.000871269	0	0.00433214	1526.47	2975.19	4	9422	
115	116	4	7	1	3	193194	304569365	206169	316779500	0.00105022	0.000669349	0	0.00383214	1536.5	2325.73	5	9422	
116	117	1	1	7	3	149107	227618406	184453	236306914	0.000935729	0.000790943	0	0.00408214	1281.12	2563.03	4	9422	
116	117	3	2	1	3	46711	170259934	61357	174908556	0.00125836	0.00115403	0	0.00408214	2850.67	3893.48	5	9422	
116	117	2	3	2	3	69073	171397592	82574	173679586	0.00117144	0.0010154	0	0.00433214	2103.32	3596.73	4	9422	
116	117	6	4	1	3	229734	306869150	261950	321533735	0.000924017	0.000658954	0	0.00408214	1227.46	2160.28	5	9422	
116	117	8	5	1	3	247740	300318321	267383	307455037	0.000965233	0.000619664	0	0.00408214	1149.87	2164.98	5	9422	
116	117	1	6	1	3	105730	191606423	129158	198030073	0.00100858	0.000873395	0	0.00433214	1533.24	2981.11	4	9422	
116	117	4	7	1	3	195396	307242379	208426	319490913	0.00104952	0.000668659	0	0.00383214	1532.87	2324.35	5	9422	
117	118	1	1	7	3	149597	229321686	184953	238009569	0.000937179	0.000792203	0	0.00408214	1286.87	2569.09	4	9422	
117	118	1	2	2	3	46975	171613876	61582	176268530	0.00126181	0.00115539	0	0.00408214	2862.34	3899.33	5	9422	
117	118	2	3	2	3	72840	174003285	86374	176290665	0.00116132	0.000998469	0	0.00433214	2041.02	3546.99	4	9422	
117	118	1	4	6	3	230392	309055529	262638	323716538	0.000925038	0.000660157	0	0.00408214	1232.56	2166.49	5	9422	
117	118	8	5	1	3	250307	303810373	270554	311216838	0.000963839	0.000620067	0	0.00408214	1150.29	2161.93	5	9422	
117	118	1	6	1	3	105896	192876174	129598	199318315	0.00100867	0.000875705	0	0.00433214	1537.97	2987.01	4	9422	
117	118	4	7	1	3	197495	309862865	210558	322139070	0.00104885	0.00066787	0	0.00383214	1529.93	2323.04	5	9422	
118	119	1	1	7	3	149818	230617760	185335	239315303	0.00093795	0.000793966	0	0.00408214	1291.26	2575.93	4	9422	
118	119	1	2	1	3	47177	172962237	61791	177618012	0.00126552	0.00115728	0	0.00408214	2874.5	3906.42	5	9422	
118	119	1	3	3	3	76402	176896065	89961	179190213	0.00115222	0.000983808	0	0.00433214	1991.87	3500.97	4	9422	
118	119	1	4	6	3	230553	310381965	262861	325040131	0.000925939	0.000661883	0	0.00408214	1236.55	2173.73	5	9422	
118	119	1	5	1	3	252862	306191434	273556	313702105	0.000963056	0.00062011	0	0.00408214	1146.76	2159.76	5	9422	
118	119	1	6	1	3	107030	194364699	130854	200828827	0.00100966	0.000874754	0	0.00433214	1534.75	2985.95	4	9422	
118	119	4	7	1	3	200683	312428204	213778	324714724	0.00104747	0.000665626	0	0.00383214	1518.93	2317.95	5	9422	
119	120	1	1	7	3	150005	231892867	185536	240600561	0.000939297	0.00079582	0	0.00408214	1296.79	2583.53	4	9422	
119	120	1	2	2	3	47407	174317652	61986	178970572	0.00126979	0.00115914	0	0.00408214	2887.27	3913.74	5	9422	
119	120	1	3	3	3	76939	178277937	90573	180580332	0.00115403	0.000984374	0	0.00433214	1993.75	3503.31	4	9422	
119	120	6	4	1	3	232207	312754560	264586	327429678	0.000926605	0.000661969	0	0.00408214	1237.52	2176.2	5	9422	
119	120	8	5	1	3	255551	309179549	277020	317038970	0.000961161	0.0006205	0	0.00408214	1144.46	2155.53	5	9422	
119	120	1	6	1	3	108331	195813904	132303	202288321	0.00101	0.000873279	0	0.00433214	1528.98	2983.7	4	9422	
119	120	4	7	1	3	202108	315114522	215314	327537605	0.00104783	0.000665829	0	0.00383214	1521.21	2319.38	5	9422	
120	121	1	1	7	3	150491	233899005	186032	242608814	0.00094063	0.000797046	0	0.00408214	1304.12	2589.29	4	9422	
120	121	1	2	2	3	47639	175673277	62180	180323109	0.00127431	0.00116105	0	0.00408214	2900.02	3920.96	5	9422	
120	121	1	3	3	3	77363	179917829	91065	182220111	0.00115578	0.000985478	0	0.00433214	2000.99	3506.03	4	9422	
120	121	6	4	1	3	233597	314335998	266020	329024884	0.000927447	0.000662264	0	0.00408214	1236.84	2179.27	5	9422	
120	121	8	5	1	3	258409	312919276	280608	321142125	0.000959368	0.000620638	0	0.00408214	1144.45	2150.73	5	9422	
120	121	1	6	1	3	109564	197243819	133638	203724899	0.00101075	0.000872007	0	0.00433214	1524.45	2982.7	4	9422	
120	121	1	7	1	3	203277	317771606	216636	330399683	0.00104868	0.000666547	0	0.00383214	1525.14	2320.69	5	9422	
121	122	1	1	7	3	150663	235223196	186322	243942883	0.000941804	0.000799082	0	0.00408214	1309.25	2596.91	4	9422	
121	122	1	2	2	3	47871	177020679	62377	181667410	0.00127932	0.00116352	0	0.00408214	2912.41	3927.86	5	9422	
121	122	1	3	3	3	77517	181230157	91298	183538451	0.00115784	0.000987692	0	0.00433214	2010.32	3513.61	4	9422	
121	122	1	4	1	3	235959	316919875	268587	331641067	0.000927635	0.000661696	0	0.00408214	1234.76	2178.95	5	9422	
121	122	8	5	1	3	260356	315482990	282846	323913771	0.000959146	0.000621069	0	0.00408214	1145.19	2150.99	5	9422	
121	122	1	6	1	3	111003	199400060	135242	205906839	0.00101071	0.000870384	0	0.00433214	1522.51	2978.6	4	9422	
121	122	4	7	1	3	204649	320398695	218113	333136960	0.001049	0.00066688	0	0.00383214	1527.36	2321.84	5	9422	
122	123	1	1	7	3	151289	237067637	187006	245789016	0.000942869	0.000800055	0	0.00408214	1314.34	2601.92	4	9422	
122	123	1	2	2	3	48747	178475620	63752	183165062	0.00126942	0.00116052	0	0.00408214	2873.09	3914	5	9422	
122	123	2	3	2	3	77743	182574697	91441	184884547	0.00116072	0.000989601	0	0.00433214	2021.9	3523.03	4	9422	
122	123	1	4	6	3	238524	319807369	271333	334554574	0.000927592	0.000660823	0	0.00408214	1233	2177.72	5	9422	
122	123	8	5	1	3	262859	317881390	286507	326569581	0.000955997	0.000622021	0	0.00408214	1139.83	2146.55	5	9422	
122	123	1	6	2	3	112615	200854092	137213	207390192	0.00100912	0.000868256	0	0.00433214	1511.45	2971.99	4	9422	
122	123	4	7	1	3	205797	322997699	219384	335894733	0.00104965	0.000667484	0	0.00383214	1531.08	2323.73	5	9422	
123	124	1	1	7	3	151460	238354243	187241	247082180	0.00094414	0.000801951	0	0.00408214	1319.59	2609.21	4	9422	
123	124	1	2	2	3	50854	180220233	65935	184918891	0.00126016	0.00114732	0	0.00408214	2804.56	3887.67	5	9422	
123	124	1	3	3	3	77986	183907776	91584	186207632	0.00116359	0.000991491	0	0.00433214	2033.19	3531.96	4	9422	
123	124	1	4	6	3	238766	321164864	271497	335904043	0.000928727	0.000662429	0	0.00408214	1237.23	2185.18	5	9422	
123	124	1	5	5	3	263471	319821411	287671	328868277	0.00095515	0.00062421	0	0.00408214	1143.21	2150.02	5	9422	
123	124	1	6	1	3	114263	202698892	139045	209254113	0.00100855	0.000866075	0	0.00433214	1504.94	2965.69	4	9422	
123	124	4	7	1	3	206980	325634831	220680	338690380	0.00105031	0.000667995	0	0.00383214	1534.76	2324.93	5	9422	
124	125	1	1	7	3	151705	239667584	187383	248375389	0.000945698	0.000803641	0	0.00408214	1325.5	2617.16	4	9422	
124	125	1	2	2	3	51148	181562904	66248	186273255	0.00126372	0.0011485	0	0.00408214	2811.76	3892.66	5	9422	
124	125	1	3	3	3	78210	185263627	91738	187556133	0.00116655	0.000993551	0	0.00433214	2044.48	3541.08	4	9422	
124	125	1	4	1	3	238998	322454692	271694	337190606	0.000930095	0.000664468	0	0.00408214	1241.07	2191.75	5	9422	
124	125	1	5	5	3	264157	321609698	288928	330771888	0.000954161	0.000626086	0	0.00408214	1144.82	2152.92	5	9422	
124	125	8	6	1	3	115724	204969584	140579	211529402	0.00100894	0.000864461	0	0.00433214	1504.7	2962.52	4	9422	
124	125	4	7	1	3	208138	328269697	222036	341590463	0.00105111	0.000668657	0	0.00383214	1538.45	2326.15	5	9422	
125	126	1	1	7	3	152112	241465358	187869	250193789	0.000946517	0.000805054	0	0.00408214	1331.75	2623.45	4	9422	
125	126	1	2	2	3	51490	182894363	66601	187605431	0.00126734	0.00114917	0	0.00408214	2816.86	3896.58	5	9422	
125	126	1	3	3	3	78383	186613298	91898	188905181	0.00116919	0.00099544	0	0.00433214	2055.6	3550.02	4	9422	
125	126	6	4	6	3	241037	326426198	274830	341866024	0.000927211	0.00066522	0	0.00408214	1243.92	2187.39	5	9422	
125	126	1	5	1	3	266709	324376058	291618	333544453	0.000954011	0.000625467	0	0.00408214	1143.77	2152.44	5	9422	
125	126	8	6	2	3	116979	206795438	142124	213413095	0.00100803	0.000863592	0	0.00433214	1501.6	2958.54	4	9422	
125	126	4	7	1	3	209109	330903809	223291	344568398	0.00105077	0.000669783	0	0.00383214	1543.14	2328.42	5	9422	
126	127	1	1	7	3	152508	242821785	188408	251579083	0.000947548	0.000806721	0	0.00408214	1335.29	2629.54	4	9422	
126	127	1	2	2	3	51770	184213840	66858	188922657	0.00127193	0.00115076	0	0.00408214	2825.73	3901.8	5	9422	
126	127	1	3	3	3	78526	187943078	92313	190450636	0.00116858	0.000997831	0	0.00433214	2063.1	3554.35	4	9422	
126	127	6	4	1	3	243314	330103906	278470	346670770	0.000923522	0.000665975	0	0.00408214	1244.91	2181.03	5	9422	
126	127	8	5	1	3	269042	326656091	294622	335902253	0.000952309	0.000625638	0	0.00408214	1140.11	2150.39	4	9422	
126	127	1	6	1	3	119772	208642331	145238	215295284	0.00100619	0.000858297	0	0.00433214	1482.36	2942.81	4	9422	
126	127	4	7	1	3	210747	333519002	224995	347253272	0.00105063	0.000669715	0	0.00383214	1543.38	2328.46	5	9422	
127	128	2	1	1	3	154289	244427007	190239	253189566	0.000948491	0.000805341	0	0.00408214	1330.9	2627.19	4	9422	
127	128	1	2	2	3	52412	186179292	67929	191073336	0.00126519	0.00114958	0	0.00408214	2812.84	3890.11	5	9422	
127	128	1	3	3	3	78669	189228923	92508	191733928	0.00117072	0.000999747	0	0.00433214	2072.62	3561.48	4	9422	
127	128	6	4	1	3	245699	334428427	282112	352367120	0.000919947	0.000666274	0	0.00408214	1249.03	2174.41	5	9422	
127	128	1	5	5	3	270990	328569450	296663	337829774	0.000952821	0.00062578	0	0.00408214	1138.77	2151.24	4	9422	
127	128	1	6	1	3	119926	209968317	145558	216632756	0.001007	0.000860299	0	0.00433214	1488.29	2950.15	4	9422	
127	128	1	7	1	3	212603	336135229	226897	349909870	0.00105024	0.000669302	0	0.00383214	1542.15	2327.97	5	9422	
128	129	1	1	7	3	156716	246342816	192719	255111613	0.000949426	0.000802818	0	0.00408214	1323.75	2622.07	4	9422	
128	129	1	2	2	3	53538	188088732	69120	192990646	0.00126279	0.00114462	0	0.00408214	2792.11	3878.16	5	9422	
128	129	1	3	3	3	78812	190543625	92653	193048693	0.00117352	0.00100156	0	0.00433214	2083.57	3569.79	4	9422	
128	129	6	4	6	3	247796	338879906	285578	358273653	0.000916515	0.000667154	0	0.00408214	1254.56	2169.21	5	9422	
128	129	1	5	1	3	271857	330866316	297559	340131278	0.000953645	0.000626726	0	0.00408214	1143.07	2156.09	4	9422	
128	129	1	6	1	3	120128	211276885	145779	217942237	0.00100927	0.000862742	0	0.00433214	1495.02	2957.9	4	9422	
128	129	4	7	1	3	214661	338767996	229012	352585481	0.00104981	0.000668666	0	0.00383214	1539.59	2326.87	5	9422	
129	130	1	1	7	3	157868	248300195	194758	257310074	0.000946636	0.000803486	0	0.00408214	1321.18	2619.08	4	9422	
129	130	3	2	1	3	53719	189429798	69336	194325345	0.00126565	0.00114629	0	0.00408214	2802.66	3884.5	5	9422	
129	130	1	3	3	3	79236	191995294	93174	194519341	0.00117463	0.00100269	0	0.00433214	2087.7	3572.83	4	9422	
129	130	6	4	1	3	249026	341645567	287179	361522159	0.000917221	0.000667983	0	0.00408214	1258.87	2171.02	5	9422	
129	130	8	5	1	3	274117	332607663	299991	341894169	0.00095363	0.000626418	0	0.00408214	1139.68	2156.31	4	9422	
129	130	1	6	2	3	121207	213015927	147003	219701918	0.00100906	0.000862408	0	0.00433214	1494.54	2956.53	4	9422	
129	130	4	7	1	3	217546	341425301	231976	355271801	0.00104869	0.000667071	0	0.00383214	1531.5	2323.2	5	9422	
130	131	1	1	7	3	158383	250079714	195396	259105580	0.000947615	0.000804654	0	0.00408214	1326.05	2624.29	4	9422	
130	131	3	2	2	3	54349	191287856	69967	196181708	0.00126658	0.00114519	0	0.00408214	2803.92	3880.13	5	9422	
130	131	1	3	3	3	79453	193355626	93684	195933139	0.00117318	0.00100509	0	0.00433214	2091.43	3576.55	4	9422	
130	131	6	4	1	3	250216	344269498	288534	364353137	0.000918475	0.000668577	0	0.00408214	1262.77	2173.22	5	9422	
130	131	1	5	5	3	274897	334327699	300954	343653014	0.000954021	0.000627502	0	0.00408214	1141.88	2160.32	4	9422	
130	131	8	6	2	3	123106	214983030	149475	221778224	0.00100655	0.000860399	0	0.00433214	1483.71	2945.76	4	9422	
130	131	4	7	1	3	218790	344043077	233314	358013475	0.00104918	0.000667457	0	0.00383214	1534.47	2325.05	5	9422	
131	132	1	1	7	3	158804	251465785	195766	260477433	0.000949155	0.000806032	0	0.00408214	1330.56	2631.02	4	9422	
131	132	3	2	1	3	54491	192561184	70241	197560517	0.00126775	0.00114693	0	0.00408214	2812.61	3883.92	5	9422	
131	132	1	3	3	3	79690	194677132	93852	197247523	0.00117605	0.00100709	0	0.00433214	2101.69	3584.27	4	9422	
131	132	1	4	6	3	252082	346478994	290515	366646539	0.000919351	0.00066844	0	0.00408214	1262.06	2174.13	5	9422	
131	132	8	5	1	3	275089	335646610	301266	344979073	0.000954621	0.000629089	0	0.00408214	1145.1	2166.52	4	9422	
131	132	8	6	2	3	125997	217779840	152949	224760484	0.00100327	0.00085588	0	0.00433214	1469.51	2926.03	4	9422	
131	132	4	7	1	3	220890	346668576	235467	360673217	0.00104868	0.000666942	0	0.00383214	1531.74	2324.34	5	9422	
132	133	1	1	7	3	159036	252764536	195941	261771019	0.0009509	0.000808042	0	0.00408214	1335.97	2638.25	4	9422	
132	133	1	2	2	3	54634	193846552	70403	198847696	0.00127093	0.00114845	0	0.00408214	2824.42	3889.97	5	9422	
132	133	1	3	3	3	79935	196026650	93995	198586331	0.00117882	0.00100883	0	0.00433214	2112.73	3592.73	4	9422	
132	133	1	4	6	3	252311	347784017	290724	367941113	0.000920573	0.000670174	0	0.00408214	1265.6	2180.32	5	9422	
132	133	1	5	1	3	278681	337979139	305068	347342943	0.000953685	0.000627411	0	0.00408214	1138.58	2161.67	4	9422	
132	133	8	6	2	3	128855	219842100	156726	226998948	0.000996535	0.000851395	0	0.00433214	1448.38	2906.2	4	9422	
132	133	4	7	1	3	222706	349287823	237366	363340992	0.00104851	0.000666913	0	0.00383214	1530.72	2324.16	5	9422	
133	134	1	1	1	3	159283	254094265	196094	263100195	0.000952511	0.000809809	0	0.00408214	1341.7	2645.99	4	9422	
133	134	1	2	2	3	55020	195586461	70960	200843504	0.00127018	0.00114869	0	0.00408214	2830.38	3886.69	5	9422	
133	134	1	3	3	3	80180	197351354	94138	199900325	0.00118159	0.00101056	0	0.00433214	2123.48	3600.69	4	9422	
133	134	6	4	1	3	254240	349794463	293408	370095868	0.000919125	0.000670641	0	0.00408214	1261.37	2179.6	5	9422	
133	134	8	5	1	3	282359	340697769	308923	350101867	0.000952925	0.000625631	0	0.00408214	1133.3	2156.78	4	9422	
133	134	8	6	2	3	132202	222105718	160533	229366858	0.000992685	0.000845393	0	0.00433214	1428.78	2885.99	4	9422	
133	134	4	7	4	3	224222	351917740	239021	366090197	0.00104878	0.000667188	0	0.00383214	1531.62	2324.39	5	9422	
134	135	2	1	1	3	160085	255522240	197283	264568751	0.00095186	0.000810602	0	0.00408214	1341.06	2648.09	4	9422	
134	135	1	2	2	3	55265	196877487	71193	202134172	0.00127419	0.00115041	0	0.00408214	2839.24	3891.48	5	9422	
134	135	1	3	3	3	80516	198715229	94568	201268613	0.0011817	0.00101208	0	0.00433214	2128.3	3605.06	4	9422	
134	135	1	4	1	3	256143	351748447	295927	372221045	0.000918076	0.000671014	0	0.00408214	1257.81	2179.3	5	9422	
134	135	8	5	1	3	283890	342729633	310683	352156725	0.000952687	0.000626053	0	0.00408214	1133.49	2158.45	4	9422	
134	135	8	6	2	3	135929	225087039	164430	232385584	0.000990566	0.000838531	0	0.00433214	1413.28	2865.33	4	9422	
134	135	1	7	4	3	225092	353608229	239922	367790779	0.00104959	0.000668104	0	0.00383214	1532.96	2328.77	5	9422	
135	136	2	1	1	3	163028	257689744	200302	266750024	0.000952677	0.000807273	0	0.00408214	1331.74	2639.17	4	9422	
135	136	1	2	2	3	56770	198543261	73082	203856066	0.00126364	0.00114346	0	0.00408214	2789.42	3872.58	5	9422	
135	136	1	3	3	3	80659	200062575	94813	202622843	0.00118317	0.00101398	0	0.00433214	2137.08	3612.14	4	9422	
135	136	1	4	6	3	257317	353865430	297207	374357087	0.000918777	0.000671582	0	0.00408214	1259.58	2182.82	5	9422	
135	136	8	5	1	3	286007	344484148	313283	353979294	0.000951601	0.000626268	0	0.00408214	1129.9	2157.87	4	9422	
135	136	1	6	1	3	138601	227929916	167234	235259554	0.000989569	0.000834335	0	0.00433214	1406.77	2853.82	4	9422	
135	136	4	7	4	3	227264	356321737	242842	370920500	0.0010463	0.000668829	0	0.00383214	1527.41	2323.73	5	9422	
136	137	1	1	7	3	164404	259981808	201683	269048238	0.000953919	0.000806915	0	0.00408214	1334.02	2639.7	4	9422	
136	137	1	2	2	3	57287	200307814	73690	205622843	0.00126368	0.00114262	0	0.00408214	2790.38	3869.19	5	9422	
136	137	1	3	3	3	80801	201391539	94956	203961229	0.00118591	0.00101566	0	0.00433214	2147.96	3620.3	4	9422	
136	137	1	4	6	3	257939	355289884	298163	375834564	0.000918786	0.00067291	0	0.00408214	1260.5	2186.99	5	9422	
136	137	1	5	1	3	287519	346377262	315380	356110245	0.000950533	0.000627382	0	0.00408214	1129.15	2157.93	4	9422	
136	137	1	6	1	3	139215	229314969	168254	236678493	0.000988683	0.000835403	0	0.00433214	1406.67	2856.17	4	9422	
136	137	4	7	1	3	229096	359807410	246276	375376444	0.00103949	0.000671441	0	0.00383214	1524.21	2316.6	5	9422	
137	138	1	1	7	3	164649	261296601	201826	270352321	0.000955369	0.000808464	0	0.00408214	1339.53	2646.99	4	9422	
137	138	3	2	1	3	58039	201806857	74599	207140904	0.00126178	0.00114069	0	0.00408214	2776.72	3864.97	5	9422	
137	138	1	3	3	3	80944	202733154	95121	205304907	0.00118836	0.00101737	0	0.00433214	2158.36	3628.16	4	9422	
137	138	1	4	1	3	258146	356623917	298366	377168211	0.000919885	0.000674664	0	0.00408214	1264.11	2193.37	5	9422	
137	138	1	5	5	3	287759	347708669	315637	357442641	0.000951522	0.000629068	0	0.00408214	1132.45	2164.11	4	9422	
137	138	1	6	1	3	140125	232106204	169199	239461068	0.000989722	0.000835647	0	0.00433214	1415.26	2857.62	4	9422	
137	138	4	7	1	3	231995	362437334	249459	378104369	0.00103831	0.000670518	0	0.00383214	1515.7	2311.9	5	9422	
138	139	1	1	7	3	165181	262950088	202537	272012528	0.000955449	0.000809589	0	0.00408214	1343.03	2651.39	4	9422	
138	139	1	2	2	3	60319	204328732	77229	209769962	0.00124915	0.00112905	0	0.00408214	2716.21	3829.55	5	9422	
138	139	2	3	2	3	81899	204237077	96856	206912655	0.00117912	0.00101678	0	0.00433214	2136.29	3614.72	4	9422	
138	139	1	4	1	3	258381	357955087	298548	378494390	0.00092095	0.000676191	0	0.00408214	1267.78	2199.76	5	9422	
138	139	8	5	1	3	289647	350246049	317710	359998439	0.000951444	0.000629176	0	0.00408214	1133.1	2165.6	4	9422	
138	139	8	6	2	3	140830	233533143	170119	240910311	0.000989714	0.000836344	0	0.00433214	1416.13	2859.86	4	9422	
138	139	4	7	1	3	235142	365090122	252704	380774958	0.00103741	0.000668907	0	0.00383214	1506.8	2307.71	5	9422	
139	140	2	1	1	3	166732	264549166	204669	273671436	0.000953588	0.000808997	0	0.00408214	1337.14	2647.63	4	9422	
139	140	3	2	1	3	61294	205916404	78338	211377196	0.00124668	0.00112572	0	0.00408214	2698.27	3822.32	5	9422	
139	140	2	3	2	3	82897	205825642	98347	208585522	0.00117302	0.00101566	0	0.00433214	2120.91	3604.3	4	9422	
139	140	1	4	6	3	258612	359245997	298748	379773384	0.000922218	0.000678108	0	0.00408214	1271.22	2205.61	5	9422	
139	140	1	5	1	3	291808	352529727	319954	362291320	0.000951594	0.000628883	0	0.00408214	1132.32	2165.92	4	9422	
139	140	8	6	2	3	141402	234929018	170733	242317433	0.000990883	0.000837399	0	0.00433214	1419.28	2864.9	4	9422	
139	140	4	7	1	3	237577	367712644	255241	383436576	0.0010369	0.000668117	0	0.00383214	1502.25	2305.48	5	9422	
140	141	1	1	1	3	170326	266818265	208373	275964227	0.000953192	0.000804271	0	0.00408214	1324.38	2636.26	4	9422	
140	141	3	2	1	3	63926	209240482	81635	214887687	0.00122792	0.00111311	0	0.00408214	2632.3	3777.51	5	9422	
140	141	1	3	3	3	83301	207219175	98902	209994091	0.00117334	0.00101628	0	0.00433214	2123.25	3606.72	4	9422	
140	141	1	4	6	3	258854	360552184	298944	381074659	0.000923548	0.000680059	0	0.00408214	1274.74	2211.62	5	9422	
140	141	8	5	1	3	295333	355553750	323623	365331159	0.000951233	0.000627401	0	0.00408214	1128.88	2161.57	4	9422	
140	141	1	6	1	3	142533	236813685	171944	244208550	0.000991287	0.000836937	0	0.00433214	1420.28	2865.34	4	9422	
140	141	4	7	1	3	239666	370361375	257377	386102316	0.00103673	0.000667675	0	0.00383214	1500.14	2304.29	5	9422	
141	142	1	1	1	3	172931	269505646	211011	278659378	0.00095374	0.00080166	0	0.00408214	1320.59	2630.44	4	9422	
141	142	1	2	2	3	66032	213080923	84729	219568734	0.00120869	0.00110466	0	0.00408214	2591.42	3730.56	5	9422	
141	142	1	3	3	3	83444	208539542	99044	211305036	0.00117596	0.0010179	0	0.00433214	2133.45	3614.24	4	9422	
141	142	6	4	6	3	259235	361875799	299397	382414375	0.000924362	0.000681692	0	0.00408214	1277.28	2216.83	5	9422	
141	142	8	5	1	3	299004	361157998	327387	370999982	0.000951319	0.000625992	0	0.00408214	1133.22	2156.32	4	9422	
141	142	1	6	1	3	142681	238114975	172156	245512961	0.000992598	0.000838654	0	0.00433214	1426.11	2872.35	4	9422	
141	142	1	7	1	3	242500	372732516	260320	388493404	0.00103576	0.000666371	0	0.00383214	1492.37	2301.62	5	9422	
142	143	1	1	7	3	173441	271123695	211441	280273192	0.000955016	0.0008027	0	0.00408214	1325.54	2635.65	4	9422	
142	143	1	2	2	3	66538	214954868	85158	221444742	0.00121069	0.00110467	0	0.00408214	2600.4	3731.7	5	9422	
142	143	1	3	3	3	83587	209873133	99205	212640236	0.00117838	0.00101955	0	0.00433214	2143.44	3621.75	4	9422	
142	143	6	4	1	3	261452	363926419	302709	384628213	0.000921669	0.000681928	0	0.00408214	1270.62	2213.36	5	9422	
142	143	8	5	1	3	302421	366111621	331045	376055192	0.000951065	0.000625049	0	0.00408214	1135.96	2151.54	4	9422	
142	143	1	6	1	3	143630	240352958	173184	247762539	0.000992971	0.000838597	0	0.00433214	1430.63	2872.86	4	9422	
142	143	4	7	1	3	244708	375630928	262572	391404953	0.00103547	0.000665761	0	0.00383214	1490.66	2300.55	5	9422	
143	144	1	1	7	3	173843	272822270	212169	282143228	0.000955083	0.000804129	0	0.00408214	1329.8	2638.95	4	9422	
143	144	1	2	2	3	66783	216270056	85300	222739798	0.00121367	0.00110616	0	0.00408214	2611.25	3738.23	5	9422	
143	144	1	3	3	3	83729	211209522	99415	213991724	0.0011802	0.00102127	0	0.00433214	2152.51	3628.79	4	9422	
143	144	1	4	6	3	262531	365609856	304210	386424513	0.000921155	0.000682761	0	0.00408214	1270.26	2215.27	5	9422	
143	144	8	5	1	3	305890	369393459	334639	379362434	0.00095084	0.000623758	0	0.00408214	1133.65	2148.13	4	9422	
143	144	1	6	1	3	144769	242229807	174916	249699167	0.000990803	0.000838492	0	0.00433214	1427.54	2869.79	4	9422	
143	144	4	7	1	3	247036	378151672	264994	393971532	0.00103494	0.00066502	0	0.00383214	1486.72	2298.59	5	9422	
144	145	1	1	7	3	175246	274588374	213740	283938920	0.000955624	0.000803662	0	0.00408214	1328.43	2638.85	4	9422	
144	145	1	2	2	3	66969	217589529	85467	224060138	0.00121631	0.00110767	0	0.00408214	2621.6	3744.68	5	9422	
144	145	1	3	3	3	84631	212761243	100710	215602560	0.00117618	0.00102016	0	0.00433214	2140.83	3621.03	4	9422	
144	145	1	4	6	3	262776	366876091	304353	387680038	0.000922131	0.000684085	0	0.00408214	1273.78	2220.87	5	9422	
144	145	8	5	1	3	308923	373050392	337717	383044092	0.000950948	0.000622869	0	0.00408214	1134.22	2146.49	4	9422	
144	145	1	6	1	3	145129	243569746	175457	251041938	0.000991359	0.000839861	0	0.00433214	1430.79	2874.79	4	9422	
144	145	4	7	1	3	248512	379994113	266561	395835248	0.00103498	0.000665323	0	0.00408214	1484.97	2300.39	5	9422	
145	146	2	1	1	3	175676	276322952	214188	285664018	0.000956804	0.00080482	0	0.00408214	1333.71	2644.41	4	9422	
145	146	1	2	2	3	67330	219064909	86082	225575900	0.00121484	0.00110859	0	0.00408214	2620.48	3744.18	5	9422	
145	146	2	3	2	3	85154	214356803	101160	217192958	0.00117783	0.00102059	0	0.00433214	2147.02	3624.01	4	9422	
145	146	1	4	6	3	263008	368360090	304895	389214262	0.000922119	0.000685606	0	0.00408214	1276.55	2225.85	5	9422	
145	146	1	5	5	3	312014	375885532	340854	385883108	0.000951018	0.000621888	0	0.00408214	1132.11	2145.01	4	9422	
145	146	1	6	1	3	145313	244896372	175656	252369085	0.000992852	0.000841579	0	0.00433214	1436.72	2881.98	4	9422	
145	146	4	7	1	3	249755	381794580	268031	397713059	0.00103453	0.000665956	0	0.00408214	1483.83	2302.67	5	9422	
146	147	1	1	7	3	175993	277817609	214439	287153456	0.000958273	0.000806359	0	0.00408214	1339.09	2651.15	4	9422	
146	147	1	2	2	3	67531	220393309	86271	226902896	0.00121739	0.0011101	0	0.00408214	2630.12	3750.32	5	9422	
146	147	1	3	3	3	85397	215707505	101318	218534743	0.00118062	0.00102236	0	0.00433214	2156.92	3631.44	4	9422	
146	147	6	4	1	3	263473	370185942	305266	391014119	0.000923007	0.000686673	0	0.00408214	1280.9	2231.11	5	9422	
146	147	1	5	5	3	312576	377807542	341487	387823321	0.000951803	0.000623038	0	0.00408214	1135.69	2149.46	4	9422	
146	147	1	6	1	3	145688	246605535	176913	254241417	0.00098941	0.000843496	0	0.00433214	1437.1	2881.76	4	9422	
146	147	4	7	1	3	252576	385499743	270887	401426303	0.00103393	0.000664664	0	0.00408214	1481.9	2300.85	5	9422	
147	148	1	1	7	3	176203	279148830	214598	288488967	0.000959707	0.000807928	0	0.00408214	1344.32	2658.23	4	9422	
147	148	3	2	1	3	68875	222340267	88168	229112857	0.00120921	0.00110594	0	0.00408214	2598.59	3730.54	5	9422	
147	148	1	3	3	3	85567	217010611	101461	219835014	0.00118318	0.00102392	0	0.00433214	2166.69	3638.36	4	9422	
147	148	1	4	6	3	263796	371722946	305494	392541230	0.000923961	0.000687913	0	0.00408214	1284.94	2237.19	5	9422	
147	148	8	5	5	3	313009	379843182	342503	390282268	0.000950923	0.000624757	0	0.00408214	1139.5	2153.3	4	9422	
147	148	1	6	1	3	145831	247952881	177267	255618757	0.000989854	0.000845275	0	0.00433214	1442	2888.14	4	9422	
147	148	4	7	1	3	255267	387556146	273628	403488055	0.00103342	0.000663513	0	0.00408214	1474.59	2299.2	5	9422	
148	149	1	1	7	3	176346	280444637	215099	289867430	0.000959466	0.000809647	0	0.00408214	1347.6	2663.07	4	9422	
148	149	3	2	1	3	69394	223800875	88676	230569045	0.00121159	0.00110607	0	0.00408214	2600.13	3731.43	5	9422	
148	149	1	3	3	3	85710	218287275	101603	221104517	0.00118572	0.00102545	0	0.00433214	2176.16	3644.85	4	9422	
148	149	1	4	6	3	263947	373039353	305640	393866429	0.000924923	0.000689219	0	0.00408214	1288.66	2243.34	5	9422	
148	149	1	5	5	3	313530	381223012	343918	391791435	0.000949283	0.00062686	0	0.00408214	1139.2	2156.2	4	9422	
148	149	1	6	1	3	148219	249854169	180037	257594336	0.000988704	0.000842309	0	0.00433214	1430.79	2878.3	4	9422	
148	149	1	7	1	3	257510	389958004	276879	406101260	0.00102969	0.000664492	0	0.00408214	1466.71	2295.07	5	9422	
149	150	1	1	1	3	176489	281752473	215311	291182102	0.000960514	0.000811136	0	0.00408214	1352.38	2669.51	4	9422	
149	150	1	2	2	3	71279	226481423	91616	233658988	0.00119499	0.00109946	0	0.00408214	2550.42	3696.39	5	9422	
149	150	1	3	3	3	85853	219606787	101746	222421768	0.00118827	0.00102698	0	0.00433214	2186.05	3651.91	4	9422	
149	150	6	4	6	3	264090	374386699	306270	395327476	0.000924421	0.000690953	0	0.00408214	1290.78	2248.31	5	9422	
149	150	8	5	1	3	315468	383563897	345996	394172318	0.000949345	0.000626825	0	0.00408214	1139.24	2156.85	4	9422	
149	150	8	6	2	3	150474	251547366	182865	259383960	0.00098592	0.000839766	0	0.00433214	1418.45	2868.25	4	9422	
149	150	4	7	1	3	260904	394031328	280385	410224404	0.00102847	0.000662707	0	0.00408214	1463.08	2288.92	5	9422	
150	151	2	1	1	3	176876	283124732	216030	292595032	0.000960428	0.000812479	0	0.00408214	1354.42	2673.7	4	9422	
150	151	3	2	1	3	72921	228872799	94673	236451798	0.00117501	0.00109448	0	0.00408214	2497.56	3662.57	5	9422	
150	151	1	3	3	3	85995	220878621	101889	223703024	0.00119081	0.0010285	0	0.00433214	2195.56	3658.38	4	9422	
150	151	1	4	1	3	264273	375748035	308059	397329623	0.000920559	0.000693607	0	0.00408214	1289.78	2249.61	5	9422	
150	151	8	5	1	3	318686	386842854	349652	397556031	0.000948648	0.000626222	0	0.00408214	1137	2153.07	4	9422	
150	151	1	6	2	3	152324	253045381	184819	260891736	0.000986075	0.000837682	0	0.00433214	1411.61	2863.6	4	9422	
150	151	4	7	1	3	263568	396687058	283099	412896579	0.00102789	0.000661612	0	0.00408214	1458.49	2286.67	5	9422	
151	152	1	1	7	3	179507	285032998	218721	294508755	0.000961069	0.000809889	0	0.00408214	1346.5	2667.68	4	9422	
151	152	1	2	2	3	74323	230868501	96460	238553429	0.00116974	0.00109012	0	0.00408214	2473.08	3647.71	5	9422	
151	152	1	3	3	3	86138	222195810	102066	225022239	0.00119295	0.00103006	0	0.00433214	2204.67	3664.93	4	9422	
151	152	1	4	6	3	264416	377076118	308269	398665195	0.000921324	0.000694947	0	0.00408214	1293.24	2255.54	5	9422	
151	152	8	5	1	3	321599	389486513	352915	400257591	0.000948126	0.000625768	0	0.00408214	1134.15	2150.64	4	9422	
151	152	1	6	1	3	153932	254569797	186593	262419477	0.000986085	0.000836218	0	0.00433214	1406.37	2860.85	4	9422	
151	152	4	7	1	3	265965	399302724	285560	415540879	0.00102731	0.000660797	0	0.00408214	1455.18	2285.32	5	9422	
152	153	1	1	7	3	179870	286550808	219454	296063654	0.000960927	0.000811249	0	0.00408214	1349.09	2671.07	4	9422	
152	153	3	2	1	3	75029	232306278	97181	240002152	0.00117118	0.00108895	0	0.00408214	2469.64	3647.93	5	9422	
152	153	1	3	3	3	86281	223543156	102212	226369799	0.00119544	0.00103156	0	0.00433214	2214.71	3672.25	4	9422	
152	153	1	4	6	3	264834	379025888	308851	400643284	0.000921743	0.000696091	0	0.00408214	1297.21	2260.33	5	9422	
152	153	1	5	5	3	323556	391485504	354924	402268051	0.00094866	0.000625816	0	0.00408214	1133.39	2151.76	4	9422	
152	153	8	6	2	3	155044	256126823	187734	263981562	0.000987269	0.000835991	0	0.00433214	1406.15	2861.22	4	9422	
152	153	4	7	1	3	268821	401895081	288469	418148475	0.00102688	0.000659641	0	0.00408214	1449.54	2282.36	5	9422	
153	154	1	1	1	3	180013	287838691	219816	297385495	0.000961296	0.000812813	0	0.00408214	1352.88	2676.39	4	9422	
153	154	3	2	2	3	77483	234972155	100259	242828395	0.00116019	0.00107969	0	0.00408214	2422.01	3616.03	5	9422	
153	154	1	3	3	3	86424	224890502	102355	227717145	0.00119796	0.00103304	0	0.00433214	2224.78	3679.55	4	9422	
153	154	6	4	6	3	266026	380749572	310808	402629381	0.000920334	0.000696991	0	0.00408214	1295.43	2260.69	5	9422	
153	154	1	5	5	3	324515	393313906	355952	404103880	0.000949202	0.000626858	0	0.00408214	1135.28	2155.4	4	9422	
153	154	1	6	1	3	156771	258487302	189607	266366345	0.00098722	0.000834403	0	0.00433214	1404.83	2856.79	4	9422	
153	154	4	7	1	3	271521	404586309	291267	420876195	0.00102615	0.000658596	0	0.00408214	1444.98	2279.78	5	9422	
154	155	1	1	1	3	180421	289450984	220372	299055052	0.000962059	0.000813982	0	0.00408214	1357.05	2680.41	4	9422	
154	155	3	2	1	3	79293	237134756	103510	245623820	0.00114306	0.00107446	0	0.00408214	2372.95	3583.81	5	9422	
154	155	1	3	3	3	86567	226225488	102498	229052131	0.00120048	0.00103451	0	0.00433214	2234.7	3686.6	4	9422	
154	155	6	4	1	3	268508	383972113	313369	405880680	0.000920564	0.000695862	0	0.00408214	1295.22	2258.51	5	9422	
154	155	8	5	1	3	325758	395314388	357392	406120077	0.000949286	0.000627538	0	0.00408214	1136.34	2157.92	4	9422	
154	155	1	6	1	3	158178	260122563	191679	268121509	0.000985055	0.000833989	0	0.00433214	1398.8	2852.01	4	9422	
154	155	1	7	4	3	273050	406855745	292845	423162086	0.00102631	0.000658743	0	0.00408214	1445	2280.95	5	9422	
155	156	1	1	7	3	181029	290889265	221220	300525131	0.000962284	0.000814813	0	0.00408214	1358.49	2683.81	4	9422	
155	156	1	2	2	3	79986	239395544	104840	248061912	0.00113735	0.00107396	0	0.00408214	2366.1	3575.35	5	9422	
155	156	1	3	3	3	86796	227503676	103982	230753054	0.00118845	0.00103774	0	0.00433214	2219.16	3674.97	4	9422	
155	156	6	4	1	3	272247	386993193	317277	408961862	0.000920212	0.000693421	0	0.00408214	1288.97	2252.84	5	9422	
155	156	8	5	1	3	326903	396742353	358584	407548446	0.000949877	0.000628072	0	0.00408214	1136.55	2160.92	4	9422	
155	156	8	6	2	3	158815	261773292	192816	269836492	0.000983842	0.000835102	0	0.00433214	1399.45	2853.06	4	9422	
155	156	1	7	4	3	273714	409002838	293900	425523404	0.00102555	0.000660403	0	0.00408214	1447.85	2283.68	5	9422	
156	157	1	1	7	3	181200	292120251	221463	301763557	0.000963306	0.000816297	0	0.00408214	1362.59	2688.95	4	9422	
156	157	1	2	2	3	80252	240740721	105293	249430879	0.00113769	0.00107503	0	0.00408214	2368.92	3578.82	5	9422	
156	157	1	3	3	3	87170	228838593	104357	232087975	0.00119087	0.00103859	0	0.00433214	2223.98	3678.77	4	9422	
156	157	6	4	1	3	275274	389994154	321156	412278754	0.000918068	0.000692375	0	0.00408214	1283.73	2246.85	5	9422	
156	157	1	5	5	3	328437	398639841	360179	409468053	0.000950511	0.000628634	0	0.00408214	1136.85	2163	4	9422	
156	157	1	6	1	3	159624	263971442	193615	272047346	0.000984747	0.000835399	0	0.00433214	1405.09	2854.86	4	9422	
156	157	4	7	4	3	276620	412030759	297600	428926584	0.0010224	0.00066024	0	0.00408214	1441.29	2277.82	5	9422	
157	158	1	1	7	3	181356	293436279	221634	303081074	0.000964563	0.000817721	0	0.00408214	1367.48	2695.35	4	9422	
157	158	3	2	1	3	81759	243505925	107300	252400542	0.00113119	0.00107063	0	0.00408214	2352.29	3561.19	5	9422	
157	158	1	3	3	3	87664	230312087	104821	233565053	0.00119357	0.00103944	0	0.00433214	2228.23	3680.73	4	9422	
157	158	6	4	1	3	278681	393294939	325088	415778106	0.000916737	0.000690632	0	0.00408214	1278.97	2241.19	5	9422	
157	158	8	5	1	3	329567	400139207	361372	410973867	0.000951208	0.000629369	0	0.00408214	1137.26	2165.96	4	9422	
157	158	1	6	1	3	159796	265248220	193819	273326784	0.000986086	0.000837064	0	0.00433214	1410.22	2860.91	4	9422	
157	158	4	7	1	3	279130	415098656	300499	432163066	0.00102105	0.000659922	0	0.00408214	1438.15	2274.65	5	9422	
158	159	1	1	7	3	181499	294730102	221777	304374897	0.000965876	0.000819089	0	0.00408214	1372.44	2701.64	4	9422	
158	159	1	2	2	3	84345	246920437	110683	255997897	0.00111931	0.00106152	0	0.00408214	2312.89	3528.55	5	9422	
158	159	1	3	2	3	87912	231629008	104964	234870949	0.00119603	0.00104087	0	0.00433214	2237.63	3687.17	4	9422	
158	159	6	4	1	3	282048	396388797	328882	418993078	0.000915847	0.000688963	0	0.00408214	1273.99	2236.14	5	9422	
158	159	8	5	1	3	333212	402972919	365105	413828690	0.000951385	0.000628116	0	0.00408214	1133.45	2162.26	4	9422	
158	159	1	6	1	3	159972	266552197	193969	274620107	0.000987519	0.000838535	0	0.00433214	1415.79	2867.5	4	9422	
158	159	1	7	4	3	281353	417687465	302784	434791850	0.00102092	0.000659466	0	0.00408214	1435.98	2273.89	5	9422	
159	160	1	1	7	3	181642	296024711	221919	305660084	0.000967177	0.000820441	0	0.00408214	1377.35	2707.91	4	9422	
159	160	3	2	1	3	86302	248554730	112671	257645930	0.00111747	0.00105526	0	0.00408214	2286.71	3516.03	5	9422	
159	160	1	3	3	3	88150	232926383	105107	236158349	0.00119849	0.00104228	0	0.00433214	2246.84	3693.3	4	9422	
159	160	1	4	6	3	284359	398635428	332002	421430589	0.000914309	0.000688785	0	0.00408214	1269.36	2233.53	5	9422	
159	160	8	5	1	3	335907	405600009	368264	416616453	0.000950926	0.000628134	0	0.00408214	1131.3	2159.94	4	9422	
159	160	1	6	1	3	160115	267856669	194142	275926047	0.000988849	0.000840028	0	0.00433214	1421.26	2874	4	9422	
159	160	4	7	1	3	283270	420361526	304787	437490591	0.00102106	0.000659456	0	0.00408214	1435.4	2274.04	5	9422	
160	161	1	1	7	3	181785	297316416	222062	306953576	0.000968486	0.000821796	0	0.00408214	1382.29	2714.17	4	9422	
160	161	1	2	2	3	87469	250870421	113814	259967106	0.00111737	0.00105273	0	0.00408214	2284.14	3510.1	5	9422	
160	161	1	3	3	3	88293	234239060	105554	237545713	0.00119748	0.00104417	0	0.00433214	2250.47	3696.02	4	9422	
160	161	1	4	6	3	285692	400888424	333804	423845241	0.000913758	0.000689233	0	0.00408214	1269.74	2234.36	5	9422	
160	161	1	5	1	3	338180	407473706	370981	418563161	0.000950299	0.000628225	0	0.00408214	1128.26	2159.13	4	9422	
160	161	8	6	2	3	160307	269178274	195067	277440061	0.000986592	0.000841998	0	0.00433214	1422.28	2876.13	4	9422	
160	161	4	7	1	3	285110	422997613	306725	440182561	0.00102131	0.000659503	0	0.00408214	1435.1	2274.12	5	9422	
161	162	1	1	7	3	181927	298627302	222205	308272097	0.000969794	0.000823146	0	0.00408214	1387.33	2720.6	4	9422	
161	162	1	2	1	3	87699	252195309	114161	261304513	0.00111852	0.00105403	0	0.00408214	2288.91	3514.59	5	9422	
161	162	1	3	3	3	88522	235566065	105729	238867256	0.00120008	0.00104568	0	0.00433214	2259.24	3702.11	4	9422	
161	162	6	4	1	3	286079	402706256	334234	425664507	0.000914475	0.000690338	0	0.00408214	1273.55	2238.93	5	9422	
161	162	8	5	1	3	340814	410605697	374371	421968155	0.000949061	0.000628489	0	0.00408214	1127.14	2156.25	4	9422	
161	162	1	6	1	3	161131	270889436	196467	279246987	0.000985243	0.000842431	0	0.00433214	1421.34	2874.23	4	9422	
161	162	4	7	1	3	287075	425626958	308775	442864696	0.00102124	0.000659306	0	0.00408214	1434.26	2273.53	5	9422	
162	163	1	1	7	3	182070	299974648	222435	309626056	0.000970719	0.000824552	0	0.00408214	1391.98	2726.94	4	9422	
162	163	1	2	2	3	87878	253494963	114363	262606558	0.00112036	0.00105552	0	0.00408214	2296.25	3520.16	5	9422	
162	163	1	3	3	3	89030	237189149	106223	240477163	0.00120208	0.00104647	0	0.00433214	2263.89	3703.16	4	9422	
162	163	6	4	1	3	289295	406673046	337774	429799242	0.000913905	0.000688771	0	0.00408214	1272.45	2235.41	5	9422	
162	163	1	5	5	3	343341	415086279	377418	426784033	0.000948387	0.00062856	0	0.00408214	1130.8	2154.41	4	9422	
162	163	1	6	1	3	161274	272132930	196966	280515692	0.000984925	0.000844153	0	0.00433214	1424.18	2878.06	4	9422	
162	163	1	7	1	3	289369	428260211	311137	445529897	0.00102102	0.000658782	0	0.00408214	1431.94	2271.93	5	9422	
163	164	1	1	7	3	183218	301556285	223678	311218145	0.000971295	0.000824303	0	0.00408214	1391.37	2727.63	4	9422	
163	164	1	2	2	3	89961	256014704	116852	265178046	0.00111494	0.00104926	0	0.00408214	2269.35	3501.24	5	9422	
163	164	1	3	3	3	89179	238488751	106366	241776135	0.0012045	0.00104784	0	0.00433214	2273.06	3709.27	4	9422	
163	164	6	4	1	3	292944	409790901	341711	432987082	0.000913443	0.000686834	0	0.00408214	1267.11	2230.23	5	9422	
163	164	1	5	5	3	343536	416402623	377769	428124628	0.000948785	0.000629853	0	0.00408214	1133.3	2159.35	4	9422	
163	164	1	6	1	3	161417	273439045	197845	282115924	0.000982717	0.000846148	0	0.00433214	1425.94	2879.97	4	9422	
163	164	4	7	1	3	292250	430822260	314082	448097009	0.00102038	0.000657607	0	0.00408214	1426.69	2269.19	5	9422	
164	165	2	1	1	3	186008	304349887	226544	314033612	0.000971852	0.000821517	0	0.00408214	1386.19	2719.15	4	9422	
164	165	1	2	2	3	92026	258547104	119824	268053361	0.00110554	0.00104362	0	0.00408214	2237.06	3476.33	5	9422	
164	165	1	3	3	3	89321	239789257	106509	243086063	0.00120691	0.0010492	0	0.00433214	2282.31	3715.42	4	9422	
164	165	1	4	6	3	294274	412089786	343893	435441257	0.000911848	0.000687595	0	0.00408214	1266.21	2230.22	5	9422	
164	165	8	5	1	3	344021	418371399	378388	430102237	0.000949197	0.000630985	0	0.00408214	1136.67	2163.74	4	9422	
164	165	1	6	1	3	161623	274702589	198025	283377065	0.000984019	0.000847619	0	0.00433214	1431.02	2885.69	4	9422	
164	165	4	7	1	3	294702	433519067	317074	450905524	0.00101895	0.000657726	0	0.00408214	1422.08	2266.73	5	9422	
165	166	1	1	7	3	188980	307618252	229667	317334282	0.000971931	0.000818478	0	0.00408214	1381.71	2709.16	4	9422	
165	166	1	2	2	3	93986	260838273	122471	270467185	0.00109841	0.00103832	0	0.00408214	2208.42	3457.13	5	9422	
165	166	1	3	3	3	89464	241088794	106652	244385600	0.00120932	0.00105055	0	0.00433214	2291.43	3721.42	4	9422	
165	166	1	4	6	3	295082	413477092	344970	436861967	0.000912105	0.000688494	0	0.00408214	1266.38	2233.03	5	9422	
165	166	1	5	1	3	345586	421122098	380027	432857870	0.00094955	0.000631247	0	0.00408214	1139.02	2165.89	4	9422	
165	166	1	6	1	3	161852	276038673	198199	284698816	0.000985509	0.000849147	0	0.00433214	1436.43	2892.19	4	9422	
165	166	4	7	1	3	297414	436101362	319988	453519263	0.00101826	0.000657039	0	0.00408214	1417.3	2264.81	5	9422	
166	167	1	1	7	3	189496	308982504	230341	318711276	0.00097262	0.000819564	0	0.00408214	1383.65	2712.79	4	9422	
166	167	1	2	2	3	94620	262771993	123453	272480859	0.00109689	0.00103811	0	0.00408214	2207.16	3454.22	5	9422	
166	167	1	3	3	3	89607	242436140	107309	245844048	0.00120591	0.00105269	0	0.00433214	2290.99	3721.95	4	9422	
166	167	1	4	1	3	295551	414828976	345437	438213559	0.000913196	0.000689607	0	0.00408214	1268.58	2237.55	5	9422	
166	167	1	5	5	3	346089	423037153	380499	434775297	0.00095026	0.000632265	0	0.00408214	1142.65	2170.28	4	9422	
166	167	1	6	1	3	162374	277942479	198730	286602472	0.000986994	0.000850311	0	0.00433214	1442.17	2896.31	4	9422	
166	167	4	7	1	3	299523	438772147	322218	456273588	0.0010181	0.000656769	0	0.00408214	1416.04	2263.63	5	9422	
167	168	1	1	7	3	189735	310293755	230524	320016363	0.00097401	0.000820991	0	0.00408214	1388.21	2718.7	4	9422	
167	168	3	2	1	3	96372	264634682	125657	274431236	0.00109283	0.00103371	0	0.00408214	2183.97	3440.47	5	9422	
167	168	1	3	3	3	89750	243780204	107672	247218415	0.00120583	0.00105436	0	0.00433214	2296.03	3725.96	4	9422	
167	168	1	4	6	3	295806	416145784	345694	439521260	0.000914375	0.000691101	0	0.00408214	1271.42	2242.55	5	9422	
167	168	1	5	1	3	346436	424716169	381061	436493329	0.000950467	0.000633488	0	0.00408214	1145.47	2174.34	4	9422	
167	168	1	6	1	3	162534	279227209	198994	287904886	0.000987942	0.000851786	0	0.00433214	1446.8	2901.84	4	9422	
167	168	4	7	1	3	301345	441371230	324102	458910181	0.00101834	0.000656713	0	0.00408214	1415.94	2264.3	5	9422	
168	169	2	1	1	3	189976	311583233	230691	321307680	0.000975452	0.000822528	0	0.00408214	1392.81	2724.51	4	9422	
168	169	3	2	1	3	98623	267068491	128069	276899859	0.00109057	0.00102754	0	0.00408214	2162.11	3422.87	5	9422	
168	169	1	3	3	3	89893	245097604	107877	248542017	0.00120751	0.00105577	0	0.00433214	2303.94	3731.38	4	9422	
168	169	1	4	6	3	296051	417451583	345907	440824199	0.0009154	0.000692555	0	0.00408214	1274.4	2247.6	5	9422	
168	169	8	5	1	3	347785	426338982	382509	438118925	0.000951	0.000633969	0	0.00408214	1145.38	2176.18	4	9422	
168	169	1	6	1	3	162677	280553422	199196	289235743	0.000989094	0.000853228	0	0.00433214	1452.02	2908.08	4	9422	
168	169	1	7	1	3	303679	443833665	326530	461392856	0.00101825	0.000656246	0	0.00408214	1413.02	2263.37	5	9422	
169	170	2	1	1	3	190239	312875039	230949	322599552	0.000976979	0.000824193	0	0.00408214	1396.84	2729.74	4	9422	
169	170	1	2	2	3	100340	268715737	129819	278550770	0.00109029	0.00102339	0	0.00408214	2145.69	3414.84	5	9422	
169	170	1	3	3	3	90036	246401775	108026	249840308	0.00120979	0.00105709	0	0.00433214	2312.78	3737.17	4	9422	
169	170	1	4	6	3	296288	418765465	346084	442140926	0.000916446	0.000694043	0	0.00408214	1277.55	2252.85	5	9422	
169	170	1	5	5	3	349508	428070733	384324	439862554	0.000951574	0.000634231	0	0.00408214	1144.51	2177.41	4	9422	
169	170	8	6	2	3	162920	282062869	199503	290748992	0.000990172	0.000854474	0	0.00433214	1457.37	2913.8	4	9422	
169	170	1	7	4	3	304481	445857823	328231	463963238	0.00101602	0.000658113	0	0.00408214	1413.53	2263.92	5	9422	
170	171	1	1	7	3	190958	314547984	231835	324287206	0.000977015	0.000824947	0	0.00408214	1398.78	2732.42	4	9422	
170	171	1	2	2	3	100581	270058760	130048	279892608	0.00109266	0.00102489	0	0.00408214	2152.23	3420.55	5	9422	
170	171	1	3	3	3	90179	247622245	108172	251058231	0.00121213	0.00105839	0	0.00433214	2320.92	3741.86	4	9422	
170	171	6	4	1	3	296907	420190727	347009	443607155	0.000916545	0.000695268	0	0.00408214	1278.37	2256.28	5	9422	
170	171	1	5	5	3	350741	429777658	386514	441750888	0.000950011	0.000635507	0	0.00408214	1142.91	2177.8	4	9422	
170	171	1	6	1	3	165512	285127726	202872	294118886	0.000987299	0.000851529	0	0.00433214	1449.78	2899.37	4	9422	
170	171	4	7	1	3	305078	448004492	329015	466122619	0.00101611	0.000659169	0	0.00408214	1416.72	2267.54	5	9422	
171	172	1	1	7	3	191203	315906040	231978	325634552	0.000978262	0.00082622	0	0.00408214	1403.73	2738.83	4	9422	
171	172	1	2	2	3	100826	271317724	130190	281131440	0.00109474	0.00102626	0	0.00408214	2159.39	3425.78	5	9422	
171	172	1	3	3	3	90321	248944377	108315	252389785	0.00121449	0.00105969	0	0.00433214	2330.15	3748.03	4	9422	
171	172	6	4	1	3	299469	423421070	350654	447550445	0.000914339	0.000695012	0	0.00408214	1276.33	2250.97	5	9422	
171	172	8	5	5	3	353693	431508876	389788	443512772	0.00094955	0.000634744	0	0.00408214	1137.83	2175.81	4	9422	
171	172	1	6	2	3	168013	287202189	206305	296342734	0.000982988	0.000848881	0	0.00433214	1436.43	2886.58	4	9422	
171	172	4	7	1	3	307674	450400971	332524	468841262	0.0010131	0.000659419	0	0.00408214	1409.95	2263.02	5	9422	
172	173	1	1	1	3	191877	317578338	232928	327353876	0.000977935	0.000827005	0	0.00408214	1405.39	2741.08	4	9422	
172	173	1	2	2	3	101372	273398120	130771	283218719	0.00109607	0.00102654	0	0.00408214	2165.76	3426.66	5	9422	
172	173	1	3	3	3	90464	250257766	108458	253703174	0.00121684	0.00106097	0	0.00433214	2339.18	3753.89	4	9422	
172	173	6	4	1	3	302476	426773743	354424	451131773	0.000913045	0.000694158	0	0.00408214	1272.86	2245.92	5	9422	
172	173	1	5	5	3	354343	432899828	390556	444912091	0.000950058	0.000635735	0	0.00408214	1139.18	2179.46	4	9422	
172	173	1	6	1	3	168915	288700877	207277	297837901	0.000984064	0.000849079	0	0.00433214	1436.91	2888.46	4	9422	
172	173	4	7	1	3	310471	453187735	336123	471883702	0.00101024	0.000659249	0	0.00408214	1403.9	2258.82	5	9422	
173	174	2	1	1	3	194782	319796815	235859	329568167	0.000978048	0.000823906	0	0.00408214	1397.31	2733.45	4	9422	
173	174	1	2	2	3	101514	274671669	131229	284539893	0.00109552	0.00102808	0	0.00408214	2168.27	3429.67	5	9422	
173	174	1	3	3	3	90607	251589713	108607	255035751	0.00121912	0.00106225	0	0.00433214	2348.24	3759.9	4	9422	
173	174	1	4	1	3	304396	428604287	357083	453131971	0.000911905	0.000694289	0	0.00408214	1268.98	2244.81	5	9422	
173	174	1	5	5	3	355156	434317739	391384	446331411	0.000950797	0.000636462	0	0.00408214	1140.39	2183.08	4	9422	
173	174	1	6	1	3	169144	289996117	207485	299132886	0.000985657	0.000850716	0	0.00433214	1441.71	2894.08	4	9422	
173	174	4	7	1	3	310925	454978037	337849	474828395	0.00100714	0.000661772	0	0.00408214	1405.45	2258.93	5	9422	
174	175	1	1	7	3	195253	321168878	236332	330941188	0.000979392	0.000824939	0	0.00408214	1400.32	2737.86	4	9422	
174	175	3	2	1	3	103275	276625442	133902	286692990	0.0010882	0.00102452	0	0.00408214	2141.07	3412.55	5	9422	
174	175	1	3	3	3	91172	253154740	109155	256607426	0.0012199	0.00106223	0	0.00433214	2350.85	3760.78	4	9422	
174	175	1	4	6	3	304973	430004661	357687	454526512	0.0009127	0.000695273	0	0.00408214	1270.74	2248.75	5	9422	
174	175	1	5	5	3	355708	435736843	391935	447750851	0.000951633	0.000637478	0	0.00408214	1142.41	2187.49	4	9422	
174	175	1	6	1	3	169485	291323819	207838	300469077	0.000987179	0.000852089	0	0.00433214	1445.69	2899.07	4	9422	
174	175	4	7	1	3	314136	459638047	341155	479507222	0.00100658	0.00066045	0	0.00408214	1405.54	2255.36	5	9422	
175	176	1	1	7	3	197522	323735332	239063	333586241	0.000978308	0.000823373	0	0.00408214	1395.39	2731.33	4	9422	
175	176	3	2	1	3	104749	278498550	135906	288743819	0.00108425	0.00102162	0	0.00408214	2124.58	3401.51	5	9422	
175	176	1	3	3	3	91413	254450627	109298	257897358	0.00122223	0.00106349	0	0.00433214	2359.58	3766.26	4	9422	
175	176	1	4	6	3	305218	431327972	357832	455840873	0.00091355	0.000696417	0	0.00408214	1273.9	2253.92	5	9422	
175	176	8	5	1	3	357703	438087196	394124	450121871	0.000951645	0.000637456	0	0.00408214	1142.08	2187.9	4	9422	
175	176	1	6	1	3	169967	292674063	208582	301845275	0.000987171	0.000853115	0	0.00433214	1447.13	2901.56	4	9422	
175	176	4	7	1	3	316541	462464269	344094	482756614	0.00100518	0.000660462	0	0.00408214	1402.98	2252.32	5	9422	
176	177	2	1	7	3	199720	327594426	242232	337847484	0.000975719	0.000822435	0	0.00408214	1394.73	2721.42	4	9422	
176	177	1	2	2	3	105364	280339709	136500	290578852	0.00108602	0.00102192	0	0.00408214	2128.78	3402.44	5	9422	
176	177	1	3	3	3	91656	255758570	109440	259190338	0.00122454	0.00106472	0	0.00433214	2368.33	3771.75	4	9422	
176	177	1	4	6	3	305610	432629458	358240	457152380	0.00091442	0.000697514	0	0.00408214	1276.11	2258.18	5	9422	
176	177	8	5	5	3	360239	440084700	396898	452161908	0.000951654	0.000637068	0	0.00408214	1139.24	2186.89	4	9422	
176	177	1	6	1	3	172020	294482838	211255	303743116	0.000985158	0.00085117	0	0.00433214	1437.8	2893.03	4	9422	
176	177	1	7	1	3	317760	465066238	345422	485468137	0.00100584	0.000660881	0	0.00408214	1405.43	2254.24	5	9422	
177	178	1	1	7	3	200506	329416841	244426	340086386	0.000971383	0.00082372	0	0.00408214	1391.37	2717.05	4	9422	
177	178	1	2	2	3	105602	281682806	136674	291915803	0.00108827	0.00102349	0	0.00408214	2135.85	3408.39	5	9422	
177	178	1	3	3	3	91896	257022821	109583	260448418	0.00122685	0.00106595	0	0.00433214	2376.72	3776.75	4	9422	
177	178	1	4	6	3	306542	435768234	359448	460358245	0.000914463	0.000698178	0	0.00408214	1280.74	2260.99	5	9422	
177	178	1	5	5	3	361019	441560363	397738	453653018	0.000952323	0.000637936	0	0.00408214	1140.58	2190.57	4	9422	
177	178	1	6	1	3	172610	295871225	211872	305132282	0.00098671	0.000852193	0	0.00433214	1440.17	2896.49	4	9422	
177	178	4	7	1	3	319766	467698616	347510	488146055	0.00100608	0.000660741	0	0.00408214	1404.7	2254.1	5	9422	
178	179	1	1	7	3	200919	330794026	245211	341563720	0.000971487	0.000825159	0	0.00408214	1392.94	2719.85	4	9422	
178	179	1	2	2	3	105769	282941065	136929	293174040	0.00108962	0.00102486	0	0.00408214	2141.07	3412.66	5	9422	
178	179	1	3	3	3	92120	258366593	109744	261795335	0.00122932	0.00106737	0	0.00433214	2385.51	3782.61	4	9422	
178	179	6	4	1	3	307536	438129924	360592	462747931	0.000914823	0.000698648	0	0.00408214	1283.3	2263.31	5	9422	
178	179	1	5	5	3	361682	443593809	398368	455675662	0.000952981	0.000638778	0	0.00408214	1143.86	2194.5	4	9422	
178	179	1	6	1	3	173317	297274572	212627	306539198	0.00098822	0.000853065	0	0.00433214	1441.68	2899	4	9422	
178	179	4	7	1	3	321913	470337542	349717	490822568	0.00100605	0.000660424	0	0.00408214	1403.49	2253.74	5	9422	
179	180	1	1	7	3	201464	332107717	245825	342882855	0.00097272	0.000826006	0	0.00408214	1394.82	2723.04	4	9422	
179	180	1	2	2	3	106668	285012389	138048	295267170	0.00108882	0.00102376	0	0.00408214	2138.87	3409.33	5	9422	
179	180	1	3	3	3	92379	259702940	110618	263176340	0.00122442	0.00106913	0	0.00433214	2379.15	3780.07	4	9422	
179	180	1	4	6	3	309007	441361348	362732	466200867	0.000913812	0.000699129	0	0.00408214	1285.25	2262.86	5	9422	
179	180	8	5	1	3	364686	446470045	401686	458605144	0.00095226	0.000638114	0	0.00408214	1141.7	2192.33	4	9422	
179	180	1	6	1	3	174631	298979953	214091	308251244	0.000988422	0.000852342	0	0.00433214	1439.81	2897.4	4	9422	
179	180	4	7	1	3	323921	472946186	351788	493487774	0.001006	0.000660138	0	0.00408214	1402.8	2253.8	5	9422	
180	181	1	1	7	3	201913	333696685	246305	344464970	0.00097399	0.00082706	0	0.00408214	1398.53	2726.84	4	9422	
180	181	1	2	2	3	107909	286614260	139818	296989467	0.00108544	0.00102189	0	0.00408214	2124.11	3401.03	5	9422	
180	181	1	3	3	3	92570	261034686	110761	264503706	0.00122671	0.00107034	0	0.00433214	2388.06	3785.84	4	9422	
180	181	1	4	6	3	309661	443844423	363553	468828766	0.000914213	0.000699944	0	0.00408214	1289.57	2266.62	5	9422	
180	181	1	5	5	3	367559	449206196	404720	461352262	0.000952009	0.000637388	0	0.00408214	1139.93	2190.79	4	9422	
180	181	8	6	2	3	175578	300664266	215127	309938138	0.000989242	0.000852267	0	0.00433214	1440.72	2898.44	4	9422	
180	181	4	7	1	3	325203	475301628	353100	495849301	0.00100637	0.000660544	0	0.00408214	1404.27	2256.06	5	9422	
181	182	1	1	7	3	202135	334980113	246652	345765895	0.000974781	0.000828353	0	0.00408214	1401.84	2731.32	4	9422	
181	182	1	2	2	3	108149	287935067	139980	298302412	0.00108761	0.00102341	0	0.00408214	2131.04	3406.7	5	9422	
181	182	1	3	3	3	92889	262541731	111271	266025825	0.00122611	0.00107123	0	0.00433214	2390.79	3787.07	4	9422	
181	182	6	4	1	3	310905	446025684	364931	471038482	0.000914661	0.000700489	0	0.00408214	1290.76	2268.42	5	9422	
181	182	1	5	1	3	369333	451527848	406548	463682880	0.000952463	0.000637521	0	0.00408214	1140.54	2191.91	4	9422	
181	182	1	6	1	3	175959	302256453	215425	311540574	0.000990518	0.000853301	0	0.00433214	1446.17	2903.41	4	9422	
181	182	4	7	1	3	326962	477885749	354949	498481423	0.00100654	0.000660494	0	0.00408214	1404.37	2256.85	5	9422	
182	183	2	1	1	3	203988	336665752	248709	347484669	0.000974554	0.000827087	0	0.00408214	1397.15	2728.14	4	9422	
182	183	3	2	1	3	108693	289743811	140474	300103026	0.00108935	0.00102399	0	0.00408214	2136.36	3408.76	5	9422	
182	183	1	3	3	3	93136	263857339	111414	267333501	0.00122838	0.00107243	0	0.00433214	2399.46	3792.45	4	9422	
182	183	6	4	1	3	314792	449773300	368948	474821819	0.000914468	0.000698213	0	0.00408214	1286.96	2262.76	5	9422	
182	183	1	5	5	3	370381	453008944	407610	465156228	0.000953087	0.000638079	0	0.00408214	1141.18	2194.71	4	9422	
182	183	1	6	1	3	176166	303607600	215596	312888801	0.000991893	0.000854782	0	0.00433214	1451.27	2909.54	4	9422	
182	183	4	7	1	3	328655	479817231	356694	500417795	0.0010069	0.00066056	0	0.00408214	1402.93	2258.05	5	9422	
183	184	2	1	1	3	205676	339098118	250424	349933497	0.000975117	0.000826127	0	0.00408214	1397.36	2726.12	4	9422	
183	184	1	2	2	3	109252	291086036	141287	301473131	0.00108913	0.00102438	0	0.00408214	2133.76	3408.58	5	9422	
183	184	1	3	3	3	93377	265151798	111556	268611008	0.00123064	0.0010736	0	0.00433214	2407.86	3797.47	4	9422	
183	184	6	4	1	3	318681	453243874	372953	478339767	0.000914373	0.000695983	0	0.00408214	1282.57	2257.15	5	9422	
183	184	1	5	5	3	370828	454355175	408069	466503036	0.000953852	0.000639191	0	0.00408214	1143.2	2198.85	4	9422	
183	184	8	6	2	3	176675	305019859	216261	314315962	0.000992393	0.000855597	0	0.00433214	1453.41	2912.8	4	9422	
183	184	1	7	1	3	331073	482036513	360271	502930218	0.00100366	0.000661166	0	0.00408214	1395.98	2254.92	5	9422	
184	185	1	1	7	3	206064	340435634	251024	351294465	0.000975414	0.000827229	0	0.00408214	1399.45	2729.65	4	9422	
184	185	1	2	2	3	109497	292395109	141508	302780258	0.00109148	0.00102601	0	0.00408214	2139.67	3413.54	5	9422	
184	185	1	3	3	3	93597	266430014	111715	269882911	0.00123301	0.00107494	0	0.00433214	2415.82	3802.19	4	9422	
184	185	6	4	1	3	322201	456495205	376817	481706464	0.000913877	0.000694351	0	0.00408214	1278.36	2251.98	5	9422	
184	185	8	5	1	3	371915	455859986	409169	468017319	0.000954407	0.000639698	0	0.00408214	1143.82	2201.49	4	9422	
184	185	1	6	1	3	176918	306372451	216598	315677604	0.000993244	0.000856989	0	0.00433214	1457.44	2917.95	4	9422	
184	185	4	7	1	3	333202	483846125	362677	504783033	0.00100298	0.000660976	0	0.00408214	1391.83	2254.94	5	9422	
185	186	2	1	1	3	209153	342937038	254149	353802631	0.000975294	0.000824021	0	0.00408214	1392.11	2721.03	4	9422	
185	186	1	2	2	3	109732	293737788	141696	304108678	0.00109397	0.00102787	0	0.00408214	2146.21	3419.08	5	9422	
185	186	1	3	3	3	93837	267773492	111863	271230225	0.00123535	0.00107616	0	0.00433214	2424.66	3807.94	4	9422	
185	186	6	4	1	3	325133	459371622	379929	484611971	0.000913799	0.000693098	0	0.00408214	1275.53	2250.28	5	9422	
185	186	8	5	1	3	372549	457299431	409810	469457734	0.000955214	0.000640687	0	0.00408214	1145.55	2205.45	4	9422	
185	186	1	6	1	3	177178	307701209	216818	317002610	0.000994829	0.000858521	0	0.00433214	1462.07	2923.42	4	9422	
185	186	4	7	1	3	335161	486089460	364737	507039902	0.00100286	0.000660749	0	0.00408214	1390.15	2255.65	5	9422	
186	187	1	1	7	3	212476	346898801	257493	357775150	0.000975113	0.000820535	0	0.00408214	1389.46	2711.13	4	9422	
186	187	1	2	2	3	109980	295051602	141842	305411543	0.00109595	0.0010292	0	0.00408214	2153.18	3424.62	5	9422	
186	187	1	3	2	3	94069	269098133	112008	272549865	0.00123763	0.00107732	0	0.00433214	2433.31	3813.31	4	9422	
186	187	1	4	6	3	327470	461476231	382841	486800837	0.000913111	0.000692753	0	0.00408214	1271.55	2248.77	5	9422	
186	187	1	5	5	3	374253	459058362	411533	471219210	0.000955676	0.000640764	0	0.00408214	1145.03	2206.91	4	9422	
186	187	8	6	1	3	177693	309321459	217280	318608910	0.000996	0.000859388	0	0.00433214	1466.35	2927.54	4	9422	
186	187	4	7	1	3	338864	490013672	368551	511009398	0.00100213	0.000659143	0	0.00408214	1386.54	2250.68	5	9422	
187	188	1	1	7	3	212721	348192049	257638	359051443	0.000976263	0.000821737	0	0.00408214	1393.63	2716.34	4	9422	
187	188	1	2	2	3	110224	296344592	141987	306703455	0.00109791	0.00103049	0	0.00408214	2160.08	3430.01	5	9422	
187	188	1	3	3	3	94235	270438278	112151	273887687	0.00123987	0.00107847	0	0.00433214	2442.13	3818.92	4	9422	
187	188	1	4	6	3	330644	464797231	386239	490211534	0.000913146	0.000691503	0	0.00408214	1269.19	2245.63	5	9422	
187	188	8	5	1	3	375260	461275810	412790	473492224	0.00095567	0.000641666	0	0.00408214	1147.05	2208.96	4	9422	
187	188	1	6	1	3	178046	311119500	218043	320514752	0.00099539	0.000860671	0	0.00433214	1469.96	2930.17	4	9422	
187	188	4	7	1	3	341857	493538169	372345	514995693	0.000999617	0.0006588	0	0.00408214	1383.11	2245.74	5	9422	
188	189	1	1	7	3	212955	349537337	257796	360386091	0.00097739	0.000822926	0	0.00408214	1397.95	2721.96	4	9422	
188	189	1	2	2	3	110464	297699804	142156	308051130	0.00110008	0.00103197	0	0.00408214	2166.99	3435.77	5	9422	
188	189	1	3	3	3	94378	271769392	112481	275235021	0.00124005	0.0010799	0	0.00433214	2446.95	3822.44	4	9422	
188	189	6	4	1	3	332692	467705234	389851	493782234	0.000910182	0.000692059	0	0.00408214	1266.59	2241.5	5	9422	
188	189	1	5	1	3	378720	463844846	416359	476083858	0.000955424	0.000640488	0	0.00408214	1143.45	2205.46	4	9422	
188	189	1	6	1	3	179243	312565772	219479	321987297	0.000995073	0.00086009	0	0.00433214	1467.05	2929.47	4	9422	
188	189	1	7	4	3	344418	495390448	374989	516858445	0.000999292	0.000658016	0	0.00408214	1378.33	2244.87	5	9422	
189	190	2	1	1	3	213416	350958257	258245	361819074	0.000978244	0.000823726	0	0.00408214	1401.07	2726.18	4	9422	
189	190	1	2	2	3	110680	299006213	142390	309360413	0.00110203	0.00103324	0	0.00408214	2172.63	3440.47	5	9422	
189	190	1	3	3	3	95405	273402244	113949	276902776	0.00123487	0.00107837	0	0.00433214	2430.06	3812.98	4	9422	
189	190	6	4	1	3	334572	470409950	391877	496531754	0.000910506	0.000691849	0	0.00408214	1267.06	2241.33	5	9422	
189	190	1	5	5	3	380939	465833472	418713	478083439	0.000955432	0.000640196	0	0.00408214	1141.79	2205.2	4	9422	
189	190	1	6	1	3	181365	314227985	221699	323659045	0.000994846	0.000857809	0	0.00433214	1459.9	2924.18	4	9422	
189	190	4	7	1	3	345396	497807370	376060	519279985	0.00099954	0.000658646	0	0.00408214	1380.84	2247.87	5	9422	
190	191	2	1	1	3	214012	352395000	259175	363289700	0.000977956	0.000824455	0	0.00408214	1401.72	2728.61	4	9422	
190	191	3	2	1	3	111559	300646516	143820	311059943	0.00109865	0.00103253	0	0.00408214	2162.84	3435.07	5	9422	
190	191	1	3	3	3	95651	274759231	114091	278240700	0.00123706	0.0010795	0	0.00433214	2438.76	3818.57	4	9422	
190	191	1	4	6	3	335668	471885129	393031	498019097	0.000911226	0.000692272	0	0.00408214	1267.12	2243.49	5	9422	
190	191	8	5	1	3	381660	467226831	419449	479477966	0.000956147	0.000641054	0	0.00408214	1143.11	2208.69	4	9422	
190	191	1	6	1	3	181747	315600179	222091	325031859	0.000996148	0.000858952	0	0.00433214	1463.51	2928.92	4	9422	
190	191	1	7	1	3	347556	500601561	378271	522081059	0.000999572	0.000658248	0	0.00408214	1380.18	2247.96	5	9422	
191	192	2	1	1	3	215841	354049730	261058	364949586	0.000978587	0.000823377	0	0.00408214	1397.96	2726.04	4	9422	
191	192	1	2	1	3	114189	303005899	146818	313479974	0.00109442	0.00102593	0	0.00408214	2135.16	3415.15	5	9422	
191	192	1	3	3	3	95897	276078004	114234	279551849	0.00123927	0.00108062	0	0.00433214	2447.19	3823.69	4	9422	
191	192	1	4	6	3	336548	473956049	393957	500089758	0.000911885	0.000692845	0	0.00408214	1269.4	2246.65	5	9422	
191	192	8	5	1	3	382743	469856815	420670	482155341	0.000956436	0.000641682	0	0.00408214	1146.16	2211.28	4	9422	
191	192	1	6	1	3	182448	317391316	223458	326907450	0.00099418	0.000859844	0	0.00433214	1462.95	2928.22	4	9422	
191	192	4	7	1	3	350192	503863220	381089	525364866	0.000999042	0.000657604	0	0.00408214	1378.59	2246.93	5	9422	
192	193	2	1	1	3	217079	356068869	262314	366967931	0.000979784	0.000823449	0	0.00408214	1398.96	2726.42	4	9422	
192	193	1	2	2	3	115589	305394718	148488	315978098	0.00109278	0.00102338	0	0.00408214	2127.97	3405.97	5	9422	
192	193	1	3	3	3	96140	277357063	114377	280831155	0.00124147	0.00108174	0	0.00433214	2455.31	3828.39	4	9422	
192	193	1	4	6	3	336757	475308620	394115	501436962	0.000912608	0.00069387	0	0.00408214	1272.31	2251.56	5	9422	
192	193	1	5	5	3	383693	471687916	421629	483985224	0.000956844	0.000642294	0	0.00408214	1147.89	2213.97	4	9422	
192	193	1	6	1	3	183410	319372980	224549	328919000	0.000994701	0.000859807	0	0.00433214	1464.8	2928.43	4	9422	
192	193	4	7	4	3	352617	507203877	383596	528775198	0.000998976	0.000657067	0	0.00408214	1378.47	2245.55	5	9422	
193	194	1	1	1	3	217404	357386996	262765	368304927	0.000980563	0.000824543	0	0.00408214	1401.65	2730.29	4	9422	
193	194	1	2	2	3	117350	307455193	150806	318247001	0.00108846	0.00101989	0	0.00408214	2110.31	3392.83	5	9422	
193	194	1	3	3	3	96388	278661606	114520	282125206	0.00124367	0.00108284	0	0.00433214	2463.55	3833.21	4	9422	
193	194	1	4	6	3	336966	476660239	394285	502784486	0.000913393	0.00069499	0	0.00408214	1275.18	2256.41	5	9422	
193	194	1	5	5	3	384006	473011667	421994	485317428	0.000957482	0.000643391	0	0.00408214	1150.06	2218.04	4	9422	
193	194	8	6	2	3	183678	320728911	224870	330271420	0.000995795	0.000861066	0	0.00433214	1468.72	2933.34	4	9422	
193	194	4	7	1	3	354423	509819715	385476	531460019	0.000999133	0.000656995	0	0.00408214	1378.71	2245.72	5	9422	
194	195	1	1	7	3	217604	358703650	262945	369610547	0.000981839	0.00082588	0	0.00408214	1405.66	2735.42	4	9422	
194	195	1	2	2	3	117719	308820910	151428	319659173	0.00108832	0.00102056	0	0.00408214	2110.96	3394.86	5	9422	
194	195	1	3	3	3	96550	279957937	114687	283421912	0.0012456	0.00108398	0	0.00433214	2471.26	3837.78	4	9422	
194	195	1	4	6	3	337793	478107002	395579	504300543	0.000913125	0.000695914	0	0.00408214	1274.84	2258.55	5	9422	
194	195	8	5	1	3	387469	477345569	425672	489687191	0.000956843	0.0006423	0	0.00408214	1150.39	2214.53	4	9422	
194	195	1	6	1	3	184096	322105958	226001	331726804	0.000993829	0.00086224	0	0.00433214	1467.81	2934.07	4	9422	
194	195	1	7	4	3	355379	511356468	386465	533002454	0.000999674	0.000657575	0	0.00408214	1379.17	2248.52	5	9422	
195	196	1	1	7	3	217824	360031031	263170	370938481	0.000983057	0.000827161	0	0.00408214	1409.5	2740.49	4	9422	
195	196	1	2	2	3	117862	310113878	151633	320958343	0.00108968	0.0010218	0	0.00408214	2116.68	3399.65	5	9422	
195	196	1	3	3	3	96693	281286697	114867	284754341	0.00124738	0.00108513	0	0.00433214	2478.99	3842.6	4	9422	
195	196	1	4	6	3	338033	479456053	395761	505634515	0.000914061	0.000697184	0	0.00408214	1277.63	2263.26	5	9422	
195	196	1	5	1	3	391358	482415297	429610	494780535	0.000956555	0.000640812	0	0.00408214	1151.7	2210.93	4	9422	
195	196	8	6	2	3	184688	323429003	226821	333071088	0.000993953	0.000862773	0	0.00433214	1468.43	2935.98	4	9422	
195	196	1	7	4	3	357168	513752602	388237	535391812	0.000999861	0.000657479	0	0.00408214	1379.03	2249.73	5	9422	
196	197	2	1	1	3	219991	362135946	265669	373107600	0.000982205	0.000825674	0	0.00408214	1404.41	2735.78	4	9422	
196	197	1	2	2	3	118005	311400613	151829	322250170	0.0010911	0.00102302	0	0.00408214	2122.45	3404.37	5	9422	
196	197	1	3	3	3	96836	282634043	115371	286134065	0.00124565	0.00108675	0	0.00433214	2480.12	3844.3	4	9422	
196	197	1	4	6	3	338281	480785498	395904	506955670	0.000914815	0.000698184	0	0.00408214	1280.5	2267.93	5	9422	
196	197	8	5	1	3	395094	488220854	433484	500628073	0.000956155	0.000639568	0	0.00408214	1154.89	2206.83	4	9422	
196	197	1	6	1	3	185600	324791922	227785	334438469	0.000994831	0.000862674	0	0.00433214	1468.22	2937.17	4	9422	
196	197	4	7	1	3	357975	515203185	389319	536882757	0.000999689	0.000658396	0	0.00408214	1379.03	2252.47	5	9422	
197	198	2	1	1	3	223736	365299333	269449	376280871	0.0009817	0.000821665	0	0.00408214	1396.48	2725.03	4	9422	
197	198	1	2	2	3	118854	313600674	152852	324480677	0.00109066	0.00102214	0	0.00408214	2122.84	3401.82	5	9422	
197	198	1	3	3	3	97071	283945695	115526	287432199	0.0012478	0.00108782	0	0.00433214	2488.03	3849.04	4	9422	
197	198	6	4	1	3	338548	482029770	396092	508198229	0.00091563	0.000699269	0	0.00408214	1283.03	2271.89	5	9422	
197	198	1	5	5	3	397226	489965472	435629	502374371	0.000956348	0.000639225	0	0.00408214	1153.22	2207.39	4	9422	
197	198	1	6	1	3	185811	326144450	228020	335791791	0.000996067	0.00086397	0	0.00433214	1472.64	2942.54	4	9422	
197	198	1	7	4	3	360246	517821104	391646	539503068	0.000999811	0.000657999	0	0.00408214	1377.53	2252.13	5	9422	
198	199	2	1	1	3	227563	368256357	273308	379242747	0.000981252	0.000817662	0	0.00408214	1387.6	2714.39	4	9422	
198	199	1	2	2	3	119480	315050455	153542	325937684	0.00109165	0.0010221	0	0.00408214	2122.79	3403.41	5	9422	
198	199	1	3	3	3	97217	285223340	115683	288714262	0.00124981	0.00108891	0	0.00433214	2495.74	3853.41	4	9422	
198	199	6	4	1	3	339729	483564123	397614	509766682	0.000915437	0.000699629	0	0.00408214	1282.06	2273.23	5	9422	
198	199	1	5	5	3	399531	492782098	438484	505353385	0.000955524	0.000639339	0	0.00408214	1152.5	2205.43	4	9422	
198	199	1	6	1	3	186888	327568370	229180	337221547	0.000996775	0.000863587	0	0.00433214	1471.43	2942.91	4	9422	
198	199	4	7	1	3	361647	520366676	393273	542084978	0.000999813	0.000658484	0	0.00408214	1378.39	2253.51	5	9422	
199	200	1	1	7	3	229517	370559252	275284	381554880	0.000981644	0.000816407	0	0.00408214	1386.04	2711.81	4	9422	
199	200	1	2	2	3	119721	316392703	153701	327262251	0.00109353	0.00102341	0	0.00408214	2129.21	3408.77	5	9422	
199	200	1	3	3	3	97359	286552689	116130	290074585	0.0012487	0.00109043	0	0.00433214	2497.84	3855.48	4	9422	
199	200	1	4	6	3	341303	485220134	399224	511427428	0.00091601	0.000699532	0	0.00408214	1281.05	2274.58	5	9422	
199	200	8	5	1	3	399980	494463839	439424	507140299	0.000955052	0.000640648	0	0.00408214	1154.1	2208.32	4	9422	
199	200	1	6	1	3	188809	330316909	231216	339996492	0.000996853	0.000861803	0	0.00433214	1470.47	2937.66	4	9422	
199	200	4	7	4	3	363943	522637567	396655	544614129	0.000997152	0.000659056	0	0.00408214	1373.02	2250.51	5	9422	
200	201	1	1	1	3	229775	371900598	275523	382895126	0.000982927	0.000817782	0	0.00408214	1389.7	2716.76	4	9422	
200	201	1	2	2	3	120312	318169412	154325	329042842	0.00109487	0.00102349	0	0.00408214	2132.14	3409.64	5	9422	
200	201	1	3	3	3	97502	287900035	116380	291430076	0.0012497	0.00109164	0	0.00433214	2504.13	3859.67	4	9422	
200	201	6	4	6	3	343587	488374553	401749	514613952	0.000915971	0.000698958	0	0.00408214	1280.93	2273.49	5	9422	
200	201	8	5	1	3	402261	497157517	441975	509867453	0.00095483	0.00064052	0	0.00408214	1153.61	2207.9	4	9422	
200	201	8	6	2	3	189431	331663296	231858	341334949	0.000997959	0.000862326	0	0.00433214	1472.17	2940.46	4	9422	
200	201	1	7	4	3	364748	524138031	398264	546280996	0.000995725	0.000660443	0	0.00408214	1371.66	2252.12	5	9422	
201	202	1	1	7	3	230009	373192010	275692	384171714	0.000984127	0.000819089	0	0.00408214	1393.48	2721.49	4	9422	
201	202	1	2	2	3	120454	319507336	154508	330394096	0.00109635	0.00102467	0	0.00408214	2138.36	3414.98	5	9422	
201	202	1	3	3	3	97666	289209296	116543	292738673	0.00125163	0.00109272	0	0.00433214	2511.85	3864.21	4	9422	
201	202	1	4	1	3	344989	491777064	403688	518617744	0.000915361	0.00069941	0	0.00408214	1284.7	2273.48	5	9422	
201	202	8	5	1	3	403024	498590451	442752	511301623	0.000955482	0.000641221	0	0.00408214	1154.83	2211.14	4	9422	
201	202	1	6	1	3	189674	332997302	232018	342661616	0.000999391	0.000863772	0	0.00433214	1476.88	2945.89	4	9422	
201	202	4	7	1	3	365667	526724801	399367	548884978	0.000995713	0.000661066	0	0.00408214	1374.39	2254.25	5	9422	
202	203	1	1	7	3	230225	374524658	275835	385498237	0.000985172	0.000820162	0	0.00408214	1397.57	2726.74	4	9422	
202	203	1	2	2	3	120597	320784588	154657	331671859	0.00109807	0.00102584	0	0.00408214	2144.56	3419.79	5	9422	
202	203	1	3	3	3	97828	290532845	116715	294063030	0.00125347	0.0010938	0	0.00433214	2519.5	3868.8	4	9422	
202	203	1	4	6	3	347772	495454257	407257	522540238	0.000914148	0.000698814	0	0.00408214	1283.07	2269.15	5	9422	
202	203	1	5	1	3	405918	502538485	446225	515462261	0.000954534	0.000640924	0	0.00408214	1155.16	2208.09	4	9422	
202	203	8	6	2	3	190822	334765971	233699	344639365	0.000998041	0.000863546	0	0.00433214	1474.71	2943.02	4	9422	
202	203	4	7	1	3	368156	529992386	403063	552741387	0.000992703	0.000661548	0	0.00408214	1371.35	2250.16	5	9422	
203	204	2	1	1	3	230472	375836457	275978	386808433	0.000986216	0.00082123	0	0.00408214	1401.59	2731.8	4	9422	
203	204	1	2	2	3	120740	322082239	154867	332976198	0.00109935	0.00102702	0	0.00408214	2150.08	3424.33	5	9422	
203	204	1	3	3	3	97971	291866616	116879	295398786	0.00125538	0.00109487	0	0.00433214	2527.39	3873.57	4	9422	
203	204	6	4	1	3	348838	498164878	408401	525281331	0.000914775	0.000699317	0	0.00408214	1286.19	2271.36	5	9422	
203	204	8	5	1	3	409597	506303513	450039	519263565	0.000954299	0.000639699	0	0.00408214	1153.82	2203.71	4	9422	
203	204	1	6	1	3	191774	336233110	234993	346163333	0.000997452	0.000863477	0	0.00433214	1473.08	2942.62	4	9422	
203	204	4	7	1	3	371047	534441261	406768	557744501	0.00099061	0.000661288	0	0.00408214	1371.16	2245.43	5	9422	
204	205	2	1	1	3	230756	377351554	276575	388352330	0.000986117	0.000822513	0	0.00408214	1404.15	2734.77	4	9422	
204	205	3	2	1	3	121600	323585670	156440	334932057	0.00109512	0.00102645	0	0.00408214	2140.96	3417.87	5	9422	
204	205	1	3	3	3	98114	293213962	117077	296740060	0.00125689	0.00109597	0	0.00433214	2534.57	3878.1	4	9422	
204	205	6	4	1	3	350581	500671990	411288	528139349	0.000912855	0.000699732	0	0.00408214	1284.11	2269.49	5	9422	
204	205	8	5	1	3	413058	512415267	453580	525462383	0.000954459	0.000638784	0	0.00408214	1158.48	2200.07	4	9422	
204	205	8	6	2	3	192004	337589990	235275	347540696	0.000998367	0.000864512	0	0.00433214	1477.17	2947.13	4	9422	
204	205	1	7	1	3	373547	538676874	410221	563101760	0.000988291	0.000661459	0	0.00408214	1372.68	2241.63	5	9422	
205	206	1	1	7	3	233087	380080519	279075	391113823	0.000985885	0.000820817	0	0.00408214	1401.46	2729.78	4	9422	
205	206	1	2	2	3	124498	325612303	159417	336969218	0.0010926	0.00101949	0	0.00408214	2113.76	3401.77	5	9422	
205	206	1	3	3	3	98341	294562273	117247	298083943	0.00125903	0.00109697	0	0.00433214	2542.36	3882.85	4	9422	
205	206	1	4	6	3	351591	502356363	412771	529895647	0.000912495	0.000700319	0	0.00408214	1283.75	2270.69	5	9422	
205	206	8	5	1	3	416285	514309153	457036	527397752	0.00095402	0.000637841	0	0.00408214	1153.95	2198.05	4	9422	
205	206	8	6	2	3	195607	340051800	239112	350055846	0.000996577	0.000859739	0	0.00433214	1463.98	2932.99	4	9422	
205	206	4	7	1	3	376409	541386184	413207	565841062	0.000988024	0.000660607	0	0.00408214	1369.39	2239.7	5	9422	
206	207	1	1	7	3	234391	381698540	280479	392742371	0.000986326	0.000820461	0	0.00408214	1400.26	2729.18	4	9422	
206	207	3	2	1	3	127166	327837934	162434	339254986	0.00108872	0.00101359	0	0.00408214	2088.57	3384.13	5	9422	
206	207	1	3	3	3	98635	295877708	117493	299404979	0.00126105	0.00109774	0	0.00433214	2548.28	3886.39	4	9422	
206	207	1	4	6	3	351734	503647450	413145	531211418	0.000912707	0.00070141	0	0.00408214	1285.77	2274.48	5	9422	
206	207	8	5	1	3	419807	517553140	460710	530699830	0.000953799	0.00063677	0	0.00408214	1151.92	2194.88	4	9422	
206	207	1	6	1	3	197329	341706953	241669	351817641	0.000993971	0.000858608	0	0.00433214	1455.78	2925.95	4	9422	
206	207	4	7	1	3	378117	544019441	415031	568583515	0.000988495	0.000660711	0	0.00408214	1369.98	2240.12	5	9422	
207	208	1	1	7	3	234587	383006631	280696	394051966	0.000987337	0.000821698	0	0.00408214	1403.84	2733.84	4	9422	
207	208	1	2	2	3	128694	329580791	164052	341009051	0.00108847	0.00101094	0	0.00408214	2078.66	3378.28	5	9422	
207	208	1	3	3	3	99053	297446040	117928	300978484	0.0012626	0.00109783	0	0.00433214	2552.22	3886.79	4	9422	
207	208	6	4	1	3	354140	505510233	416126	533194171	0.000911919	0.00070092	0	0.00408214	1281.33	2272.85	5	9422	
207	208	8	5	1	3	422132	520347247	463188	533586677	0.00095381	0.000636489	0	0.00408214	1151.99	2193.99	4	9422	
207	208	1	6	1	3	198193	343142774	242916	353296445	0.000993414	0.000858834	0	0.00433214	1454.4	2925.98	4	9422	
207	208	4	7	1	3	379816	546646385	416831	571314724	0.000988825	0.000660729	0	0.00408214	1370.61	2240.68	5	9422	
208	209	2	1	1	3	234815	384317529	280869	395347653	0.000988468	0.000822937	0	0.00408214	1407.59	2738.58	4	9422	
208	209	1	2	2	3	128879	330868305	164268	342308309	0.00108989	0.00101224	0	0.00408214	2083.84	3382.66	5	9422	
208	209	1	3	3	3	99196	298793386	118071	302325830	0.0012647	0.00109882	0	0.00433214	2560.54	3891.78	4	9422	
208	209	1	4	6	3	357090	507716300	419493	535466302	0.000911357	0.000699864	0	0.00408214	1276.46	2270.39	5	9422	
208	209	8	5	1	3	424652	522776330	465783	536030518	0.000953858	0.000636056	0	0.00408214	1150.82	2193.32	4	9422	
208	209	8	6	2	3	199203	344586550	244035	354747372	0.00099409	0.000858667	0	0.00433214	1453.67	2926.87	4	9422	
208	209	1	7	4	3	381489	549154531	418597	573914820	0.000989179	0.000660755	0	0.00408214	1371.04	2240.81	5	9422	
209	210	1	1	7	3	235348	385948929	281352	396973993	0.000989401	0.000823648	0	0.00408214	1410.95	2741.8	4	9422	
209	210	1	2	2	3	129438	332222639	164845	343664181	0.00109113	0.0010125	0	0.00408214	2084.77	3384.49	5	9422	
209	210	1	3	3	3	99339	300090301	118214	303622745	0.0012668	0.00109981	0	0.00433214	2568.42	3896.16	4	9422	
209	210	6	4	1	3	359563	510439500	423231	538750431	0.000909074	0.000699693	0	0.00408214	1272.95	2266.17	5	9422	
209	210	1	5	1	3	425494	524302794	466639	537557497	0.000954496	0.000636729	0	0.00408214	1151.98	2196.24	4	9422	
209	210	1	6	1	3	200042	346659799	244929	356842917	0.000994888	0.000858821	0	0.00433214	1456.92	2928.37	4	9422	
209	210	4	7	1	3	383334	551890054	420554	576669230	0.000989261	0.000660682	0	0.00408214	1371.21	2241.27	5	9422	
210	211	1	1	7	3	236173	387467587	282481	398558621	0.000989166	0.00082402	0	0.00408214	1410.92	2742.82	4	9422	
210	211	1	2	2	3	129656	333502856	165014	344939152	0.00109266	0.00101367	0	0.00408214	2090.36	3388.97	5	9422	
210	211	1	3	3	3	99482	301385928	118357	304918372	0.0012689	0.0011008	0	0.00433214	2576.26	3900.46	4	9422	
210	211	6	4	1	3	361792	513339898	426815	542327335	0.000906773	0.000699814	0	0.00408214	1270.64	2262.04	5	9422	
210	211	8	5	1	3	428403	526538597	469710	539810209	0.000954598	0.00063622	0	0.00408214	1149.24	2194.58	4	9422	
210	211	8	6	2	3	200617	348009491	245928	358227483	0.000994141	0.000859488	0	0.00433214	1456.64	2929.34	4	9422	
210	211	4	7	1	3	385350	554539118	422635	579369813	0.000989469	0.000660555	0	0.00408214	1370.85	2241.3	5	9422	
211	212	1	1	7	3	236786	388880644	283099	399972262	0.000990256	0.000824676	0	0.00408214	1412.84	2745.93	4	9422	
211	212	3	2	1	3	130347	335583886	165821	347025566	0.00109305	0.00101344	0	0.00408214	2092.77	3388.58	5	9422	
211	212	1	3	3	3	99625	302692305	118507	306216318	0.00127088	0.00110178	0	0.00433214	2583.95	3904.8	4	9422	
211	212	1	4	6	3	364352	517235339	429863	546515337	0.00090616	0.000699135	0	0.00408214	1271.37	2259.27	5	9422	
211	212	8	5	1	3	431111	528691036	472945	542160881	0.000953875	0.000636024	0	0.00408214	1146.35	2192.74	4	9422	
211	212	1	6	1	3	201530	349633993	247644	359922045	0.000991702	0.000859808	0	0.00433214	1453.38	2927.02	4	9422	
211	212	1	7	1	3	387389	557170693	424729	582028302	0.000989487	0.000660344	0	0.00408214	1370.35	2241.14	5	9422	
212	213	1	1	1	3	237164	390227122	283491	401319560	0.000991412	0.000825675	0	0.00408214	1415.63	2749.78	4	9422	
212	213	1	2	1	3	130950	337759807	166351	349195646	0.00109412	0.00101355	0	0.00408214	2099.15	3389.8	5	9422	
212	213	1	3	3	3	99768	304003301	119043	307621652	0.00126877	0.00110334	0	0.00433214	2584.12	3905.16	4	9422	
212	213	6	4	1	3	364645	518576920	430330	547883909	0.000906514	0.000700099	0	0.00408214	1273.17	2262.79	5	9422	
212	213	8	5	1	3	433763	530924787	475756	544432751	0.000954039	0.000635652	0	0.00408214	1144.35	2191.61	4	9422	
212	213	8	6	1	3	202353	351244582	248806	361567326	0.000991306	0.000859999	0	0.00433214	1453.21	2926.9	4	9422	
212	213	4	7	1	3	388856	559779415	426271	584699116	0.000989785	0.000660462	0	0.00408214	1371.66	2242.17	5	9422	
213	214	1	1	7	3	237400	391524369	283639	402607824	0.000992471	0.000826766	0	0.00408214	1419.44	2754.44	4	9422	
213	214	1	2	2	3	131171	339104890	166510	350524902	0.00109576	0.00101472	0	0.00408214	2105.13	3394.86	5	9422	
213	214	1	3	3	3	99913	305312288	119276	308948513	0.00126996	0.00110445	0	0.00433214	2590.2	3908.78	4	9422	
213	214	1	4	6	3	366757	520491969	432535	549816905	0.000906917	0.000699665	0	0.00408214	1271.15	2262.73	5	9422	
213	214	8	5	1	3	434891	532629900	477155	546163351	0.000954027	0.000636226	0	0.00408214	1144.62	2193	4	9422	
213	214	1	6	2	3	205022	353704899	251964	364090088	0.000989542	0.000857393	0	0.00433214	1445.01	2916.81	4	9422	
213	214	4	7	1	3	390104	562058354	427605	587026701	0.000990002	0.00066076	0	0.00408214	1372.82	2243.55	5	9422	
214	215	1	1	7	3	237635	392874668	283795	403950902	0.000993568	0.000827889	0	0.00408214	1423.39	2759.5	4	9422	
214	215	1	2	2	3	131592	340437899	167015	351872637	0.00109635	0.00101531	0	0.00408214	2106.83	3396.94	5	9422	
214	215	2	3	2	3	100446	307071115	119811	310703959	0.00127094	0.00110451	0	0.00433214	2593.28	3907.17	4	9422	
214	215	6	4	1	3	367010	521844147	432758	551166407	0.00090777	0.000700857	0	0.00408214	1273.61	2266.99	5	9422	
214	215	8	5	1	3	436580	534414542	478927	547961840	0.000954288	0.000636396	0	0.00408214	1144.14	2193.89	4	9422	
214	215	8	6	2	3	207210	355535204	254353	365935237	0.000989299	0.000855452	0	0.00433214	1438.69	2911.25	4	9422	
214	215	4	7	1	3	393167	565046577	430792	590060880	0.000989711	0.000659895	0	0.00408214	1369.71	2240.97	5	9422	
215	216	1	1	7	3	237871	394212320	284042	405281226	0.000994583	0.000828988	0	0.00408214	1426.84	2764.08	4	9422	
215	216	1	2	2	3	131838	341720063	167281	353167366	0.00109802	0.00101637	0	0.00408214	2111.22	3400.7	5	9422	
215	216	1	3	3	3	100958	308462792	120360	312102409	0.00127131	0.00110439	0	0.00433214	2593.07	3907.85	4	9422	
215	216	1	4	6	3	367394	523184000	433099	552501863	0.000908475	0.000701703	0	0.00408214	1275.69	2270.75	5	9422	
215	216	8	5	1	3	439578	537135658	482114	550762458	0.000953956	0.000635694	0	0.00408214	1142.39	2191.85	4	9422	
215	216	8	6	2	3	209592	357956338	257191	368417345	0.000987634	0.000853206	0	0.00433214	1432.47	2903.28	4	9422	
215	216	1	7	4	3	395926	567579873	433627	592615674	0.000989596	0.000659222	0	0.00408214	1366.65	2239.21	5	9422	
216	217	1	1	7	3	238422	395647807	284935	406744085	0.000994299	0.000829746	0	0.00408214	1427.5	2765.77	4	9422	
216	217	1	2	2	3	131981	342975635	167427	354423253	0.00109962	0.00101746	0	0.00408214	2116.88	3405	5	9422	
216	217	2	3	2	3	101373	309885734	121085	313592920	0.00126873	0.00110515	0	0.00433214	2589.86	3905.93	4	9422	
216	217	1	4	6	3	367639	524515990	433248	553814456	0.000909208	0.000702701	0	0.00408214	1278.29	2274.97	5	9422	
216	217	1	5	1	3	442955	540065979	485609	553721860	0.000953682	0.000634776	0	0.00408214	1140.26	2189.3	4	9422	
216	217	8	6	1	3	211979	360263254	259886	370794672	0.000986682	0.000850871	0	0.00433214	1426.76	2895.67	4	9422	
216	217	1	7	4	3	396580	568970605	434282	594006410	0.000990288	0.000660061	0	0.00408214	1367.79	2242.41	5	9422	
217	218	1	1	7	3	239415	398557570	285884	409653483	0.000994825	0.000829757	0	0.00408214	1432.94	2767.34	4	9422	
217	218	1	2	2	3	132124	344295227	167838	355780783	0.00109949	0.00101867	0	0.00408214	2119.79	3408.14	5	9422	
217	218	1	3	3	3	101624	311247032	121262	314947021	0.00127116	0.00110636	0	0.00433214	2597.24	3910.32	4	9422	
217	218	1	4	6	3	367886	525874174	433396	555162327	0.000909931	0.000703677	0	0.00408214	1280.96	2279.39	5	9422	
217	218	8	5	1	3	446085	542456629	489152	556170686	0.000952984	0.00063416	0	0.00408214	1137.01	2186.9	4	9422	
217	218	8	6	1	3	213627	362782756	262222	373520855	0.000984467	0.00084996	0	0.00433214	1424.45	2889.74	4	9422	
217	218	1	7	4	3	397656	571170108	435435	596217160	0.000990701	0.000660613	0	0.00408214	1369.24	2244.68	5	9422	
218	219	1	1	7	3	239812	399899194	286436	411015312	0.000995348	0.000830714	0	0.00408214	1434.93	2770.51	4	9422	
218	219	1	2	2	3	132308	345604583	168558	357180556	0.00109757	0.0010199	0	0.00408214	2119.04	3408.34	5	9422	
218	219	1	3	3	3	101833	312553118	121483	316244071	0.00127308	0.00110742	0	0.00433214	2603.2	3913.71	4	9422	
218	219	1	4	6	3	368041	527202618	433816	556540107	0.000910039	0.000704734	0	0.00408214	1282.89	2283.19	5	9422	
218	219	8	5	1	3	449140	544610615	492459	558371369	0.000952633	0.000633485	0	0.00408214	1133.84	2184.91	4	9422	
218	219	8	6	2	3	216357	365025742	265919	375964209	0.000981014	0.000847515	0	0.00433214	1413.83	2877.87	4	9422	
218	219	1	7	1	3	399328	574643101	437819	599975333	0.000989457	0.000661308	0	0.00408214	1370.37	2243.67	5	9422	
219	220	1	1	7	3	240400	401264300	287255	412410364	0.00099567	0.000831551	0	0.00408214	1435.69	2772.49	4	9422	
219	220	1	2	2	3	132451	346931507	168745	358511599	0.0010989	0.00102099	0	0.00408214	2124.58	3413.02	5	9422	
219	220	1	3	3	3	102089	313832770	121755	317524457	0.00127488	0.00110826	0	0.00433214	2607.9	3916.3	4	9422	
219	220	1	4	6	3	368349	528556290	434298	557912011	0.000910379	0.000705762	0	0.00408214	1284.63	2286.8	5	9422	
219	220	8	5	1	3	449614	545938904	492957	559710265	0.000953156	0.000634291	0	0.00408214	1135.41	2188.32	4	9422	
219	220	1	6	1	3	217892	367187361	268130	378226374	0.000979394	0.000846979	0	0.00433214	1410.61	2872.95	4	9422	
219	220	4	7	1	3	401943	578178092	441131	604018256	0.000987952	0.000661205	0	0.00408214	1369.25	2240.41	5	9422	
220	221	1	1	7	3	241402	402907841	288415	414080725	0.000996109	0.000831497	0	0.00408214	1435.71	2773.31	4	9422	
220	221	1	2	2	3	132594	348254151	168929	359828682	0.00110022	0.00102207	0	0.00408214	2130.06	3417.6	5	9422	
220	221	1	3	3	3	103521	315394025	123762	319135510	0.00126709	0.00110512	0	0.00433214	2578.62	3901.91	4	9422	
220	221	6	4	1	3	369704	530505039	435829	559880801	0.000910684	0.000705978	0	0.00408214	1284.63	2288.01	5	9422	
220	221	1	5	1	3	449833	547230828	493137	560997775	0.000953815	0.000635327	0	0.00408214	1137.61	2192.1	4	9422	
220	221	1	6	2	3	218294	368567058	268606	379615039	0.000980377	0.000847875	0	0.00433214	1413.28	2876.66	4	9422	
220	221	4	7	1	3	404212	580842538	443467	606726389	0.000988108	0.000660835	0	0.00408214	1368.14	2239.63	5	9422	
221	222	1	1	7	3	241576	404297819	289049	415647811	0.000995497	0.00083273	0	0.00408214	1437.98	2776.18	4	9422	
221	222	1	2	2	3	132737	349581952	169097	361158896	0.00110167	0.00102314	0	0.00408214	2135.81	3422.38	5	9422	
221	222	2	3	2	3	104023	316981254	124226	320716465	0.00126834	0.00110505	0	0.00433214	2581.72	3902.48	4	9422	
221	222	1	4	6	3	371908	533582771	439264	563697680	0.000908633	0.000705962	0	0.00408214	1283.28	2284.37	5	9422	
221	222	1	5	5	3	450172	548949540	493775	562820439	0.000953772	0.000636374	0	0.00408214	1139.83	2195.4	4	9422	
221	222	8	6	2	3	219679	370625453	270487	381832599	0.00097941	0.000847425	0	0.00433214	1411.65	2873.51	4	9422	
221	222	4	7	1	3	406218	583454942	445519	609377595	0.000988146	0.000660604	0	0.00408214	1367.79	2239.59	5	9422	
222	223	1	1	7	3	241983	405936282	289372	417266112	0.000996408	0.000833495	0	0.00408214	1441.97	2780.24	4	9422	
222	223	3	2	2	3	133006	350951942	169836	362627030	0.00110012	0.00102408	0	0.00408214	2135.16	3423.39	5	9422	
222	223	1	3	3	3	104224	318320527	124394	322052598	0.00127026	0.00110604	0	0.00433214	2588.97	3906.72	4	9422	
222	223	1	4	1	3	374226	536454249	442581	567083313	0.000907089	0.000705751	0	0.00408214	1281.31	2280.87	5	9422	
222	223	8	5	1	3	453263	551868704	497104	565832113	0.000953444	0.000635614	0	0.00408214	1138.26	2192.78	4	9422	
222	223	8	6	2	3	222043	372700317	273976	384159304	0.000975871	0.000845718	0	0.00433214	1402.16	2863.52	4	9422	
222	223	4	7	1	3	408459	586065821	447797	612007908	0.00098821	0.000660255	0	0.00433214	1366.71	2239.23	5	9422	
223	224	1	1	7	3	242231	407208850	289515	418528123	0.000997398	0.000834477	0	0.00408214	1445.62	2784.52	4	9422	
223	224	1	2	2	3	133149	352254006	170182	363958941	0.0011004	0.00102523	0	0.00408214	2138.65	3426.66	5	9422	
223	224	1	3	3	3	104406	319669177	124631	323406489	0.00127162	0.00110712	0	0.00433214	2594.91	3910.42	4	9422	
223	224	1	4	6	3	376124	538394595	445870	569364240	0.000904721	0.000705999	0	0.00408214	1276.97	2278.27	5	9422	
223	224	1	5	1	3	454708	553816810	498730	567794552	0.000953529	0.000635849	0	0.00408214	1138.48	2194.12	4	9422	
223	224	8	6	2	3	223976	374774742	276413	386428705	0.000974836	0.000844441	0	0.00433214	1398.01	2857.77	4	9422	
223	224	4	7	1	3	410307	588715714	449694	614686937	0.000988439	0.000660154	0	0.00433214	1366.9	2239.86	5	9422	
224	225	1	1	7	3	242475	408497487	289658	419815472	0.000998386	0.000835456	0	0.00408214	1449.35	2789.03	4	9422	
224	225	1	2	2	3	133292	353590882	170333	365296657	0.00110195	0.00102628	0	0.00408214	2144.6	3431.55	5	9422	
224	225	1	3	3	3	104606	320928187	124793	324661325	0.00127353	0.0011081	0	0.00433214	2601.6	3913.8	4	9422	
224	225	6	4	6	3	378189	540293635	448285	571328280	0.000904635	0.000705711	0	0.00408214	1274.48	2277.76	5	9422	
224	225	8	5	1	3	457721	556881250	502260	570955259	0.000952837	0.000635482	0	0.00408214	1136.77	2191.43	4	9422	
224	225	8	6	2	3	225425	376603382	278092	388286353	0.000974695	0.000843749	0	0.00433214	1396.25	2855.9	4	9422	
224	225	4	7	1	3	412602	590840963	452357	616891328	0.000987743	0.000659966	0	0.00433214	1363.73	2239.15	5	9422	
225	226	1	1	7	3	242697	409852532	289804	421163133	0.000999393	0.000836453	0	0.00408214	1453.27	2793.94	4	9422	
225	226	1	2	2	3	133435	354918132	170527	366629262	0.00110321	0.00102734	0	0.00408214	2149.98	3436.04	5	9422	
225	226	1	3	3	3	104904	322238908	125185	325974492	0.00127401	0.00110861	0	0.00433214	2603.94	3915.33	4	9422	
225	226	6	4	1	3	380728	542971890	451408	574118414	0.000904066	0.000705212	0	0.00408214	1271.84	2275.63	5	9422	
225	226	8	5	1	3	460985	561064264	505745	575251602	0.000952704	0.000634783	0	0.00408214	1137.43	2188.25	4	9422	
225	226	8	6	2	3	226661	378243004	279574	389950443	0.000974773	0.000843347	0	0.00433214	1394.8	2855.25	4	9422	
225	226	1	7	1	3	414553	592958108	455419	619226812	0.000985585	0.000660681	0	0.00433214	1359.69	2237.56	5	9422	
226	227	1	1	1	3	242840	411157114	290032	422476314	0.00100009	0.000837478	0	0.00408214	1456.65	2798.2	4	9422	
226	227	1	2	1	3	133578	356174511	170739	367892886	0.00110435	0.00102841	0	0.00408214	2154.71	3439.71	5	9422	
226	227	1	3	3	3	105047	323586254	125328	327321838	0.00127598	0.00110951	0	0.00433214	2611.72	3919.86	4	9422	
226	227	6	4	1	3	382828	545465647	454171	576737361	0.000903403	0.000705076	0	0.00408214	1269.87	2274.14	5	9422	
226	227	8	5	1	3	463570	564656830	509282	579370194	0.000951284	0.000634992	0	0.00408214	1137.62	2185.58	4	9422	
226	227	1	6	1	3	228656	380078232	281630	391803631	0.000974911	0.000841793	0	0.00433214	1391.2	2851.73	4	9422	
226	227	4	7	1	3	415473	594577681	457054	620961879	0.000984526	0.000661684	0	0.00433214	1358.62	2238.64	5	9422	
227	228	2	1	1	3	243570	412648260	291466	424063322	0.000998445	0.00083812	0	0.00408214	1454.93	2797.88	4	9422	
227	228	1	2	2	3	133721	357464535	170898	369175273	0.00110582	0.00102944	0	0.00408214	2160.21	3443.98	5	9422	
227	228	1	3	3	3	105189	324897135	125471	328642141	0.00127794	0.0011104	0	0.00433214	2619.27	3924.06	4	9422	
227	228	1	4	6	3	383939	547879759	456644	579615063	0.00090133	0.000705934	0	0.00408214	1269.29	2273.24	5	9422	
227	228	8	5	1	3	466395	569222530	512601	584276992	0.000951139	0.000635068	0	0.00408214	1139.83	2183.12	4	9422	
227	228	1	6	1	3	228879	381374758	281779	393096466	0.000975944	0.000842825	0	0.00433214	1395.05	2856.28	4	9422	
227	228	4	7	1	3	418100	596984595	460704	623559562	0.00098246	0.000661883	0	0.00433214	1353.49	2235.61	5	9422	
228	229	1	1	7	3	244792	414153660	292709	425572134	0.000999124	0.000837853	0	0.00408214	1453.91	2798.11	4	9422	
228	229	1	2	2	3	133864	358778355	171068	370491928	0.00110723	0.00103047	0	0.00408214	2165.76	3448.4	5	9422	
228	229	1	3	3	3	105332	326231685	125614	329976691	0.0012799	0.00111129	0	0.00433214	2626.91	3928.37	4	9422	
228	229	1	4	6	3	384445	549984533	457270	581753311	0.000901744	0.000706622	0	0.00408214	1272.23	2276.21	5	9422	
228	229	8	5	1	3	468601	573985687	515895	590326519	0.000949925	0.000635877	0	0.00408214	1144.28	2181.1	4	9422	
228	229	1	6	1	3	229105	382660563	281934	394369358	0.000977024	0.000843865	0	0.00433214	1398.8	2860.64	4	9422	
228	229	4	7	1	3	420837	601392592	464493	628421678	0.000980104	0.000661889	0	0.00433214	1352.92	2232.34	5	9422	
229	230	1	1	7	3	245330	415737570	293189	427142405	0.00100009	0.00083855	0	0.00408214	1456.88	2801.43	4	9422	
229	230	3	2	1	3	134006	360116279	171227	371840954	0.0011087	0.0010315	0	0.00408214	2171.63	3453.23	5	9422	
229	230	2	3	3	3	105783	327590722	126646	331458718	0.00127499	0.00111186	0	0.00433214	2617.21	3923.91	4	9422	
229	230	1	4	6	3	384603	551305633	457478	583079556	0.000902322	0.000707588	0	0.00408214	1274.55	2280.11	5	9422	
229	230	1	5	1	3	471600	578259538	519403	594859358	0.000949396	0.000635635	0	0.00408214	1145.28	2178.09	4	9422	
229	230	1	6	1	3	229571	384001132	282505	395715265	0.000977686	0.000844503	0	0.00433214	1400.74	2863.63	4	9422	
229	230	1	7	4	3	422107	603671949	466235	630871539	0.000979493	0.000662425	0	0.00433214	1353.12	2233.1	5	9422	
230	231	1	1	7	3	246157	417359197	294649	429034725	0.000998877	0.000839121	0	0.00408214	1456.09	2800.93	4	9422	
230	231	1	2	2	3	134149	361463625	171413	373192815	0.00111	0.00103254	0	0.00408214	2177.16	3457.85	5	9422	
230	231	1	3	3	3	106544	329190070	127362	333058423	0.00127515	0.00111082	0	0.00433214	2615.05	3921.7	4	9422	
230	231	6	4	1	3	386727	553031863	459859	584835496	0.000902428	0.00070722	0	0.00408214	1271.77	2279.53	5	9422	
230	231	1	5	1	3	473846	580876952	521741	597514539	0.000949666	0.000635555	0	0.00408214	1145.23	2177.67	4	9422	
230	231	1	6	1	3	229756	385310480	283021	397050134	0.000977533	0.000845687	0	0.00433214	1402.9	2866.87	4	9422	
230	231	4	7	1	3	424206	607155206	468426	634395793	0.000979472	0.000662117	0	0.00433214	1354.31	2232.73	5	9422	
231	232	1	1	7	3	246718	419121579	295250	430809063	0.000999565	0.000839746	0	0.00408214	1459.13	2803.72	4	9422	
231	232	1	2	2	3	134292	362810970	171602	374544990	0.00111128	0.00103357	0	0.00408214	2182.64	3462.43	5	9422	
231	232	1	3	3	3	107133	331001602	128186	334895378	0.00127334	0.00111056	0	0.00433214	2612.57	3917.85	4	9422	
231	232	6	4	1	3	388910	554812417	462089	586621451	0.000902969	0.000706736	0	0.00408214	1269.5	2279.25	5	9422	
231	232	8	5	1	3	476374	583213442	524668	599933526	0.000949264	0.00063546	0	0.00408214	1143.45	2176.52	4	9422	
231	232	1	6	2	3	230051	386653771	283293	398391047	0.000978553	0.000846673	0	0.00433214	1406.29	2871.18	4	9422	
231	232	4	7	1	3	426191	609769466	470465	637053727	0.000979514	0.000661887	0	0.00433214	1354.09	2232.45	5	9422	
232	233	1	1	7	3	246939	420477068	295425	432159624	0.00100063	0.000840886	0	0.00408214	1462.84	2808.4	4	9422	
232	233	1	2	2	3	134435	364132526	171812	375873581	0.00111242	0.0010346	0	0.00408214	2187.7	3466.58	5	9422	
232	233	1	3	3	3	107276	332323617	128340	336209007	0.00127514	0.00111145	0	0.00433214	2619.67	3921.84	4	9422	
232	233	6	4	1	3	389518	556213354	462708	588032948	0.00090375	0.000707395	0	0.00408214	1270.85	2282.39	5	9422	
232	233	8	5	5	3	477490	584826592	525913	601558663	0.000949477	0.000635861	0	0.00408214	1143.84	2178.43	4	9422	
232	233	8	6	2	3	232896	390042350	286564	401882780	0.000977088	0.000844126	0	0.00433214	1402.42	2862.14	4	9422	
232	233	1	7	1	3	427755	612384169	472084	639715638	0.000979737	0.000661893	0	0.00433214	1355.09	2233.23	5	9422	
233	234	1	1	7	3	247082	421806825	295573	433489807	0.00100158	0.000841834	0	0.00408214	1466.61	2813	4	9422	
233	234	1	2	2	3	134578	365404525	172004	377150725	0.00111367	0.00103563	0	0.00408214	2192.69	3470.35	5	9422	
233	234	1	3	3	3	107419	333620692	128483	337506082	0.00127706	0.00111232	0	0.00433214	2626.85	3925.67	4	9422	
233	234	6	4	1	3	392094	559859592	466064	592334189	0.000902767	0.000706934	0	0.00408214	1270.93	2279.01	5	9422	
233	234	8	5	1	3	477756	586182238	526295	602924605	0.000949802	0.000636708	0	0.00408214	1145.6	2181.63	4	9422	
233	234	8	6	2	3	236675	394636656	290410	406507873	0.000976711	0.000840284	0	0.00433214	1399.77	2849.3	4	9422	
233	234	4	7	1	3	429521	615042142	473914	642425764	0.000979867	0.000661802	0	0.00433214	1355.57	2233.64	5	9422	
234	235	1	1	7	3	247228	423120169	296029	435085528	0.00100149	0.000842961	0	0.00408214	1469.74	2816.14	4	9422	
234	235	1	2	2	3	134721	366728983	172191	378470486	0.00111493	0.00103664	0	0.00408214	2197.97	3474.62	5	9422	
234	235	2	3	2	3	107623	334901655	128626	338790477	0.00127897	0.00111318	0	0.00433214	2633.92	3929.34	4	9422	
234	235	6	4	1	3	394887	562870504	469758	595637041	0.000901464	0.000706317	0	0.00408214	1267.97	2275.21	5	9422	
234	235	8	5	1	3	479989	588018453	529277	604895457	0.000948778	0.000636888	0	0.00408214	1142.87	2180.48	4	9422	
234	235	1	6	2	3	239793	397621817	293901	409623655	0.000975437	0.000837407	0	0.00433214	1393.75	2839.27	4	9422	
234	235	1	7	4	3	431360	617611619	475790	645015345	0.000980173	0.000661678	0	0.00433214	1355.67	2234.07	5	9422	
235	236	1	1	7	3	247473	424460341	296172	436414990	0.00100245	0.0008439	0	0.00408214	1473.52	2820.73	4	9422	
235	236	1	2	2	3	134864	368018831	172381	379765269	0.00111619	0.00103765	0	0.00408214	2203.06	3478.56	5	9422	
235	236	1	3	3	3	107868	336205977	128769	340084089	0.00128088	0.00111404	0	0.00433214	2641.04	3933.1	4	9422	
235	236	1	4	6	3	397252	566034808	472155	598827532	0.000901875	0.000705694	0	0.00408214	1268.29	2273.73	5	9422	
235	236	8	5	1	3	483257	590511025	532951	607480342	0.000948122	0.000636196	0	0.00408214	1139.84	2178.09	4	9422	
235	236	8	6	2	3	242751	399780511	297431	411919797	0.000973609	0.000834825	0	0.00433214	1384.93	2830.04	4	9422	
235	236	1	7	4	3	431604	618941995	475933	646344433	0.00098078	0.000662505	0	0.00433214	1358.06	2237.99	5	9422	
236	237	1	1	7	3	247718	425730617	296314	437665373	0.00100341	0.00084483	0	0.00408214	1477.03	2824.71	4	9422	
236	237	1	2	2	3	135006	369314527	172533	381071332	0.0011177	0.00103864	0	0.00408214	2208.69	3482.84	5	9422	
236	237	1	3	3	3	108113	337557176	128912	341424578	0.00128279	0.00111489	0	0.00433214	2648.51	3937.31	4	9422	
236	237	1	4	6	3	397438	567313939	472412	600114105	0.000902466	0.0007067	0	0.00408214	1270.32	2277.19	5	9422	
236	237	8	5	1	3	484684	592553911	534547	609574629	0.000948263	0.000636414	0	0.00408214	1140.36	2179.25	4	9422	
236	237	1	6	1	3	245742	402426586	300910	414692343	0.000972501	0.000832523	0	0.00433214	1378.13	2820.99	4	9422	
236	237	4	7	1	3	433521	621273982	478383	648784920	0.000979958	0.000662737	0	0.00433214	1356.2	2237.72	5	9422	
237	238	1	1	7	3	247963	427044594	296457	438968401	0.00100437	0.000845763	0	0.00408214	1480.72	2829.09	4	9422	
237	238	1	2	2	3	135149	370622935	172683	382380475	0.00111921	0.00103962	0	0.00408214	2214.35	3487.16	5	9422	
237	238	1	3	3	3	108358	338899315	129055	342756007	0.00128469	0.00111574	0	0.00433214	2655.89	3941.41	4	9422	
237	238	6	4	1	3	399121	570048890	474327	603015654	0.000902533	0.000706618	0	0.00408214	1271.31	2277.29	5	9422	
237	238	1	5	5	3	485627	594533161	536245	611641304	0.00094745	0.000637319	0	0.00408214	1140.6	2180.52	4	9422	
237	238	8	6	2	3	248399	404467530	303628	416754147	0.000972381	0.000830286	0	0.00433214	1372.58	2815.61	4	9422	
237	238	4	7	1	3	435642	624009300	481509	651975128	0.000978162	0.000663189	0	0.00433214	1354.02	2235.37	5	9422	
238	239	1	1	7	3	248270	428480810	296839	440422806	0.0010048	0.000846665	0	0.00408214	1483.71	2832.65	4	9422	
238	239	1	2	2	3	135292	371969859	172868	383731809	0.0011205	0.00104062	0	0.00408214	2219.8	3491.6	5	9422	
238	239	1	3	3	3	108532	340242336	129220	344097863	0.00128637	0.00111661	0	0.00433214	2662.88	3945.36	4	9422	
238	239	6	4	1	3	401201	572236574	477269	605487156	0.00090144	0.000706529	0	0.00408214	1268.65	2275.42	5	9422	
238	239	1	5	5	3	486835	596298402	538071	613482885	0.00094691	0.000638081	0	0.00408214	1140.15	2181.37	4	9422	
238	239	1	6	1	3	249626	406054028	304853	418344453	0.000973007	0.000830069	0	0.00433214	1372.28	2816.04	4	9422	
238	239	4	7	1	3	438149	627787844	484527	655910722	0.000977349	0.000663058	0	0.00433214	1353.71	2233.78	5	9422	
239	240	1	1	1	3	248442	429831201	297321	441805459	0.00100472	0.000847861	0	0.00408214	1485.95	2836.09	4	9422	
239	240	1	2	2	3	135435	373288305	173092	385058760	0.00112152	0.00104163	0	0.00408214	2224.59	3495.47	5	9422	
239	240	1	3	3	3	108675	341532510	129396	345383214	0.00128791	0.00111748	0	0.00433214	2669.2	3948.66	4	9422	
239	240	1	4	6	3	403445	574782495	479914	608107139	0.00090115	0.000706066	0	0.00408214	1267.12	2274.24	5	9422	
239	240	1	5	5	3	487069	597644218	538221	614819952	0.00094747	0.000638917	0	0.00408214	1142.32	2185.17	4	9422	
239	240	1	6	1	3	249870	407347325	305006	419628195	0.000974038	0.000831144	0	0.00433214	1375.8	2820.24	4	9422	
239	240	1	7	1	3	440503	630654977	486992	658793412	0.000977359	0.000662697	0	0.00433214	1352.78	2233.55	5	9422	
240	241	1	1	7	3	249149	431320436	298441	443364180	0.00100413	0.000848419	0	0.00408214	1485.6	2837.02	4	9422	
240	241	1	2	2	3	135578	374635651	173312	386414191	0.00112258	0.00104263	0	0.00408214	2229.59	3499.65	5	9422	
240	241	1	3	3	3	108818	342833703	129656	346693100	0.00128864	0.00111848	0	0.00433214	2673.95	3951.32	4	9422	
240	241	6	4	1	3	403967	576136012	480854	609526262	0.000901052	0.000706888	0	0.00408214	1267.59	2276.48	5	9422	
240	241	1	5	5	3	487652	599007736	538931	616205180	0.000947771	0.000639669	0	0.00408214	1143.38	2187.82	4	9422	
240	241	1	6	1	3	250114	408700039	305149	420971615	0.000974987	0.000832105	0	0.00433214	1379.56	2824.91	4	9422	
240	241	4	7	1	3	442806	633432673	489718	661665385	0.000976755	0.000662608	0	0.00433214	1351.12	2232.52	5	9422	
241	242	1	1	7	3	249788	432724319	299120	444771433	0.00100524	0.000849	0	0.00408214	1486.93	2839.42	4	9422	
241	242	3	2	2	3	135721	375917891	173500	387691839	0.00112381	0.00104361	0	0.00408214	2234.54	3503.33	5	9422	
241	242	1	3	3	3	108960	344159914	129866	348035846	0.00128986	0.0011194	0	0.00433214	2679.96	3954.77	4	9422	
241	242	1	4	1	3	406448	577975783	483356	611368404	0.000901543	0.000706166	0	0.00408214	1264.84	2276.08	5	9422	
241	242	8	5	1	3	490317	601859214	541724	619090287	0.000947865	0.000639279	0	0.00408214	1142.81	2186.54	4	9422	
241	242	1	6	1	3	250440	410039866	305459	422309322	0.000975919	0.000832935	0	0.00433214	1382.54	2828.88	4	9422	
241	242	4	7	1	3	445121	636055876	492089	664315970	0.000976961	0.000662295	0	0.00433214	1349.99	2232.1	5	9422	
242	243	1	1	7	3	249988	434071940	299350	446121341	0.00100614	0.000850011	0	0.00408214	1490.3	2843.68	4	9422	
242	243	1	2	2	3	135864	377236080	173709	389021131	0.00112493	0.0010446	0	0.00408214	2239.5	3507.29	5	9422	
242	243	1	3	3	3	109136	345487403	130419	349402306	0.00128795	0.00112062	0	0.00433214	2679.08	3955.04	4	9422	
242	243	6	4	1	3	407919	579548769	484827	612940932	0.000902177	0.000706263	0	0.00408214	1264.25	2277.66	5	9422	
242	243	8	5	1	3	493333	605588346	545055	622959502	0.000947751	0.000638941	0	0.00408214	1142.93	2184.1	4	9422	
242	243	1	6	1	3	250702	411343672	305817	423613253	0.000976563	0.000833833	0	0.00433214	1385.19	2832.38	4	9422	
242	243	1	7	4	3	446884	638539870	493935	666835650	0.000977253	0.000662367	0	0.00433214	1350.05	2232.75	5	9422	
243	244	2	1	1	3	250523	436039002	299825	448069789	0.00100693	0.000850582	0	0.00408214	1494.44	2846.63	4	9422	
243	244	1	2	2	3	136006	378533257	173904	390329017	0.00112614	0.00104558	0	0.00408214	2244.51	3511.13	5	9422	
243	244	1	3	3	3	109356	346777820	130637	350693175	0.00129013	0.0011218	0	0.00433214	2684.49	3957.86	4	9422	
243	244	1	4	6	3	408855	581863383	485862	615259137	0.000902623	0.000706664	0	0.00408214	1266.32	2279.67	5	9422	
243	244	8	5	1	3	496515	608975687	548636	626458656	0.000947427	0.000638555	0	0.00433214	1141.85	2181.89	4	9422	
243	244	1	6	1	3	250845	412625574	305988	424893962	0.000977419	0.000834798	0	0.00433214	1388.6	2836.44	4	9422	
243	244	4	7	1	3	449469	640682199	497158	669133219	0.000976019	0.000662188	0	0.00433214	1345.92	2231.25	5	9422	
244	245	1	1	7	3	250756	437470479	300149	449509069	0.00100761	0.000851556	0	0.00408214	1497.62	2850.19	4	9422	
244	245	1	2	2	3	136149	379867551	174066	391665306	0.00112755	0.00104654	0	0.00408214	2250.1	3515.47	5	9422	
244	245	1	3	3	3	109569	348092733	130784	352001763	0.00129205	0.00112263	0	0.00433214	2691.47	3961.51	4	9422	
244	245	6	4	1	3	412022	584428643	489600	617961681	0.00090205	0.000705733	0	0.00408214	1262.18	2276.43	5	9422	
244	245	1	5	1	3	499733	611767259	551941	629270579	0.000947673	0.000637972	0	0.00433214	1140.1	2179.72	4	9422	
244	245	1	6	1	3	250987	413936244	306131	426212504	0.000978364	0.000835747	0	0.00433214	1392.26	2840.88	4	9422	
244	245	4	7	1	3	452510	643931231	500285	672409899	0.00097582	0.000661363	0	0.00433214	1344.05	2229.32	5	9422	
245	246	1	1	7	3	252349	439062536	301991	451143676	0.00100727	0.000850774	0	0.00408214	1493.9	2848.36	4	9422	
245	246	1	2	2	3	136292	381151375	174224	392950705	0.00112899	0.00104749	0	0.00408214	2255.43	3519.33	5	9422	
245	246	1	3	3	3	109712	349402672	131249	353346603	0.00129074	0.00112388	0	0.00433214	2692.19	3962.41	4	9422	
245	246	6	4	1	3	414389	587641325	493215	621544538	0.000900248	0.000705601	0	0.00408214	1260.19	2273	5	9422	
245	246	8	5	1	3	503008	616029714	555333	633551456	0.000947862	0.000637398	0	0.00433214	1140.85	2177.78	4	9422	
245	246	8	6	2	3	251130	415252411	306414	427535122	0.000978861	0.000836763	0	0.00433214	1395.29	2844.77	4	9422	
245	246	4	7	1	3	454551	646615221	502390	675142842	0.000975872	0.000661167	0	0.00433214	1343.86	2228.96	5	9422	
246	247	2	1	1	3	255783	441452326	305557	453554078	0.00100692	0.000847704	0	0.00408214	1484.35	2839.3	4	9422	
246	247	1	2	2	3	136435	382442476	174375	394242646	0.00113048	0.00104843	0	0.00408214	2260.89	3523.28	5	9422	
246	247	1	3	3	3	110149	350890740	131724	354826340	0.00129108	0.00112374	0	0.00433214	2693.71	3962.99	4	9422	
246	247	6	4	1	3	416517	590198058	496852	624770448	0.00089803	0.000705765	0	0.00408214	1257.46	2269.71	5	9422	
246	247	8	5	1	3	506563	622850223	559004	640481169	0.000948078	0.000636701	0	0.00433214	1145.75	2175.13	4	9422	
246	247	1	6	1	3	251273	416531568	306689	428819343	0.000979382	0.000837772	0	0.00433214	1398.22	2848.41	4	9422	
246	247	1	7	1	3	457241	649214426	505124	677754387	0.000975976	0.000660635	0	0.00433214	1341.76	2227.83	5	9422	
247	248	1	1	7	3	257530	443187330	307847	455366416	0.00100592	0.000847024	0	0.00408214	1479.2	2835.66	4	9422	
247	248	1	2	2	3	136578	383749567	174534	395551417	0.0011319	0.00104937	0	0.00408214	2266.33	3527.33	5	9422	
247	248	1	3	3	3	110377	352243477	131899	356175680	0.00129291	0.00112455	0	0.00433214	2700.37	3966.76	4	9422	
247	248	1	4	6	3	416802	591555609	497419	626167823	0.000898167	0.000706685	0	0.00408214	1258.83	2272.82	5	9422	
247	248	8	5	1	3	508346	625627196	561380	643907303	0.000947664	0.00063705	0	0.00433214	1147.01	2174.64	4	9422	
247	248	1	6	1	3	251655	417912756	308021	430264345	0.000977232	0.000838883	0	0.00433214	1396.87	2848.6	4	9422	
247	248	4	7	1	3	460014	651881198	507969	680437579	0.000976007	0.000660031	0	0.00433214	1339.53	2226.3	5	9422	
248	249	1	1	7	3	258051	444862536	308433	457052154	0.00100662	0.000847641	0	0.00408214	1481.85	2838.11	4	9422	
248	249	1	2	2	3	136721	385056546	174696	396851074	0.00113329	0.00105031	0	0.00408214	2271.67	3531.32	5	9422	
248	249	1	3	3	3	110597	353588691	132042	357523026	0.00129476	0.00112534	0	0.00433214	2707.65	3970.77	4	9422	
248	249	6	4	1	3	418533	593434210	499173	628050489	0.000898814	0.00070659	0	0.00408214	1258.18	2273.44	5	9422	
248	249	8	5	1	3	511331	627713500	564569	646025205	0.000947582	0.000636523	0	0.00433214	1144.28	2173.24	4	9422	
248	249	1	6	1	3	253472	419483738	309986	431849177	0.000977259	0.000837741	0	0.00433214	1393.12	2846.25	4	9422	
248	249	1	7	4	3	461847	653926496	509896	682500089	0.000976202	0.000659997	0	0.00433214	1338.51	2226.81	5	9422	
249	250	1	1	7	3	258257	446200217	308580	458384714	0.00100755	0.000848542	0	0.00408214	1485.46	2842.47	4	9422	
249	250	1	2	2	3	136864	386367193	174907	398168861	0.00113438	0.00105127	0	0.00408214	2276.46	3535.01	5	9422	
249	250	2	3	2	3	112316	355395422	134076	359370683	0.00128901	0.00112108	0	0.00433214	2680.35	3957.27	4	9422	
249	250	1	4	6	3	419998	595452774	501121	630137612	0.000898463	0.000706696	0	0.00408214	1257.46	2273.54	5	9422	
249	250	1	5	5	3	512092	629166385	565346	647481255	0.000948141	0.000637187	0	0.00433214	1145.28	2175.59	4	9422	
249	250	1	6	1	3	253706	420814030	310186	433165907	0.000978272	0.000838788	0	0.00433214	1396.47	2850.38	4	9422	
249	250	4	7	1	3	464031	657133873	512264	685920039	0.000976396	0.000659764	0	0.00433214	1339	2225.7	5	9422	
250	251	1	1	7	3	258589	447542948	309042	459732455	0.00100795	0.000849348	0	0.00408214	1487.61	2845.59	4	9422	
250	251	1	2	2	3	137006	387650952	175105	399467817	0.00113555	0.00105222	0	0.00408214	2281.3	3538.64	5	9422	
250	251	1	3	3	3	114628	357241176	136449	361226044	0.00128426	0.00111459	0	0.00433214	2647.33	3940.35	4	9422	
250	251	1	4	6	3	421412	597419744	503536	632500425	0.000897349	0.000707165	0	0.00408214	1256.12	2272.85	5	9422	
250	251	1	5	5	3	512332	630466644	565586	648780576	0.000948704	0.000638107	0	0.00433214	1147.09	2178.83	4	9422	
250	251	8	6	1	3	254312	422761307	311125	435163788	0.00097802	0.000839389	0	0.00433214	1398.68	2851.45	4	9422	
250	251	4	7	1	3	466258	659761813	514596	688636877	0.000976687	0.000659574	0	0.00433214	1338.21	2225.27	5	9422	
251	252	2	1	1	3	260241	450026000	311478	462437700	0.00100585	0.000848826	0	0.00408214	1484.66	2840.52	4	9422	
251	252	1	2	2	3	137149	388988352	175303	400810992	0.00113671	0.00105316	0	0.00408214	2286.39	3542.63	5	9422	
251	252	1	3	3	3	115882	358729699	137752	362717772	0.00128282	0.00111172	0	0.00433214	2633.12	3933.69	4	9422	
251	252	1	4	6	3	423261	599642516	505836	634791916	0.000897047	0.000707028	0	0.00408214	1254.94	2272.26	5	9422	
251	252	1	5	5	3	512858	632425277	566223	650746721	0.00094898	0.000638771	0	0.00433214	1149.28	2181.44	4	9422	
251	252	1	6	1	3	254738	424129898	311813	436574649	0.000978098	0.000840134	0	0.00433214	1400.12	2853.78	4	9422	
251	252	4	7	1	3	468868	662398154	517285	691293802	0.000976615	0.00065906	0	0.00433214	1336.39	2224.3	5	9422	
252	253	2	1	7	3	262429	453013446	314875	466133994	0.00100255	0.000847935	0	0.00408214	1480.38	2831.22	4	9422	
252	253	1	2	2	3	137292	390316939	175491	402144304	0.00113794	0.0010541	0	0.00408214	2291.54	3546.57	5	9422	
252	253	1	3	3	3	116115	360034157	137927	364019404	0.00128473	0.00111247	0	0.00433214	2639.22	3936.97	4	9422	
252	253	1	4	6	3	423563	601000608	506171	636153834	0.000897745	0.000707968	0	0.00408214	1256.8	2275.71	5	9422	
252	253	1	5	5	3	513990	633940560	567467	652264772	0.000949268	0.00063915	0	0.00433214	1149.43	2183.19	4	9422	
252	253	1	6	1	3	255258	425919603	312391	438374473	0.000978853	0.000840833	0	0.00433214	1403.29	2856.19	4	9422	
252	253	1	7	1	3	470965	665033044	519452	693962209	0.000976734	0.000658869	0	0.00433214	1335.95	2224.11	5	9422	
253	254	2	1	1	3	265349	455317886	318007	468491564	0.00100178	0.000845517	0	0.00408214	1473.21	2824.58	4	9422	
253	254	1	2	1	3	137435	391601852	175676	403433627	0.00113918	0.00105502	0	0.00408214	2296.46	3550.13	5	9422	
253	254	1	3	3	3	116718	361553581	138553	365538067	0.00128516	0.00111194	0	0.00433214	2638.25	3936.1	4	9422	
253	254	1	4	6	3	423847	602352937	506436	637514059	0.000898463	0.000708926	0	0.00408214	1258.82	2279.32	5	9422	
253	254	1	5	5	3	514590	635352495	568068	653676548	0.000949745	0.000639736	0	0.00433214	1150.7	2186.16	4	9422	
253	254	8	6	2	3	255499	427226130	312534	439671380	0.000979778	0.000841752	0	0.00433214	1406.8	2860.3	4	9422	
253	254	1	7	1	3	472744	667656849	521290	696611665	0.000976855	0.000658832	0	0.00433214	1336.32	2224.68	5	9422	
254	255	1	1	7	3	265684	456741021	318247	469908647	0.00100262	0.000846272	0	0.00408214	1476.55	2828.4	4	9422	
254	255	1	2	2	3	137578	392921349	175854	404756799	0.00114047	0.00105595	0	0.00408214	2301.66	3554.02	5	9422	
254	255	1	3	3	3	116861	362830455	139030	366840986	0.00128383	0.00111318	0	0.00433214	2638.57	3936.67	4	9422	
254	255	1	4	6	3	424071	603663310	506664	638825262	0.000899228	0.000709994	0	0.00408214	1260.85	2282.73	5	9422	
254	255	1	5	5	3	516147	636978029	569662	655314748	0.00095021	0.000639919	0	0.00433214	1150.36	2187.56	4	9422	
254	255	1	6	1	3	255743	428464786	312691	440902469	0.000980788	0.000842765	0	0.00433214	1410.03	2863.91	4	9422	
254	255	1	7	4	3	473980	669724759	522610	698678722	0.000977098	0.00065909	0	0.00433214	1336.9	2226.03	5	9422	
255	256	1	1	7	3	265905	458040237	318432	471203915	0.00100358	0.000847326	0	0.00408214	1479.76	2832.26	4	9422	
255	256	1	2	2	3	137721	394199665	176006	406026743	0.0011419	0.00105684	0	0.00408214	2306.89	3557.7	5	9422	
255	256	1	3	3	3	117003	364138155	139188	368159356	0.00128546	0.00111398	0	0.00433214	2645.05	3940.21	4	9422	
255	256	1	4	6	3	424783	605661941	507551	640850943	0.000899517	0.000710542	0	0.00408214	1262.63	2285.16	5	9422	
255	256	1	5	5	3	517902	639428072	571489	657784998	0.000950525	0.000640005	0	0.00433214	1151	2188.41	4	9422	
255	256	1	6	1	3	255991	429787674	312834	442217174	0.000981711	0.000843677	0	0.00433214	1413.58	2868.13	4	9422	
255	256	4	7	1	3	476199	671511088	524907	700476746	0.000977172	0.000658801	0	0.00433214	1334.48	2225.9	5	9422	
256	257	1	1	7	3	267639	459780747	320480	472981012	0.00100285	0.000846434	0	0.00408214	1475.85	2829.36	4	9422	
256	257	1	2	2	3	137864	395508327	176188	407339500	0.00114316	0.00105776	0	0.00408214	2311.96	3561.42	5	9422	
256	257	1	3	3	3	117146	365415043	139353	369437676	0.00128701	0.00111479	0	0.00433214	2651.09	3943.29	4	9422	
256	257	6	4	1	3	428007	608137052	511047	643412264	0.000899477	0.000709433	0	0.00408214	1259.01	2282.64	5	9422	
256	257	1	5	5	3	519826	641702294	573564	660117344	0.000950591	0.000639985	0	0.00433214	1150.9	2188.6	4	9422	
256	257	1	6	1	3	256226	431132783	313362	443623524	0.000981662	0.000844693	0	0.00433214	1415.69	2870.65	4	9422	
256	257	4	7	1	3	477319	673970636	526041	702945972	0.000977676	0.000659258	0	0.00433214	1336.3	2227.64	5	9422	
257	258	1	1	7	3	269387	461591365	322264	474788618	0.00100311	0.000845488	0	0.00408214	1473.29	2827.28	4	9422	
257	258	1	2	2	3	138006	396798167	176373	408643172	0.00114439	0.00105867	0	0.00408214	2316.93	3565.05	5	9422	
257	258	1	3	3	3	117289	366720994	139496	370743627	0.00128877	0.00111557	0	0.00433214	2657.74	3946.84	4	9422	
257	258	1	4	1	3	431407	612244078	514868	647724197	0.000899303	0.000708381	0	0.00408214	1258.04	2278.47	5	9422	
257	258	8	5	1	3	520073	643043872	573862	661463479	0.000951093	0.00064078	0	0.00433214	1152.65	2191.9	4	9422	
257	258	1	6	1	3	256369	432433180	313544	444926778	0.000982461	0.000845618	0	0.00433214	1419.03	2874.59	4	9422	
257	258	4	7	1	3	479667	678095948	528867	707286880	0.000976897	0.000659201	0	0.00433214	1337.36	2226.22	5	9422	
258	259	1	1	7	3	269803	462920814	322665	476115760	0.00100396	0.000846247	0	0.00408214	1475.57	2830.46	4	9422	
258	259	1	2	2	3	138149	398124667	176537	409971877	0.00114576	0.00105957	0	0.00408214	2322.3	3569.01	5	9422	
258	259	1	3	3	3	117432	368062578	140310	372168908	0.00128435	0.00111722	0	0.00433214	2652.48	3945.12	4	9422	
258	259	6	4	1	3	434281	615112408	518365	650750092	0.000898662	0.000707663	0	0.00408214	1255.39	2275.59	5	9422	
258	259	1	5	1	3	522700	646865249	576592	665308400	0.00095119	0.000640435	0	0.00433214	1153.86	2191.17	4	9422	
258	259	1	6	1	3	256511	433717861	313760	446224122	0.000983151	0.000846556	0	0.00433214	1422.18	2878.38	4	9422	
258	259	4	7	1	3	482140	680617760	531412	709829241	0.000976974	0.000658821	0	0.00433214	1335.74	2225.44	5	9422	
259	260	2	1	1	3	270048	464245880	322808	477443963	0.00100485	0.000847101	0	0.00408214	1479.03	2834.63	4	9422	
259	260	1	2	2	3	138292	399433290	176686	411281130	0.00114722	0.00106046	0	0.00408214	2327.75	3572.89	5	9422	
259	260	1	3	2	3	119953	370107808	142932	374226861	0.00127899	0.00111041	0	0.00433214	2618.22	3926.54	4	9422	
259	260	6	4	1	3	437140	618941424	522096	655057382	0.000897588	0.000707062	0	0.00408214	1254.67	2271.53	5	9422	
259	260	1	5	5	3	525244	649729370	579724	668241271	0.000950553	0.000640433	0	0.00433214	1152.69	2189.61	4	9422	
259	260	1	6	1	3	256908	435054635	315160	447709796	0.000980873	0.000847592	0	0.00433214	1420.58	2877.63	4	9422	
259	260	4	7	1	3	482539	681975354	531835	711189068	0.000977548	0.000659548	0	0.00433214	1337.24	2228.54	5	9422	
260	261	1	1	7	3	270283	465600439	322951	478791309	0.00100573	0.000847953	0	0.00408214	1482.55	2838.93	4	9422	
260	261	1	2	1	3	138435	400729644	176840	412578639	0.00114865	0.00106134	0	0.00408214	2333.06	3576.62	5	9422	
260	261	1	3	3	3	121684	372595133	144663	376710813	0.00127655	0.00110633	0	0.00433214	2604.06	3913.18	4	9422	
260	261	6	4	1	3	439282	622519405	525682	659760066	0.000895608	0.00070715	0	0.00408214	1255.06	2268.2	5	9422	
260	261	1	5	5	3	526364	651204410	580935	669725629	0.000950862	0.000640768	0	0.00433214	1152.84	2191.37	4	9422	
260	261	1	6	1	3	257116	436400633	316194	449149263	0.000979213	0.000848773	0	0.00433214	1420.49	2878.62	4	9422	
260	261	1	7	1	3	483998	684600589	533325	713833430	0.000977872	0.000659669	0	0.00433214	1338.46	2229.66	5	9422	
261	262	1	1	7	3	271488	467218035	324613	480446490	0.00100481	0.000847899	0	0.00408214	1480.06	2837.57	4	9422	
261	262	1	2	2	3	138578	402072765	177043	413928060	0.00114975	0.00106225	0	0.00408214	2338.01	3580.44	5	9422	
261	262	1	3	3	3	121928	373890750	144806	377998346	0.00127825	0.00110711	0	0.00433214	2610.38	3916.58	4	9422	
261	262	1	4	6	3	440581	624659517	527975	662152116	0.00089447	0.000707605	0	0.00408214	1254.14	2267.91	5	9422	
261	262	1	5	5	3	527968	652933417	582595	671471887	0.000951244	0.000640959	0	0.00433214	1152.55	2192.43	4	9422	
261	262	8	6	2	3	257282	437714763	316387	450465772	0.000980017	0.000849687	0	0.00433214	1423.78	2882.55	4	9422	
261	262	4	7	1	3	485401	687038155	535496	716938345	0.000976804	0.000660308	0	0.00433214	1338.83	2229.07	5	9422	
262	263	1	1	1	3	272107	468537651	325234	481766336	0.00100578	0.000848402	0	0.00408214	1481.29	2839.56	4	9422	
262	263	1	2	2	3	138721	403377819	177225	415227892	0.00115098	0.00106313	0	0.00408214	2342.94	3584	5	9422	
262	263	1	3	3	3	122175	375132815	144949	379239560	0.00127995	0.00110788	0	0.00433214	2616.37	3919.5	4	9422	
262	263	1	4	6	3	441078	626063958	529414	663797588	0.000893461	0.000708527	0	0.00408214	1253.83	2269.34	5	9422	
262	263	8	5	1	3	530684	655260023	585399	673816658	0.000951484	0.000640612	0	0.00433214	1151.04	2191.67	4	9422	
262	263	1	6	1	3	257515	439018977	316557	451765835	0.000980984	0.0008506	0	0.00433214	1427.12	2886.47	4	9422	
262	263	4	7	4	3	486724	689819959	538041	720252048	0.000974951	0.000661295	0	0.00433214	1338.66	2227.98	5	9422	
263	264	1	1	7	3	272294	469854409	325399	483080911	0.00100672	0.00084932	0	0.00408214	1484.58	2843.49	4	9422	
263	264	1	2	2	3	138864	404582770	177421	416438647	0.00115212	0.00106403	0	0.00408214	2347.18	3586.65	5	9422	
263	264	1	3	3	3	122418	376471223	145092	380567734	0.00128165	0.00110865	0	0.00433214	2622.94	3923.21	4	9422	
263	264	1	4	6	3	441672	627485658	530159	665234600	0.000893767	0.000709065	0	0.00408214	1254.78	2271.8	5	9422	
263	264	8	5	1	3	532259	656817773	587009	675378274	0.000951806	0.000640694	0	0.00433214	1150.54	2192.78	4	9422	
263	264	8	6	2	3	258050	440864486	317015	453598731	0.000981773	0.00085112	0	0.00433214	1430.84	2889.21	4	9422	
263	264	4	7	1	3	490101	693116151	541877	723896484	0.000974134	0.00066063	0	0.00433214	1335.91	2224.8	5	9422	
264	265	1	1	7	3	273265	471753869	326480	485001491	0.00100697	0.000849352	0	0.00408214	1485.55	2843.89	4	9422	
264	265	1	2	2	3	139006	405887460	177589	417755145	0.00115345	0.0010649	0	0.00408214	2352.37	3590.38	5	9422	
264	265	2	3	3	3	122666	377802095	145236	381889207	0.00128335	0.00110942	0	0.00433214	2629.44	3926.8	4	9422	
264	265	1	4	6	3	442965	630835646	531407	668602302	0.000894247	0.000709154	0	0.00408214	1258.17	2273.24	5	9422	
264	265	1	5	5	3	533997	658956139	588783	677520773	0.000952094	0.000640769	0	0.00433214	1150.71	2193.55	4	9422	
264	265	1	6	1	3	258222	442175468	317158	454907402	0.000982683	0.000852006	0	0.00433214	1434.32	2893.27	4	9422	
264	265	4	7	1	3	492408	695350414	544935	726279362	0.000973019	0.000660733	0	0.00433214	1332.78	2223.65	5	9422	
265	266	1	1	7	3	273611	473116809	326846	486365928	0.00100787	0.000850136	0	0.00408214	1488.06	2847.32	4	9422	
265	266	1	2	2	3	139149	407198562	177740	419067087	0.00115488	0.00106576	0	0.00408214	2357.75	3594.17	5	9422	
265	266	1	3	3	3	122863	379124589	145515	383219716	0.00128427	0.00111021	0	0.00433214	2633.54	3929.21	4	9422	
265	266	1	4	6	3	443210	632108020	531549	669854544	0.00089481	0.000709894	0	0.00408214	1260.19	2276.38	5	9422	
265	266	1	5	5	3	534440	660350346	589244	678916160	0.000952701	0.000641606	0	0.00433214	1152.18	2196.47	4	9422	
265	266	1	6	1	3	258364	443459775	317301	456201131	0.000983592	0.000852889	0	0.00433214	1437.76	2897.22	4	9422	
265	266	4	7	1	3	494606	697525666	548260	728672356	0.000971177	0.000661139	0	0.00433214	1329.06	2222.09	5	9422	
266	267	1	1	7	3	273850	474441342	327025	487693642	0.00100898	0.000851299	0	0.00408214	1491.3	2851.23	4	9422	
266	267	1	2	2	3	139292	408525506	177890	420394766	0.00115632	0.00106662	0	0.00408214	2363.23	3598.08	5	9422	
266	267	1	3	3	3	123006	380461914	145737	384562879	0.00128525	0.00111107	0	0.00433214	2638.75	3932.33	4	9422	
266	267	1	4	6	3	443455	633400253	531692	671136067	0.000895376	0.000710637	0	0.00408214	1262.26	2279.63	5	9422	
266	267	1	5	5	3	536239	663280537	591251	681872136	0.000952838	0.000641771	0	0.00433214	1153.27	2197.08	4	9422	
266	267	1	6	1	3	258838	445008132	318245	457941206	0.000982904	0.000853617	0	0.00433214	1438.96	2897.99	4	9422	
266	267	4	7	1	3	497666	700822266	551875	732216532	0.000970241	0.000660683	0	0.00433214	1326.78	2219.29	5	9422	
267	268	2	1	1	3	274989	475965748	328521	489260598	0.00100839	0.000851234	0	0.00408214	1489.28	2850.71	4	9422	
267	268	1	2	2	3	139435	409817979	178105	421694799	0.00115733	0.00106751	0	0.00408214	2367.68	3601.26	5	9422	
267	268	2	3	2	3	123311	381784558	146975	385968460	0.00127825	0.00111248	0	0.00433214	2626.08	3926.97	4	9422	
267	268	6	4	6	3	443836	634982349	532339	672761712	0.000895408	0.000711424	0	0.00408214	1263.78	2282.18	5	9422	
267	268	1	5	5	3	537358	664916359	592470	683520916	0.000953256	0.000642263	0	0.00433214	1153.68	2198.9	4	9422	
267	268	1	6	1	3	259085	446298672	318388	459222724	0.00098381	0.000854495	0	0.00433214	1442.34	2901.81	4	9422	
267	268	1	7	4	3	499946	704010366	555537	736159335	0.000967951	0.000661178	0	0.00433214	1325.13	2216.5	5	9422	
268	269	2	1	1	3	277569	477872468	331248	491185407	0.0010079	0.000849226	0	0.00408214	1482.83	2845.74	4	9422	
268	269	1	2	2	3	139578	411113312	178294	422994962	0.00115851	0.00106838	0	0.00408214	2372.46	3604.62	5	9422	
268	269	1	3	3	3	125240	383296871	149042	387494064	0.00127429	0.00110759	0	0.00433214	2599.9	3914.7	4	9422	
268	269	6	4	1	3	445365	636701237	534681	674684051	0.000894666	0.00071171	0	0.00408214	1261.84	2282	5	9422	
268	269	1	5	5	3	538322	666426799	593454	685043125	0.000953837	0.000642872	0	0.00433214	1154.33	2200.84	4	9422	
268	269	8	6	2	3	259331	447618845	318531	460533310	0.000984715	0.00085537	0	0.00433214	1445.8	2905.82	4	9422	
268	269	4	7	1	3	502314	707113850	558449	739476815	0.000967128	0.000661098	0	0.00433214	1324.16	2215.19	5	9422	
269	270	2	1	1	3	280736	479931985	334524	493262354	0.00100733	0.000846518	0	0.00408214	1474.52	2838.57	4	9422	
269	270	1	2	2	3	139721	412436987	178500	424316648	0.00115956	0.00106925	0	0.00408214	2377.12	3608.08	5	9422	
269	270	2	3	2	3	127350	384972391	151702	389248339	0.00126657	0.00110265	0	0.00433214	2565.87	3898.2	4	9422	
269	270	1	4	6	3	446573	638802353	536978	677380917	0.000893344	0.000712214	0	0.00408214	1261.47	2281.5	5	9422	
269	270	1	5	5	3	538586	667712741	593726	686330071	0.000954336	0.000643592	0	0.00433214	1155.97	2203.77	4	9422	
269	270	1	6	1	3	259574	448930194	318674	461834700	0.00098562	0.000856243	0	0.00433214	1449.24	2909.75	4	9422	
269	270	4	7	1	3	505074	709752875	561266	742134657	0.000967167	0.000660543	0	0.00433214	1322.25	2214.24	5	9422	
270	271	1	1	7	3	283482	482342054	337393	495698844	0.00100688	0.000844436	0	0.00408214	1469.2	2832.61	4	9422	
270	271	1	2	2	3	139864	413755510	178733	425643908	0.00116045	0.00107014	0	0.00408214	2381.45	3611.3	5	9422	
270	271	1	3	3	3	127823	386352586	152430	390673955	0.00126501	0.0011029	0	0.00433214	2562.97	3896.87	4	9422	
270	271	1	4	1	3	446746	640111174	537161	678690698	0.000893897	0.000713036	0	0.00408214	1263.48	2284.79	5	9422	
270	271	8	5	1	3	539823	669327295	595019	687951813	0.000954722	0.000643897	0	0.00433214	1156.18	2205.35	4	9422	
270	271	1	6	1	3	259895	450525579	319051	463429892	0.000986313	0.000856951	0	0.00433214	1452.53	2912.79	4	9422	
270	271	1	7	4	3	505895	711343966	562102	743736335	0.000967529	0.000660992	0	0.00433214	1323.13	2216.22	5	9422	
271	272	1	1	7	3	284596	484333662	338560	497692082	0.00100732	0.000844297	0	0.00408214	1470.03	2832.82	4	9422	
271	272	1	2	2	3	140006	415070497	178961	426977242	0.00116137	0.00107102	0	0.00408214	2385.87	3614.62	5	9422	
271	272	1	3	3	3	128065	387674034	152573	391986805	0.00126664	0.00110366	0	0.00433214	2569.18	3900.4	4	9422	
271	272	1	4	6	3	446940	641440564	537348	680019173	0.000894421	0.000713823	0	0.00408214	1265.51	2288.17	5	9422	
271	272	8	5	1	3	542966	671895572	598304	690549359	0.000954857	0.000643415	0	0.00433214	1154.18	2203.76	4	9422	
271	272	1	6	1	3	260038	451748429	319199	464652913	0.0009872	0.000857821	0	0.00433214	1455.68	2916.17	4	9422	
271	272	4	7	1	3	506954	712884895	563182	745278741	0.000967919	0.000661319	0	0.00433214	1323.34	2218.2	5	9422	
272	273	2	1	1	3	286063	486142036	340042	499503625	0.00100788	0.000843707	0	0.00408214	1468.95	2832.06	4	9422	
272	273	3	2	1	3	140149	416354303	179159	428266823	0.00116248	0.00107188	0	0.00408214	2390.43	3617.77	5	9422	
272	273	1	3	3	3	128311	388972358	152716	393276671	0.00126826	0.00110441	0	0.00433214	2575.22	3903.66	4	9422	
272	273	1	4	6	3	447119	642765561	537533	681335393	0.00089497	0.000714644	0	0.00408214	1267.52	2291.49	5	9422	
272	273	1	5	5	3	544314	673566287	599776	692233333	0.000955065	0.000643653	0	0.00433214	1154.15	2205.17	4	9422	
272	273	1	6	1	3	260180	453041315	319461	465963210	0.000987733	0.000858737	0	0.00433214	1458.59	2919.67	4	9422	
272	273	1	7	4	3	507749	714600171	564214	747050398	0.000968015	0.000661945	0	0.00433214	1324.06	2220.25	5	9422	
273	274	2	1	1	3	289739	489936069	343782	503335100	0.00100727	0.000840591	0	0.00408214	1464.11	2822.43	4	9422	
273	274	1	2	1	3	140292	417647434	179338	429563734	0.00116371	0.00107272	0	0.00408214	2395.27	3621.11	5	9422	
273	274	1	3	3	3	128544	390316000	152874	394616712	0.00126983	0.00110517	0	0.00433214	2581.32	3907.26	4	9422	
273	274	1	4	6	3	448517	644319894	539164	682923623	0.000895127	0.000714745	0	0.00408214	1266.63	2292.19	5	9422	
273	274	8	5	1	3	546242	676270326	601853	694967677	0.000955151	0.000643687	0	0.00433214	1154.71	2205.63	4	9422	
273	274	1	6	1	3	260323	454352601	319983	467347182	0.000987463	0.000859762	0	0.00433214	1460.54	2922.24	4	9422	
273	274	4	7	1	3	510049	717117907	566745	749619871	0.000967825	0.000661714	0	0.00433214	1322.68	2220.01	5	9422	
274	275	2	1	1	3	292867	492298469	346963	505706115	0.00100691	0.000838155	0	0.00408214	1457.52	2816.12	4	9422	
274	275	1	2	2	3	140435	418994780	179524	430915595	0.0011649	0.00107357	0	0.00408214	2400.32	3624.83	5	9422	
274	275	2	3	2	3	128774	391660524	153149	395954089	0.00127104	0.00110576	0	0.00433214	2585.42	3909.93	4	9422	
274	275	1	4	6	3	449014	645602746	539662	684212324	0.000895801	0.000715393	0	0.00408214	1267.85	2294.61	5	9422	
274	275	1	5	5	3	548790	679022388	604440	697729311	0.000955351	0.000643383	0	0.00433214	1154.34	2205.33	4	9422	
274	275	1	6	1	3	260466	455673521	320187	468672478	0.000988173	0.000860648	0	0.00433214	1463.75	2926.03	4	9422	
274	275	1	7	4	3	512166	720362949	570141	753697260	0.000965828	0.000662177	0	0.00433214	1321.95	2217.54	5	9422	
275	276	1	1	7	3	295749	494451155	350411	507975162	0.00100502	0.000836214	0	0.00408214	1449.66	2808.92	4	9422	
275	276	1	2	2	3	140578	420340714	179678	432262684	0.00116629	0.0010744	0	0.00408214	2405.76	3628.71	5	9422	
275	276	2	3	2	3	129377	392996277	154368	397334686	0.00126644	0.00110586	0	0.00433214	2573.94	3905.01	4	9422	
275	276	1	4	6	3	449506	646926779	540152	685536147	0.000896514	0.00071617	0	0.00408214	1269.15	2297.23	5	9422	
275	276	1	5	5	3	549044	680308204	604662	699021376	0.000955981	0.00064434	0	0.00433214	1156.05	2208.3	4	9422	
275	276	1	6	1	3	260609	457003400	320870	470100854	0.000987407	0.000861733	0	0.00433214	1465.08	2928.08	4	9422	
275	276	4	7	1	3	513113	721921250	572247	755476748	0.000964343	0.000663274	0	0.00433214	1320.19	2217.97	5	9422	
276	277	1	1	7	3	296373	495833374	351052	509359042	0.00100589	0.000836613	0	0.00408214	1450.95	2811.05	4	9422	
276	277	1	2	2	3	140721	421688060	179848	433603548	0.00116755	0.00107522	0	0.00408214	2410.94	3632.46	5	9422	
276	277	1	3	3	3	129745	394319768	154745	398667714	0.00126789	0.0011062	0	0.00433214	2576.29	3906.52	4	9422	
276	277	1	4	6	3	449825	648253325	540411	686856571	0.000897163	0.000717033	0	0.00408214	1270.99	2300.3	5	9422	
276	277	1	5	5	3	549284	681633230	604824	700338174	0.000956519	0.000645136	0	0.00433214	1157.92	2211.51	4	9422	
276	277	1	6	1	3	260863	458507412	321225	471707569	0.000987967	0.000862501	0	0.00433214	1468.46	2931.32	4	9422	
276	277	4	7	4	3	515760	724841765	575298	758483404	0.000963874	0.000662967	0	0.00433214	1318.42	2216.89	5	9422	
277	278	1	1	1	3	299044	497948781	354026	511530639	0.00100507	0.000834873	0	0.00408214	1444.9	2805.46	4	9422	
277	278	1	2	2	3	140864	423035406	180042	434956249	0.00116868	0.00107606	0	0.00408214	2415.86	3636.08	5	9422	
277	278	1	3	3	3	130257	395792116	155189	400134256	0.00126863	0.00110616	0	0.00433214	2578.37	3907.18	4	9422	
277	278	6	4	1	3	451729	649967153	542418	688580844	0.00089748	0.000716736	0	0.00408214	1269.47	2300.44	5	9422	
277	278	1	5	5	3	550548	684552346	606281	703274676	0.000956498	0.000645426	0	0.00433214	1159.98	2213.03	4	9422	
277	278	1	6	1	3	261006	459844640	321451	473043810	0.000988598	0.000863382	0	0.00433214	1471.59	2935.07	4	9422	
277	278	4	7	1	3	517067	727965973	577669	762906718	0.000962551	0.000663883	0	0.00433214	1320.66	2216.17	5	9422	
278	279	1	1	7	3	299390	499288323	354311	512855235	0.00100595	0.000835743	0	0.00408214	1447.47	2808.76	4	9422	
278	279	1	2	2	3	141006	424370708	180226	436305278	0.00116986	0.00107689	0	0.00408214	2420.88	3639.72	5	9422	
278	279	1	3	3	3	130502	397084441	155332	401416036	0.00127022	0.0011069	0	0.00433214	2584.25	3910.33	4	9422	
278	279	1	4	6	3	454334	651843613	545112	690469200	0.000897764	0.000715976	0	0.00408214	1266.66	2299.41	5	9422	
278	279	1	5	5	3	550763	685907004	606499	704629517	0.000956997	0.000646265	0	0.00433214	1161.8	2216.3	4	9422	
278	279	1	6	1	3	261149	461143373	321594	474342543	0.000989492	0.000864231	0	0.00433214	1474.97	2938.86	4	9422	
278	279	4	7	1	3	520214	731309837	581194	766344920	0.000961888	0.000663244	0	0.00433214	1318.57	2214.2	5	9422	
279	280	1	1	7	3	299634	500605720	354457	514162901	0.00100678	0.00083657	0	0.00408214	1450.56	2812.49	4	9422	
279	280	1	2	2	3	141149	425718054	180381	437653884	0.00117124	0.0010777	0	0.00408214	2426.27	3643.53	5	9422	
279	280	2	3	2	3	130756	398436926	155839	402816545	0.00126943	0.00110804	0	0.00433214	2584.83	3910.79	4	9422	
279	280	6	4	1	3	456710	654054660	547525	692675516	0.000898157	0.000715373	0	0.00408214	1265.1	2298.62	5	9422	
279	280	1	5	5	3	550974	687259080	606700	705980548	0.000957511	0.000647106	0	0.00433214	1163.64	2219.57	4	9422	
279	280	1	6	1	3	261291	462439956	321746	475649062	0.000990358	0.000865081	0	0.00433214	1478.34	2942.65	4	9422	
279	280	4	7	1	3	523546	736068880	584619	771176762	0.000961812	0.000662371	0	0.00433214	1319.11	2211.92	5	9422	
280	281	1	1	7	3	300108	502600644	354947	516168079	0.00100735	0.000837076	0	0.00408214	1454.21	2815.03	4	9422	
280	281	1	2	2	3	141292	427018403	180557	438957698	0.00117247	0.00107852	0	0.00408214	2431.13	3646.79	5	9422	
280	281	1	3	3	3	130998	399768270	155982	404138081	0.00127102	0.00110877	0	0.00433214	2590.93	3914.26	4	9422	
280	281	6	4	6	3	459712	656418377	551047	695169260	0.000897763	0.000714563	0	0.00408214	1261.54	2295.93	5	9422	
280	281	1	5	5	3	552142	688752793	608063	707487775	0.000957599	0.000647478	0	0.00433214	1163.51	2220.93	4	9422	
280	281	1	6	1	3	261464	463730102	321909	476937773	0.000991245	0.000865972	0	0.00433214	1481.59	2946.26	4	9422	
280	281	4	7	1	3	524792	738343890	585948	773484008	0.000962053	0.000662586	0	0.00433214	1320.06	2213.32	5	9422	
281	282	1	1	7	3	300251	503878266	355469	517693410	0.00100708	0.000838061	0	0.00408214	1456.37	2817.25	4	9422	
281	282	1	2	2	3	141435	428310744	180738	440254029	0.00117367	0.00107934	0	0.00408214	2435.87	3650	5	9422	
281	282	1	3	3	3	131243	401059520	156127	405410009	0.00127262	0.0011095	0	0.00433214	2596.67	3917.28	4	9422	
281	282	1	4	6	3	460660	658778502	552176	697578638	0.000897962	0.000714858	0	0.00408214	1263.33	2297.56	5	9422	
281	282	8	5	1	3	553001	690995163	608936	709731519	0.000957963	0.000647918	0	0.00433214	1165.53	2223.04	4	9422	
281	282	1	6	1	3	262057	465333319	322422	478534798	0.000992019	0.000866407	0	0.00433214	1484.19	2948.71	4	9422	
281	282	1	7	1	3	527373	740958855	588946	776360961	0.000961577	0.000662337	0	0.00433214	1318.22	2211.77	5	9422	
282	283	1	1	7	3	300401	505203788	355736	519030184	0.00100757	0.000838925	0	0.00408214	1459.03	2820.69	4	9422	
282	283	1	2	2	3	141578	429658090	180931	441606625	0.00117479	0.00108016	0	0.00408214	2440.75	3653.54	5	9422	
282	283	1	3	3	3	131424	402397995	156300	406747944	0.00127406	0.00111029	0	0.00433214	2602.35	3920.59	4	9422	
282	283	6	4	1	3	462926	661461400	554780	700308243	0.000897859	0.000714443	0	0.00408214	1262.32	2296.71	5	9422	
282	283	8	5	1	3	555488	692912769	611450	711662314	0.000958096	0.000647518	0	0.00433214	1163.89	2222.51	4	9422	
282	283	1	6	1	3	262244	466632987	322566	479831225	0.000992906	0.000867246	0	0.00433214	1487.54	2952.43	4	9422	
282	283	4	7	1	3	530676	743850217	592336	779290817	0.000961502	0.000661494	0	0.00433214	1315.62	2209.85	5	9422	
283	284	1	1	7	3	300907	507206321	356248	521033826	0.00100818	0.000839392	0	0.00408214	1462.56	2823.13	4	9422	
283	284	1	2	2	3	141721	430975086	181095	442916509	0.00117608	0.00108096	0	0.00408214	2445.77	3656.95	5	9422	
283	284	1	3	3	3	131635	403724192	156482	408080790	0.0012756	0.00111115	0	0.00433214	2607.84	3923.76	4	9422	
283	284	1	4	6	3	465393	663691497	557770	702624622	0.000897586	0.000714037	0	0.00408214	1259.7	2295.4	5	9422	
283	284	8	5	1	3	557921	695525496	613941	714279846	0.00095821	0.000647191	0	0.00433214	1163.43	2222.18	4	9422	
283	284	1	6	1	3	262387	467925765	322709	481124003	0.000993795	0.000868083	0	0.00433214	1490.89	2956.12	4	9422	
283	284	4	7	1	3	533606	746425555	595742	782068635	0.00096093	0.000661134	0	0.00433214	1312.76	2207.89	5	9422	
284	285	1	1	7	3	301098	508495630	356481	522327264	0.00100891	0.000840309	0	0.00408214	1465.23	2826.36	4	9422	
284	285	1	2	2	3	141864	432280826	181290	444227709	0.00117718	0.00108177	0	0.00408214	2450.37	3660.09	5	9422	
284	285	1	3	3	3	131858	405049048	156628	409397717	0.00127717	0.00111187	0	0.00433214	2613.82	3927.05	4	9422	
284	285	6	4	1	3	466492	665249771	559202	704219742	0.000897594	0.000714311	0	0.00408214	1259.33	2296.44	5	9422	
284	285	8	5	1	3	561678	699688494	617772	718455716	0.000958129	0.000646278	0	0.00433214	1162.98	2219.43	4	9422	
284	285	1	6	1	3	262643	469242976	323582	482472696	0.000992755	0.000869019	0	0.00433214	1491.04	2957.3	4	9422	
284	285	4	7	1	3	536395	748996582	599017	784933463	0.000960381	0.000660859	0	0.00433214	1310.37	2206.17	5	9422	
285	286	2	1	1	3	301357	509790831	356844	523624362	0.00100939	0.000841069	0	0.00408214	1467.38	2829.17	4	9422	
285	286	1	2	2	3	142006	433615985	181521	445581530	0.00117804	0.0010826	0	0.00408214	2454.71	3663.33	5	9422	
285	286	1	3	3	3	132079	406363285	156954	410724593	0.00127725	0.00111278	0	0.00433214	2616.85	3928.95	4	9422	
285	286	1	4	6	3	468781	667463247	562421	706668393	0.000896553	0.000714074	0	0.00408214	1256.48	2294.02	5	9422	
285	286	1	5	5	3	561944	701135275	618080	719910129	0.00095853	0.000647017	0	0.00433214	1164.75	2222.4	4	9422	
285	286	8	6	2	3	262933	470603282	323840	483832305	0.000993792	0.000869983	0	0.00433214	1494.05	2960.93	4	9422	
285	286	4	7	1	3	539465	751336835	602535	787357465	0.000959759	0.000660384	0	0.00433214	1306.74	2204.46	5	9422	
286	287	1	1	7	3	301850	511253175	357525	525112735	0.00100959	0.0008416	0	0.00408214	1468.74	2830.99	4	9422	
286	287	1	2	2	3	142149	434915429	181739	446888849	0.00117899	0.00108342	0	0.00408214	2458.96	3666.25	5	9422	
286	287	1	3	3	3	132222	407688617	157130	412053201	0.00127855	0.00111353	0	0.00433214	2622.37	3932.09	4	9422	
286	287	1	4	6	3	469343	668858273	563316	708122985	0.000896742	0.000714876	0	0.00408214	1257.06	2296.04	5	9422	
286	287	1	5	1	3	563788	704055813	620129	722921029	0.000958568	0.000647145	0	0.00433214	1165.76	2222.42	4	9422	
286	287	1	6	1	3	263156	471889092	324026	485122690	0.000994753	0.000870905	0	0.00433214	1497.17	2964.42	4	9422	
286	287	4	7	1	3	541362	754504231	604866	790709085	0.000959407	0.000660457	0	0.00433214	1307.25	2204.1	5	9422	
287	288	2	1	1	3	302113	512700156	357773	526569687	0.00101036	0.000842284	0	0.00408214	1471.8	2834.29	4	9422	
287	288	1	2	2	3	142292	436216214	181965	448198349	0.00117988	0.00108425	0	0.00408214	2463.1	3669.18	5	9422	
287	288	1	3	3	3	132365	408985877	157305	413353419	0.00127985	0.00111427	0	0.00433214	2627.72	3934.99	4	9422	
287	288	6	4	1	3	470358	671070164	564397	710337178	0.000897204	0.000715159	0	0.00408214	1258.58	2297.6	5	9422	
287	288	8	5	1	3	564813	705567126	621183	724430946	0.000959	0.000647502	0	0.00433214	1166.21	2224.03	4	9422	
287	288	1	6	1	3	263579	473250621	324436	486483162	0.000995646	0.000871567	0	0.00433214	1499.47	2967.29	4	9422	
287	288	4	7	1	3	543457	757092156	607024	793323590	0.000959519	0.000660319	0	0.00433214	1306.91	2203.95	5	9422	
288	289	2	1	1	3	302716	514412280	358954	528375600	0.00100937	0.000842935	0	0.00408214	1471.99	2834.64	4	9422	
288	289	1	2	2	3	142435	437483925	182161	449471625	0.00118097	0.00108505	0	0.00408214	2467.44	3671.96	5	9422	
288	289	1	3	3	3	132508	410331312	157450	414689940	0.00128138	0.00111496	0	0.00433214	2633.79	3938.46	4	9422	
288	289	1	4	6	3	470865	673137601	564895	712412392	0.000897827	0.000715946	0	0.00408214	1261.14	2300.37	5	9422	
288	289	1	5	5	3	565100	706866764	621484	725732511	0.000959553	0.000648291	0	0.00433214	1167.74	2226.8	4	9422	
288	289	8	6	2	3	264826	474795940	326052	488068138	0.000995198	0.000871331	0	0.00433214	1496.9	2965.46	4	9422	
288	289	1	7	1	3	546373	759751789	610011	795990990	0.000959378	0.000659618	0	0.00433214	1304.88	2203.29	5	9422	
289	290	1	1	7	3	303347	516035726	359656	530005369	0.00100993	0.000843425	0	0.00408214	1473.65	2836.34	4	9422	
289	290	1	2	2	3	142578	438798825	182341	450790410	0.00118216	0.00108584	0	0.00408214	2472.24	3675.23	5	9422	
289	290	1	3	3	3	132651	411609307	157641	415972508	0.00128255	0.00111571	0	0.00433214	2638.73	3941.01	4	9422	
289	290	1	4	6	3	471102	674461618	565074	713730811	0.00089844	0.000716771	0	0.00408214	1263.07	2303.52	5	9422	
289	290	1	5	5	3	565494	708173066	621897	727044290	0.00096001	0.000648957	0	0.00433214	1169.08	2229.39	4	9422	
289	290	1	6	1	3	267075	476962128	328371	490244815	0.000995314	0.000869668	0	0.00433214	1492.96	2961.01	4	9422	
289	290	4	7	1	3	549578	762405965	613267	798657630	0.000959265	0.000658822	0	0.00433214	1302.3	2201.91	5	9422	
290	291	1	1	7	3	304347	517513034	361205	531550752	0.00100909	0.000843602	0	0.00408214	1471.6	2835.54	4	9422	
290	291	1	2	2	3	142721	440076644	182529	452063637	0.00118327	0.00108662	0	0.00408214	2476.67	3678.12	5	9422	
290	291	1	3	3	3	132793	412937614	157957	417321861	0.0012827	0.0011166	0	0.00433214	2642	3943.18	4	9422	
290	291	6	4	6	3	471324	675762242	565387	715046203	0.000898701	0.000717521	0	0.00408214	1264.7	2306.34	5	9422	
290	291	1	5	5	3	567269	710319356	623828	729216274	0.00096021	0.000649019	0	0.00433214	1168.94	2229.72	4	9422	
290	291	1	6	2	3	269610	478828407	331072	492134364	0.000994963	0.000867621	0	0.00433214	1486.49	2955.39	4	9422	
290	291	4	7	1	3	551608	765004029	615399	801324619	0.00095957	0.000658739	0	0.00433214	1302.12	2201.98	5	9422	
291	292	1	1	1	3	306839	519656444	363770	533706921	0.00100889	0.00084193	0	0.00408214	1467.15	2831.38	4	9422	
291	292	1	2	2	3	142864	441392548	182716	453384161	0.00118441	0.00108741	0	0.00408214	2481.36	3681.28	5	9422	
291	292	1	3	3	3	132936	414259981	158127	418647039	0.00128403	0.00111732	0	0.00433214	2647.54	3946.27	4	9422	
291	292	1	4	6	3	471697	677300803	565951	716605886	0.000898948	0.000718162	0	0.00408214	1266.2	2308.72	5	9422	
291	292	8	5	1	3	570105	712991326	626922	731927959	0.000960024	0.000648656	0	0.00433214	1167.49	2228.27	4	9422	
291	292	8	6	2	3	270827	480260267	332440	493569046	0.000995188	0.000867201	0	0.00433214	1484.69	2954.89	4	9422	
291	292	1	7	4	3	552674	766926799	616529	803279812	0.000959896	0.000659055	0	0.00433214	1302.91	2203.42	5	9422	
292	293	2	1	1	3	310567	523450708	367561	537517490	0.0010084	0.000838989	0	0.00408214	1462.39	2822.49	4	9422	
292	293	3	2	1	3	143006	442722990	182897	454728015	0.00118558	0.00108819	0	0.00408214	2486.25	3684.66	5	9422	
292	293	1	3	3	3	133079	415582222	158270	419969280	0.00128558	0.001118	0	0.00433214	2653.5	3949.51	4	9422	
292	293	1	4	1	3	473432	680044360	568261	719496389	0.000898545	0.000718194	0	0.00408214	1266.14	2308.19	5	9422	
292	293	8	5	1	3	572835	717013936	630217	736299183	0.000959365	0.000648523	0	0.00433214	1168.33	2226.01	4	9422	
292	293	1	6	1	3	271194	481558069	332824	494868040	0.000996035	0.000867845	0	0.00433214	1486.88	2957.59	4	9422	
292	293	4	7	1	3	552922	768263063	616672	804605051	0.00096037	0.00065971	0	0.00433214	1304.75	2206.53	5	9422	
293	294	2	1	1	3	312912	526327123	370152	540424815	0.00100785	0.000837631	0	0.00408214	1460.01	2818.26	4	9422	
293	294	1	2	2	3	143149	444056248	183090	456066523	0.00118668	0.00108897	0	0.00408214	2490.94	3687.91	5	9422	
293	294	1	3	3	3	133223	416875989	158624	421286347	0.00128542	0.00111892	0	0.00433214	2655.88	3950.94	4	9422	
293	294	6	4	1	3	476264	682369711	572005	722107548	0.000897499	0.000717604	0	0.00408214	1262.41	2305.31	5	9422	
293	294	1	5	1	3	576154	720081220	633611	739393638	0.000959426	0.000647861	0	0.00433214	1166.95	2224.05	4	9422	
293	294	1	6	1	3	271428	482860154	333011	496176504	0.000996949	0.000868666	0	0.00433214	1489.97	2961.11	4	9422	
293	294	1	7	4	3	553167	769584077	616815	805915355	0.000960842	0.000660364	0	0.00433214	1306.58	2209.55	5	9422	
294	295	2	1	1	3	315287	528402377	372736	542541911	0.0010075	0.000836266	0	0.00408214	1455.57	2814.18	4	9422	
294	295	1	2	2	3	143292	445396985	183233	457407260	0.00118809	0.00108973	0	0.00408214	2496.31	3691.49	5	9422	
294	295	1	3	3	3	133366	418202427	158846	422617010	0.00128633	0.00111969	0	0.00433214	2660.55	3953.67	4	9422	
294	295	1	4	6	3	478026	684936979	573847	724685923	0.000897843	0.000717406	0	0.00408214	1262.86	2305.8	5	9422	
294	295	8	5	1	3	579587	722631274	637204	741966887	0.000959278	0.000647123	0	0.00433214	1164.41	2221.79	4	9422	
294	295	1	6	1	3	272014	484202341	334204	497567876	0.00099595	0.00086922	0	0.00433214	1488.81	2961.07	4	9422	
294	295	4	7	1	3	555143	772038779	619201	808431608	0.000960354	0.000660413	0	0.00433214	1305.6	2209.66	5	9422	
295	296	2	1	1	3	316512	530360309	374005	544515162	0.00100804	0.000836077	0	0.00408214	1455.9	2813.91	4	9422	
295	296	1	2	2	3	143435	446680579	183378	458691064	0.00118949	0.00109048	0	0.00408214	2501.34	3694.57	5	9422	
295	296	1	3	3	3	133563	419487230	159314	423911301	0.00128552	0.0011205	0	0.00433214	2660.85	3954.19	4	9422	
295	296	1	4	6	3	478367	686275876	574389	726060398	0.000898046	0.000718038	0	0.00408214	1264.06	2308.32	5	9422	
295	296	1	5	5	3	581400	724644587	639132	744006832	0.000959479	0.000647237	0	0.00433214	1164.09	2222.25	4	9422	
295	296	1	6	1	3	272238	485511070	334465	498878278	0.000996806	0.000870064	0	0.00433214	1491.57	2964.26	4	9422	
295	296	1	7	4	3	557184	776098492	621544	812552574	0.000960073	0.000660337	0	0.00433214	1307.31	2209.89	5	9422	
296	297	2	1	1	3	319907	532341322	377600	546529480	0.00100722	0.000833533	0	0.00408214	1447.38	2807.21	4	9422	
296	297	1	2	2	3	143578	447963521	183590	459981251	0.00119046	0.00109126	0	0.00408214	2505.48	3697.25	5	9422	
296	297	2	3	2	3	136369	421469117	162531	425954317	0.0012768	0.00111374	0	0.00433214	2620.76	3933.55	4	9422	
296	297	1	4	6	3	478590	687567649	574763	727368644	0.000898348	0.000718753	0	0.00408214	1265.51	2310.95	5	9422	
296	297	8	5	1	3	582003	726552651	639731	745926663	0.000959898	0.00064776	0	0.00433214	1166	2224.57	4	9422	
296	297	1	6	1	3	272477	486833837	334625	500193401	0.000997731	0.000870965	0	0.00433214	1494.79	2967.88	4	9422	
296	297	4	7	1	3	559377	779017680	623855	815503619	0.000960143	0.000660122	0	0.00433214	1307.2	2209.74	5	9422	
297	298	2	1	1	3	323330	535341590	381335	549636844	0.00100587	0.000831007	0	0.00408214	1441.35	2799.35	4	9422	
297	298	1	2	2	3	143721	449307182	183818	461324520	0.0011913	0.00109204	0	0.00408214	2509.68	3700.29	5	9422	
297	298	2	3	2	3	139512	423375053	165931	427903970	0.00126911	0.00110593	0	0.00433214	2578.81	3912.79	4	9422	
297	298	1	4	6	3	478834	688844377	575022	728646417	0.000898969	0.000719641	0	0.00408214	1267.16	2313.64	5	9422	
297	298	8	5	1	3	583578	728383895	641663	747873521	0.000959694	0.000648052	0	0.00433214	1165.52	2224.66	4	9422	
297	298	1	6	1	3	272722	488126114	334768	501478067	0.000998586	0.000871761	0	0.00433214	1497.99	2971.35	4	9422	
297	298	4	7	1	3	561951	783393981	627308	820340539	0.000958932	0.000660121	0	0.00433214	1307.72	2207.72	5	9422	
298	299	1	1	1	3	326339	538910519	384985	553593322	0.0010041	0.000829075	0	0.00408214	1437.96	2791.24	4	9422	
298	299	1	2	2	3	143864	450654528	183991	462675016	0.00119251	0.0010928	0	0.00408214	2514.66	3703.69	5	9422	
298	299	2	3	2	3	142553	425402017	169369	429989196	0.00126128	0.00109867	0	0.00433214	2538.77	3891.69	4	9422	
298	299	6	4	1	3	481951	691290454	578775	731249960	0.000898331	0.000718787	0	0.00408214	1263.44	2310.7	5	9422	
298	299	1	5	5	3	584282	730623133	642493	750119775	0.000959892	0.000648529	0	0.00433214	1167.51	2226.83	4	9422	
298	299	1	6	1	3	273182	489902777	335179	503246983	0.000999299	0.000872237	0	0.00433214	1501.43	2973.7	4	9422	
298	299	1	7	4	3	563639	785260475	629077	822225880	0.000959073	0.000660154	0	0.00433214	1307.04	2208.51	5	9422	
299	300	2	1	1	3	326726	540462379	385418	555152822	0.00100462	0.000829586	0	0.00408214	1440.39	2793.29	4	9422	
299	300	3	2	1	3	143995	451853812	184214	463893277	0.00119321	0.00109353	0	0.00408214	2518.23	3706.16	5	9422	
299	300	2	3	2	3	143246	427130492	170104	431802522	0.00126116	0.0010981	0	0.00433214	2538.46	3890.26	4	9422	
299	300	6	4	1	3	482724	693074664	579934	733148016	0.000898214	0.000719236	0	0.00408214	1264.19	2311.64	5	9422	
299	300	8	5	1	3	586592	732871522	644866	752378943	0.000959987	0.000648241	0	0.00433214	1166.72	2226.22	4	9422	
299	300	8	6	2	3	273313	491091536	335348	504442860	0.000999977	0.000872983	0	0.00433214	1504.24	2976.83	4	9422	
299	300	4	7	1	3	565561	786898913	631048	823869573	0.000959202	0.000659942	0	0.00433214	1305.56	2208.7	5	9422	
