% start	end	CellId	IMSI	RNTI	LCID	nTxPDUs	TxBytes	nRxPDUs	RxBytes	delay	stdDev	min	max	PduSize	stdDev	min	max
0	1	6	1	1	3	2585	2313017	2870	2401771	0.000939244	0.000545101	0	0.003	836.854	1834.88	15	9422	
0	1	1	2	2	3	2552	2008892	2706	2058515	0.000946732	0.000528306	0	0.003	760.722	1802.79	9	9422	
0	1	1	3	5	3	522	1651918	460	1634056	0.0014276	0.00101991	0	0.00408214	3552.3	3378.69	23	9422	
0	1	2	4	1	3	1106	1762693	1981	1957426	0.000668871	0.000801233	0	0.003	988.1	2203.39	5	9422	
0	1	4	5	6	3	2444	2254544	2948	2390528	0.000825851	0.00059613	0	0.003	810.898	1795.58	5	9422	
0	1	8	6	2	3	2215	2328941	2256	2343540	0.000979462	0.000562195	0	0.003	1038.8	1983.08	15	9422	
0	1	7	7	1	3	1443	2326198	1543	2387141	0.00104857	0.000687851	0	0.003	1547.08	2309.14	23	9422	
1	2	1	1	2	3	4420	4225635	6328	4846167	0.000735152	0.000644288	0	0.003	765.829	1821.01	5	9422	
1	2	6	2	2	3	5922	4193269	6253	4282114	0.000925821	0.000501706	0	0.003	684.81	1753.37	9	9422	
1	2	8	3	1	3	744	2981379	670	2962282	0.00177831	0.00113105	0	0.00408214	4421.32	3917.65	13	9422	
1	2	2	4	1	3	2501	3716362	4691	4472338	0.000624736	0.000772133	0	0.003	953.387	2090.22	5	9422	
1	2	4	5	1	3	4577	4927240	5304	5240789	0.000883071	0.00062466	0	0.003	988.082	1956.17	5	9422	
1	2	1	6	2	3	4369	4951088	4461	4992170	0.000982036	0.000578027	0	0.003	1119.07	2053.19	15	9422	
1	2	7	7	1	3	3041	4955669	3264	5137477	0.00106737	0.000687587	0	0.003	1573.98	2317.4	23	9422	
2	3	1	1	1	3	5413	5675738	7509	6310341	0.000779927	0.000684297	0	0.003	840.37	2063.62	5	9422	
2	3	6	2	2	3	8671	7605526	9093	7734527	0.000932999	0.000512945	0	0.003	850.602	1832.27	9	9422	
2	3	1	3	5	3	960	4316130	878	4305278	0.00194868	0.00114311	0	0.00408214	4903.51	4111.08	13	9422	
2	3	1	4	1	3	4673	6549782	7513	7462431	0.000684217	0.000734797	0	0.00308214	993.269	2082.78	5	9422	
2	3	1	5	6	3	6626	6707670	7396	7028172	0.000927445	0.000629572	0	0.00383214	950.267	2040.06	5	9422	
2	3	8	6	2	3	7242	7589399	7382	7642143	0.000981513	0.000560009	0	0.003	1035.24	1988.42	12	9422	
2	3	7	7	1	3	4507	7562143	4848	7875907	0.0010843	0.000689719	0	0.003	1624.57	2338.62	23	9422	
3	4	6	1	1	3	6104	7330840	8895	8208822	0.000759927	0.000725416	0	0.003	922.858	2186.28	5	9422	
3	4	1	2	4	3	10312	9552925	10827	9705071	0.000947202	0.00053945	0	0.003	896.377	1955.4	9	9422	
3	4	8	3	5	3	2379	6833664	3051	7107592	0.00107543	0.00103512	0	0.00408214	2329.59	3331.54	10	9422	
3	4	1	4	1	3	7742	8692051	10839	9646380	0.000752589	0.000688541	0	0.00308214	889.97	2001.01	5	9422	
3	4	4	5	1	3	9322	9463189	10242	9808372	0.000927374	0.000606649	0	0.00383214	957.662	2041.03	5	9422	
3	4	1	6	3	3	9963	9362094	10258	9428040	0.000970103	0.000553561	0	0.003	919.091	2000.69	5	9422	
3	4	7	7	1	3	5980	10077475	6408	10471405	0.0010824	0.000689589	0	0.003	1634.11	2372.71	23	9422	
4	5	6	1	1	3	8669	9802115	12249	10924524	0.000778127	0.000708387	0	0.00383214	891.871	2090.69	5	9422	
4	5	1	2	4	3	11417	11842042	12025	12025619	0.0009584	0.000569619	0	0.003	1000.05	2049.88	9	9422	
4	5	8	3	5	3	4529	10103926	6652	11235426	0.000825811	0.000880734	0	0.00408214	1689.03	2644.53	6	9422	
4	5	1	4	1	3	9878	10969878	13517	12021292	0.000763147	0.000679819	0	0.00308214	889.346	2006.07	5	9422	
4	5	4	5	1	3	12878	11969862	13879	12331776	0.000924335	0.000571144	0	0.00383214	888.52	1968.4	5	9422	
4	5	8	6	2	3	13070	11176378	13519	11268804	0.000960959	0.000540724	0	0.003	833.553	1978.76	5	9422	
4	5	1	7	1	3	8025	12836778	8528	13290912	0.00106223	0.000667491	0	0.003	1558.5	2319.58	5	9422	
5	6	6	1	1	3	9299	11695528	14851	13441723	0.000702777	0.000734818	0	0.00383214	905.106	2085.17	5	9422	
5	6	1	2	4	3	11608	13192907	12349	13384815	0.000972116	0.000612915	0	0.00383214	1083.88	2217.87	7	9422	
5	6	8	3	1	3	7705	14034471	10485	15669682	0.00081353	0.000775437	0	0.00408214	1494.49	2338.72	6	9422	
5	6	2	4	1	3	12106	13227369	16758	14607550	0.000751554	0.000676454	0	0.00308214	871.676	1962.97	5	9422	
5	6	1	5	1	3	15986	15487142	17327	15951418	0.000909379	0.000562898	0	0.00383214	920.61	1952.15	5	9422	
5	6	8	6	2	3	16459	13695012	17036	13820080	0.000949206	0.000528264	0	0.003	811.228	1937.74	5	9422	
5	6	7	7	1	3	9260	15457974	9870	16034274	0.00107162	0.000676507	0	0.003	1624.55	2360.47	5	9422	
6	7	6	1	2	3	9883	13302974	15892	15249946	0.000712956	0.00075553	0	0.00383214	959.599	2165.69	5	9422	
6	7	1	2	4	3	12341	14616419	13256	14822303	0.000982258	0.000643146	0	0.00383214	1118.16	2320.6	7	9422	
6	7	1	3	1	3	11449	17711646	14405	19435268	0.000829838	0.000704345	0	0.00408214	1349.2	2180.2	6	9422	
6	7	2	4	1	3	14064	17589360	20360	20034997	0.000715763	0.000677412	0	0.00308214	984.037	1943.93	5	9422	
6	7	4	5	1	3	19090	18024043	20486	18490620	0.000912158	0.00055129	0	0.00383214	902.598	1940.46	5	9422	
6	7	8	6	2	3	19828	15900767	20573	16063807	0.000941306	0.000520337	0	0.003	780.82	1914.31	5	9422	
6	7	1	7	7	3	10626	18091993	11350	18799490	0.00107707	0.000683072	0	0.003	1656.34	2374.22	5	9422	
7	8	6	1	2	3	10026	14621123	16319	16609996	0.000720589	0.000781354	0	0.00383214	1017.83	2275.28	5	9422	
7	8	1	2	2	3	15131	17276847	16238	17531732	0.000976812	0.000631642	0	0.00383214	1079.67	2263.23	7	9422	
7	8	1	3	5	3	13369	20064770	16447	21805306	0.000845351	0.000695528	0	0.00408214	1325.79	2190.66	6	9422	
7	8	2	4	1	3	15849	20746359	22855	23775579	0.00071975	0.000679718	0	0.00308214	1040.28	1951.73	5	9422	
7	8	1	5	6	3	19957	19736178	21288	20198475	0.000923518	0.000569098	0	0.00383214	948.82	2027.39	5	9422	
7	8	8	6	3	3	22450	19506774	24096	20438986	0.000913155	0.000539861	0	0.003	848.231	1895.6	5	9422	
7	8	7	7	1	3	11948	20710358	12809	21579514	0.00108133	0.000689864	0	0.003	1684.71	2383.85	5	9422	
8	9	1	1	2	3	10169	15958965	17083	18013838	0.000713475	0.000803449	0	0.00383214	1054.49	2357.42	5	9422	
8	9	6	2	2	3	17334	19094438	18515	19350649	0.000977211	0.000626376	0	0.00383214	1045.13	2255.47	7	9422	
8	9	8	3	1	3	15776	23239202	19280	25226204	0.000849405	0.000683044	0	0.00408214	1308.41	2150.59	6	9422	
8	9	2	4	1	3	18379	23383318	25449	26442198	0.000743948	0.000671072	0	0.00308214	1039.03	1956.35	5	9422	
8	9	1	5	6	3	20201	20985286	21431	21446295	0.000937374	0.000591854	0	0.00383214	1000.71	2120.43	5	9422	
8	9	1	6	2	3	24296	22847679	27619	25065862	0.000869272	0.000572331	0	0.003	907.559	1879.76	5	9422	
8	9	7	7	1	3	13076	23343924	14091	24414332	0.00109287	0.000698839	0	0.003	1732.62	2401.56	5	9422	
9	10	1	1	2	3	10312	17233769	17274	19291079	0.000730421	0.000826319	0	0.00383214	1116.77	2453.15	5	9422	
9	10	6	2	2	3	20375	22833037	21606	23108860	0.000974951	0.000610723	0	0.00383214	1069.56	2210.99	5	9422	
9	10	8	3	1	3	18132	25977324	22171	28229620	0.000853118	0.000677122	0	0.00408214	1273.27	2125.69	6	9422	
9	10	1	4	1	3	20336	25897786	27442	28965615	0.000761986	0.000669844	0	0.00308214	1055.52	1977.54	5	9422	
9	10	4	5	6	3	21636	24658505	23129	25193487	0.000934172	0.00060433	0	0.00383214	1089.26	2155.48	5	9422	
9	10	8	6	2	3	26938	26028363	30497	28373307	0.000878699	0.000571619	0	0.003	930.364	1881.2	5	9422	
9	10	7	7	1	3	14420	25963096	15546	27171291	0.00109422	0.000700633	0	0.003	1747.8	2403.36	5	9422	
10	11	6	1	1	3	10584	18545334	17907	20623431	0.00073709	0.000844587	0	0.00383214	1151.7	2517.25	5	9422	
10	11	6	2	2	3	23072	25596603	24718	25982806	0.00096082	0.000609102	0	0.00383214	1051.17	2183.46	5	9422	
10	11	8	3	1	3	21503	28361385	25701	30649598	0.000862616	0.000655194	0	0.00408214	1192.54	2090.56	6	9422	
10	11	1	4	1	3	22359	28629833	29500	31718344	0.000778334	0.000667718	0	0.00308214	1075.2	1999.68	5	9422	
10	11	1	5	6	3	23268	27993033	26505	29651099	0.000881815	0.000631881	0	0.00383214	1118.7	2109.89	5	9422	
10	11	8	6	2	3	28833	28443359	33343	31197105	0.000870431	0.000584629	0	0.00308214	935.642	1884.94	5	9422	
10	11	1	7	1	3	15720	28596885	16910	29866905	0.00109263	0.000702466	0	0.003	1766.23	2414.54	5	9422	
11	12	1	1	2	3	10877	19861102	18230	21942315	0.000754166	0.000862759	0	0.00383214	1203.64	2595.64	5	9422	
11	12	6	2	2	3	26839	29883916	28516	30279921	0.000958359	0.000591552	0	0.00383214	1061.86	2129.63	5	9422	
11	12	8	3	1	3	22465	29760987	26689	32050690	0.000874432	0.000664588	0	0.00408214	1200.9	2137.99	6	9422	
11	12	2	4	1	3	25388	31263576	32866	34460176	0.000788471	0.000657332	0	0.00308214	1048.51	1978.38	5	9422	
11	12	1	5	6	3	24114	30242875	27495	31920957	0.000889833	0.000644981	0	0.00383214	1160.97	2160.12	5	9422	
11	12	8	6	2	3	30106	30831688	35391	33888987	0.000860798	0.000598373	0	0.00308214	957.559	1914.75	5	9422	
11	12	1	7	1	3	16855	31221431	18157	32643289	0.00109789	0.000707043	0	0.003	1797.83	2426.13	5	9422	
12	13	6	1	1	3	11640	21584652	19340	23714665	0.000762885	0.000868421	0	0.00408214	1226.2	2626.2	5	9422	
12	13	6	2	2	3	29168	31714274	30946	32124054	0.000960034	0.000591002	0	0.00383214	1038.07	2132.34	5	9422	
12	13	8	3	1	3	24036	31404381	29028	33816890	0.000866622	0.000671874	0	0.00408214	1164.97	2142.59	5	9422	
12	13	1	4	1	3	26546	33121294	34121	36348985	0.000799772	0.000664806	0	0.00308214	1065.3	2019.51	5	9422	
12	13	1	5	6	3	24738	32313915	28256	34023466	0.000897323	0.000658766	0	0.00383214	1204.11	2214.56	5	9422	
12	13	8	6	2	3	31980	33401907	37318	36477946	0.000868032	0.000600129	0	0.00383214	977.489	1943.37	5	9422	
12	13	7	7	1	3	18018	33853811	19448	35435759	0.00110309	0.000709374	0	0.003	1822.08	2435.98	5	9422	
13	14	6	1	1	3	13156	23274329	21958	25526188	0.000754931	0.000857626	0	0.00408214	1162.5	2565.45	5	9422	
13	14	1	2	4	3	31498	34653169	33398	35093639	0.000959888	0.00059059	0	0.00383214	1050.77	2129.42	5	9422	
13	14	1	3	1	3	26701	34102518	32689	36764122	0.000850544	0.00066703	0	0.00408214	1124.66	2100.88	5	9422	
13	14	1	4	1	3	27904	34701201	35534	37945922	0.000811543	0.000669473	0	0.00308214	1067.88	2049.41	5	9422	
13	14	1	5	6	3	24983	33643032	28398	35332451	0.000907837	0.000673648	0	0.00383214	1244.19	2280.8	5	9422	
13	14	8	6	2	3	35132	35438784	40625	38538265	0.000871907	0.000592157	0	0.00383214	948.634	1937.17	5	9422	
13	14	7	7	7	3	19156	36479728	20659	38152742	0.00110468	0.000712364	0	0.003	1846.79	2449.66	5	9422	
14	15	1	1	2	3	13741	24682555	22864	26960437	0.000762921	0.000865334	0	0.00408214	1179.17	2602.12	5	9422	
14	15	1	2	4	3	32676	36170445	34932	36655219	0.000956526	0.000601711	0	0.00383214	1049.33	2156	5	9422	
14	15	8	3	1	3	30370	38429663	36585	41235296	0.000852632	0.0006486	0	0.00408214	1127.11	2053.63	5	9422	
14	15	2	4	1	3	29521	37420491	37344	40705479	0.000818515	0.000671107	0	0.00308214	1090.01	2072.99	5	9422	
14	15	4	5	6	3	27736	36526340	31530	38488577	0.000901807	0.000663984	0	0.00383214	1220.7	2243.03	5	9422	
14	15	8	6	2	3	38807	38456662	44481	41607655	0.000873999	0.000581724	0	0.00383214	935.403	1915.09	5	9422	
14	15	7	7	1	3	20465	39082937	21998	40800080	0.00110138	0.000712494	0	0.003	1854.72	2456.45	5	9422	
15	16	6	1	1	3	14883	26048538	24154	28336397	0.000782562	0.000863398	0	0.00408214	1173.16	2609.54	5	9422	
15	16	1	2	4	3	35428	39111559	38077	39630662	0.000949825	0.000600719	0	0.00383214	1040.8	2133.97	5	9422	
15	16	1	3	5	3	33677	41041425	39986	43860035	0.000859306	0.000637421	0	0.00408214	1096.88	2037.26	5	9422	
15	16	1	4	1	3	29664	38726464	37645	42034855	0.000823366	0.000683849	0	0.00308214	1116.61	2124.81	5	9422	
15	16	1	5	6	3	30378	39259118	34420	41282140	0.000902227	0.000656411	0	0.00383214	1199.36	2229	5	9422	
15	16	1	6	3	3	40400	40126812	46159	43292918	0.000878641	0.000585756	0	0.00383214	937.908	1942.55	5	9422	
15	16	7	7	1	3	21771	41726311	23389	43549664	0.00110152	0.000713047	0	0.003	1861.97	2459.01	5	9422	
16	17	1	1	2	3	16705	28676481	26893	31156235	0.000778443	0.000850386	0	0.00408214	1158.53	2556.23	5	9422	
16	17	1	2	4	3	35585	40411696	38318	40935750	0.000955667	0.000614145	0	0.00383214	1068.32	2184.33	5	9422	
16	17	1	3	5	3	35607	43296848	42135	46176030	0.000865828	0.000640235	0	0.00408214	1095.91	2043.95	5	9422	
16	17	1	4	1	3	29807	40034129	37866	43350022	0.00082989	0.000695821	0	0.00308214	1144.83	2176.04	5	9422	
16	17	1	5	6	3	32194	40964945	36342	42998832	0.000907165	0.000655681	0	0.00383214	1183.17	2240.5	5	9422	
16	17	1	6	3	3	40646	41481855	46311	44631810	0.000885753	0.000597896	0	0.00383214	963.741	1995.32	5	9422	
16	17	7	7	1	3	22958	44361857	24701	46350033	0.00110479	0.000714939	0	0.003	1876.44	2459.87	5	9422	
17	18	1	1	2	3	17064	30484234	28878	33431226	0.000746824	0.00085557	0	0.00408214	1157.67	2545.84	5	9422	
17	18	1	2	4	3	36060	41731026	38959	42283127	0.00095869	0.000625588	0	0.00383214	1085.32	2222.14	5	9422	
17	18	8	3	1	3	38066	46442913	44713	49346152	0.000870918	0.000636257	0	0.00408214	1103.62	2047.92	5	9422	
17	18	1	4	1	3	31281	41680471	39428	45006396	0.000837991	0.000696945	0	0.00308214	1141.48	2190.42	5	9422	
17	18	1	5	6	3	33596	44545903	37759	46577065	0.000914182	0.000658595	0	0.00383214	1233.54	2264.8	5	9422	
17	18	8	6	3	3	42039	43349309	48443	46674144	0.000880023	0.000607116	0	0.00383214	963.486	2008.75	5	9422	
17	18	7	7	1	3	24235	46974606	26095	49095665	0.00110646	0.000715703	0	0.003	1881.42	2460.75	5	9422	
18	19	1	1	2	3	17277	31820634	29184	34780531	0.000756345	0.000867528	0	0.00408214	1191.77	2596.61	5	9422	
18	19	1	2	2	3	36315	43019507	39253	43574678	0.000965702	0.000637267	0	0.00383214	1110.1	2265.4	5	9422	
18	19	8	3	1	3	40618	48467563	47590	51415188	0.000872204	0.000632593	0	0.00408214	1080.38	2047.08	5	9422	
18	19	2	4	1	3	33778	46923589	42854	51097753	0.000829562	0.000692745	0	0.00308214	1192.37	2166.34	5	9422	
18	19	4	5	1	3	35938	47659443	41202	49963994	0.000894205	0.000660467	0	0.00383214	1212.66	2232.05	5	9422	
18	19	8	6	2	3	45185	46492565	51911	49930161	0.000880265	0.000602059	0	0.00383214	961.842	1997.25	5	9422	
18	19	1	7	1	3	25478	49618495	27427	51853914	0.00110731	0.000716677	0	0.003	1890.62	2466.18	5	9422	
19	20	6	1	1	3	18114	33223001	30183	36208976	0.000767235	0.000870305	0	0.00408214	1199.65	2617.46	5	9422	
19	20	6	2	2	3	37896	44829491	40870	45391759	0.000969708	0.00063889	0	0.00383214	1110.64	2277.33	5	9422	
19	20	1	3	5	3	41464	50292277	48563	53261939	0.000876629	0.000638713	0	0.00408214	1096.76	2075.56	5	9422	
19	20	1	4	1	3	35882	50613843	46441	56025865	0.000812726	0.000693995	0	0.00308214	1206.39	2140.3	5	9422	
19	20	1	5	6	3	37641	49457822	43784	51921959	0.000881897	0.000664542	0	0.00383214	1185.87	2227.02	5	9422	
19	20	8	6	2	3	48398	49616200	55578	53209198	0.000879579	0.000599087	0	0.00383214	957.379	1978.41	5	9422	
19	20	7	7	1	3	26813	52218770	28834	54529518	0.00110635	0.000716391	0	0.003	1891.15	2468.19	5	9422	
20	21	1	1	2	3	18737	34986919	30855	37981777	0.000780442	0.000876734	0	0.00408214	1230.98	2651.01	5	9422	
20	21	1	2	4	3	39832	49284371	42771	49846261	0.00097131	0.000637111	0	0.00383214	1165.42	2283.14	5	9422	
20	21	1	3	1	3	44479	53370634	52142	56588696	0.000872755	0.000633401	0	0.00408214	1085.28	2053.1	5	9422	
20	21	2	4	1	3	38949	54934908	49625	60403625	0.000821103	0.000685024	0	0.00308214	1217.2	2124.9	5	9422	
20	21	4	5	1	3	39034	51875648	45207	54332134	0.000888428	0.000666647	0	0.00383214	1201.85	2244.85	5	9422	
20	21	8	6	2	3	51777	52276021	59213	55918243	0.000882225	0.000593306	0	0.00383214	944.358	1966.83	5	9422	
20	21	7	7	1	3	28124	54870960	30201	57242576	0.0011051	0.000717694	0	0.00383214	1895.39	2471.48	5	9422	
21	22	6	1	1	3	19229	36526196	31564	39559973	0.000787298	0.000882477	0	0.00408214	1253.33	2681.04	5	9422	
21	22	1	2	2	3	41549	52216218	44897	52972549	0.000966019	0.000641337	0	0.00383214	1179.87	2279.26	5	9422	
21	22	8	3	1	3	46599	55288088	55441	58699824	0.000862144	0.00063669	0	0.00408214	1058.78	2043.71	5	9422	
21	22	2	4	1	3	41017	57562322	51798	63087668	0.000829479	0.000684203	0	0.00308214	1217.96	2124.26	5	9422	
21	22	1	5	6	3	39288	53234567	45456	55690592	0.000898474	0.000680583	0	0.00383214	1225.15	2286.17	5	9422	
21	22	8	6	2	3	54998	55203987	62789	58986386	0.000883923	0.000589742	0	0.00383214	939.438	1955.91	5	9422	
21	22	7	7	1	3	29294	57492252	31440	59965227	0.00110475	0.000719096	0	0.00383214	1907.29	2471.54	5	9422	
22	23	1	1	2	3	19747	37907043	33729	41146109	0.000760292	0.000882856	0	0.00408214	1219.9	2661.92	5	9422	
22	23	6	2	2	3	44260	54482031	48251	55355771	0.000955199	0.000639798	0	0.00383214	1147.25	2252.42	5	9422	
22	23	8	3	1	3	49523	58310048	58935	61890511	0.000861615	0.000632565	0	0.00408214	1050.15	2029.5	5	9422	
22	23	1	4	1	3	42881	60188835	53718	65754127	0.00083558	0.000683296	0	0.00308214	1224.06	2129.38	5	9422	
22	23	4	5	1	3	40174	55670811	46458	58167972	0.000903257	0.000687697	0	0.00383214	1252.06	2307.91	5	9422	
22	23	1	6	2	3	57536	57542696	66323	61666085	0.000876188	0.000592543	0	0.00383214	929.784	1947.99	5	9422	
22	23	7	7	1	3	30449	60115808	32689	62708102	0.00110575	0.000720095	0	0.00383214	1918.32	2475.7	5	9422	
23	24	1	1	2	3	20294	39282794	34350	42525668	0.000770639	0.000888188	0	0.00408214	1238.01	2693.69	4	9422	
23	24	6	2	2	3	47962	58322478	52062	59226544	0.000954413	0.000629799	0	0.00383214	1137.62	2211.18	5	9422	
23	24	1	3	5	3	50036	59904687	60255	63738545	0.000855611	0.000642395	0	0.00408214	1057.81	2049.5	5	9422	
23	24	2	4	1	3	44302	62826792	55233	68511664	0.000842617	0.000685228	0	0.00308214	1240.41	2141.88	5	9422	
23	24	1	5	6	3	41627	58314508	49936	61987354	0.000871981	0.0006966	0	0.00383214	1241.34	2273.24	5	9422	
23	24	8	6	2	3	60464	60005754	69481	64164673	0.000877723	0.000590577	0	0.00383214	923.485	1945.9	5	9422	
23	24	7	7	1	3	31683	62737149	34043	65481627	0.00110729	0.000720711	0	0.00383214	1923.5	2474.89	5	9422	
24	25	6	1	1	3	21152	40721761	35298	43961684	0.000781706	0.000889492	0	0.00408214	1245.44	2712.08	4	9422	
24	25	1	2	4	3	51112	62247206	55469	63264547	0.00095194	0.000624739	0	0.00383214	1140.54	2186.53	5	9422	
24	25	8	3	5	3	51215	61772701	62342	65742939	0.000849314	0.000648192	0	0.00408214	1054.55	2055.37	5	9422	
24	25	1	4	1	3	45512	65436602	56557	71276917	0.000850254	0.000688098	0	0.00308214	1260.27	2152.13	5	9422	
24	25	1	5	6	3	42737	59825995	52599	63845121	0.000852477	0.000704268	0	0.00383214	1213.81	2266.35	5	9422	
24	25	8	6	2	3	64029	62881275	73165	67079764	0.000879614	0.000585139	0	0.00383214	916.829	1933.46	5	9422	
24	25	7	7	1	3	32806	65370969	35282	68263405	0.00110914	0.000722112	0	0.00383214	1934.79	2480.07	5	9422	
25	26	6	1	2	3	21986	42949066	36259	46200413	0.000790936	0.000891465	0	0.00408214	1274.18	2728.7	4	9422	
25	26	1	2	4	3	51565	64143498	56012	65176884	0.000955633	0.00063243	0	0.00383214	1163.62	2216.49	5	9422	
25	26	8	3	1	3	52653	63415328	65022	67523672	0.000837745	0.000653442	0	0.00408214	1038.47	2055.45	5	9422	
25	26	2	4	1	3	46647	68050872	57827	74052085	0.000858066	0.000691486	0	0.00308214	1280.58	2166.66	5	9422	
25	26	4	5	1	3	45224	62559802	55968	66875978	0.000845689	0.000700582	0	0.00383214	1194.9	2241.39	5	9422	
25	26	8	6	2	3	67798	66014662	77024	70249341	0.000881123	0.000579221	0	0.00383214	912.045	1923.68	5	9422	
25	26	1	7	1	3	34407	68002824	37003	71031630	0.00110765	0.000720114	0	0.00383214	1919.62	2473.07	5	9422	
26	27	6	1	1	3	23084	44596927	38493	48045660	0.000779082	0.000887415	0	0.00408214	1248.17	2704.33	4	9422	
26	27	1	2	4	3	52293	66074689	56886	67128726	0.00095654	0.00063862	0	0.00383214	1180.06	2239.39	5	9422	
26	27	1	3	5	3	52888	64717024	65181	68821430	0.000842464	0.000660665	0	0.00408214	1055.85	2087.53	5	9422	
26	27	2	4	1	3	48115	70691419	59415	76830344	0.000865065	0.000693067	0	0.00308214	1293.11	2176.2	5	9422	
26	27	1	5	1	3	46702	64704187	57905	69370308	0.00084534	0.000702086	0	0.00383214	1198	2244.14	5	9422	
26	27	8	6	2	3	71406	70589212	80671	74836523	0.000884239	0.000574859	0	0.00383214	927.676	1918.36	5	9422	
26	27	7	7	1	3	35605	70605978	38255	73699699	0.00110686	0.000720854	0	0.00383214	1926.54	2477.55	5	9422	
27	28	1	1	1	3	24392	46343603	40172	49844969	0.000784473	0.000882666	0	0.00408214	1240.79	2694.64	4	9422	
27	28	1	2	4	3	54703	69758598	59832	70934410	0.000949299	0.000638357	0	0.00383214	1185.56	2226.54	5	9422	
27	28	1	3	1	3	53851	66737430	67018	71056215	0.000836407	0.000666449	0	0.00408214	1060.26	2097.07	5	9422	
27	28	2	4	1	3	49817	72995485	61983	79458042	0.000861478	0.000695927	0	0.00308214	1281.93	2171.6	5	9422	
27	28	1	5	6	3	47056	66031491	58245	70687749	0.000852404	0.000711107	0	0.00383214	1213.63	2272.51	5	9422	
27	28	8	6	2	3	74732	73422481	84131	77711685	0.000886125	0.00057153	0	0.00383214	923.699	1910.8	5	9422	
27	28	7	7	1	3	36868	73243946	39633	76478681	0.00110863	0.000721395	0	0.00383214	1929.67	2480.2	5	9422	
28	29	6	1	1	3	26240	48463794	42590	52144940	0.000786464	0.000873456	0	0.00408214	1224.35	2663.17	4	9422	
28	29	1	2	2	3	55586	71183702	60946	72376957	0.000949888	0.000643333	0	0.00383214	1187.56	2245.38	5	9422	
28	29	8	3	1	3	56426	69075534	70027	73482459	0.000837122	0.000663202	0	0.00408214	1049.34	2088.97	5	9422	
28	29	2	4	1	3	50260	74564764	64917	82572473	0.000833862	0.000707545	0	0.00308214	1271.97	2159.26	5	9422	
28	29	4	5	1	3	48914	68351615	60587	73087822	0.000851838	0.000710353	0	0.00383214	1206.33	2270.37	5	9422	
28	29	1	6	3	3	76670	75325340	87486	79930371	0.000875978	0.000577966	0	0.00383214	913.636	1909.23	5	9422	
28	29	7	7	1	3	38627	75866449	41524	79239648	0.00110802	0.00071896	0	0.00383214	1908.29	2473.71	5	9422	
29	30	1	1	2	3	26675	49849735	42979	53525278	0.00079455	0.0008795	0	0.00408214	1245.38	2692.51	4	9422	
29	30	1	2	4	3	56107	73211516	61593	74409330	0.000952554	0.000649452	0	0.00383214	1208.08	2270.17	5	9422	
29	30	8	3	1	3	59851	72946222	73699	77492575	0.00084156	0.000656366	0	0.00408214	1051.47	2070.6	5	9422	
29	30	2	4	1	3	51389	76230998	66932	84887889	0.000828364	0.000711023	0	0.00308214	1268.27	2161.36	5	9422	
29	30	4	5	1	3	51910	70394190	63659	75150536	0.000856269	0.000702109	0	0.00383214	1180.52	2258.26	5	9422	
29	30	1	6	3	3	78233	76995293	90285	81809857	0.000868335	0.000584388	0	0.00383214	906.129	1913.67	5	9422	
29	30	7	7	1	3	40706	78475206	43692	81895970	0.00110322	0.000714194	0	0.00383214	1874.39	2465.23	5	9422	
30	31	1	1	2	3	27230	51700108	43493	55370905	0.000803	0.000884908	0	0.00408214	1273.1	2714.26	4	9422	
30	31	1	2	4	3	56439	74522095	62038	75736958	0.000955545	0.00065655	0	0.00383214	1220.82	2293.38	5	9422	
30	31	8	3	5	3	62222	76039452	77317	81384698	0.000833656	0.000656298	0	0.00408214	1052.61	2055.24	5	9422	
30	31	2	4	1	3	53810	81214551	70325	90672500	0.00082342	0.00070877	0	0.00308214	1289.34	2145.06	5	9422	
30	31	1	5	6	3	53528	72032727	65321	76792489	0.000861555	0.000701854	0	0.00383214	1175.62	2266.21	5	9422	
30	31	8	6	2	3	81599	79582464	93899	84455277	0.000869717	0.000581274	0	0.00383214	899.427	1907.75	5	9422	
30	31	7	7	1	3	42085	81141726	45192	84692259	0.00110339	0.000714263	0	0.00383214	1874.05	2465.29	5	9422	
31	32	1	1	2	3	27422	53022923	44108	56714570	0.000802678	0.000891989	0	0.00408214	1285.81	2735.93	4	9422	
31	32	6	2	2	3	58534	76865745	64557	78199410	0.000951898	0.000656953	0	0.00408214	1211.32	2285.76	5	9422	
31	32	8	3	1	3	65187	78554631	81016	84080007	0.000831693	0.000652762	0	0.00408214	1037.82	2044.35	5	9422	
31	32	1	4	1	3	55910	83841752	72487	93336900	0.00082922	0.000706883	0	0.00308214	1287.64	2145.66	5	9422	
31	32	1	5	6	3	54039	73936537	65998	78708583	0.000864987	0.000707545	0	0.00383214	1192.59	2286.99	5	9422	
31	32	8	6	2	3	84414	82557380	97612	87652676	0.00086548	0.000582056	0	0.00383214	897.97	1900.97	5	9422	
31	32	7	7	1	3	43281	83719405	46451	87340845	0.00110317	0.000715147	0	0.00383214	1880.28	2469.88	5	9422	
32	33	1	1	2	3	27565	54370269	44449	58077299	0.000806172	0.000898851	0	0.00408214	1306.61	2765.2	4	9422	
32	33	1	2	4	3	59839	79997753	65970	81339121	0.000953436	0.000658968	0	0.00408214	1232.97	2296.8	5	9422	
32	33	8	3	1	3	67809	80282511	83802	85825767	0.000834596	0.000649344	0	0.00408214	1024.15	2045.76	5	9422	
32	33	2	4	1	3	57464	86473532	74140	96058811	0.000834513	0.000707247	0	0.00308214	1295.64	2152.56	5	9422	
32	33	1	5	1	3	54433	75292002	66644	80102458	0.000866796	0.000713483	0	0.00383214	1201.95	2307.45	5	9422	
32	33	8	6	2	3	87428	85350591	101324	90593642	0.000862531	0.00058174	0	0.00383214	894.099	1895.9	5	9422	
32	33	1	7	1	3	44498	86378491	47779	90141474	0.00110441	0.000716004	0	0.00383214	1886.63	2472.71	5	9422	
33	34	6	1	1	3	28182	56529788	45246	60268080	0.000811186	0.00090202	0	0.00408214	1332.01	2780.87	4	9422	
33	34	6	2	2	3	61044	81564864	67326	82924531	0.000954777	0.000661426	0	0.00408214	1231.69	2306.87	5	9422	
33	34	1	3	5	3	70503	82153206	86561	87703355	0.0008386	0.000646116	0	0.00408214	1013.2	2044.43	5	9422	
33	34	2	4	1	3	59044	89068731	75780	98716031	0.000839425	0.000707106	0	0.00308214	1302.67	2159.84	5	9422	
33	34	1	5	1	3	54796	76661227	67180	81494630	0.000869033	0.000718801	0	0.00383214	1213.08	2330.04	5	9422	
33	34	1	6	3	3	87750	86797642	101803	92049765	0.000864276	0.00058721	0	0.00383214	904.195	1918.02	5	9422	
33	34	7	7	1	3	45728	89013431	49097	92875987	0.00110446	0.000716649	0	0.00383214	1891.68	2474.86	5	9422	
34	35	1	1	2	3	28459	57983783	45521	61723571	0.00081795	0.000908351	0	0.00408214	1355.94	2809.46	4	9422	
34	35	6	2	2	3	63916	83838141	70354	85226173	0.000955066	0.0006572	0	0.00408214	1211.39	2292.78	5	9422	
34	35	1	3	1	3	72901	84513185	89340	90133197	0.000840342	0.000645711	0	0.00408214	1008.88	2042.01	5	9422	
34	35	2	4	1	3	60662	91701621	77450	101413409	0.000843806	0.00070674	0	0.00308214	1309.4	2166.55	5	9422	
34	35	1	5	6	3	55251	78693462	67738	83528510	0.000872493	0.000724567	0	0.00383214	1233.11	2352.37	5	9422	
34	35	1	6	3	3	88035	88107959	102160	93365124	0.000867029	0.000592389	0	0.00383214	913.911	1939.81	5	9422	
34	35	7	7	1	3	46847	91646744	50377	95729907	0.00110767	0.000718059	0	0.00383214	1900.27	2477.05	5	9422	
35	36	1	1	2	3	28624	59254326	45749	62997185	0.000823727	0.000915046	0	0.00408214	1377.02	2835.21	4	9422	
35	36	1	2	2	3	67247	87171890	73977	88671470	0.000953618	0.000652294	0	0.00408214	1198.64	2267.83	5	9422	
35	36	8	3	1	3	76186	88462047	93024	94359019	0.000841888	0.000642061	0	0.00408214	1014.35	2027.18	5	9422	
35	36	2	4	1	3	63486	94370608	80346	104100629	0.000848401	0.000701651	0	0.00308214	1295.65	2159.96	5	9422	
35	36	4	5	1	3	55973	80974342	68778	85976431	0.000872487	0.00072924	0	0.00383214	1250.06	2365.06	5	9422	
35	36	8	6	2	3	89815	90462599	104063	95749691	0.000868877	0.000593494	0	0.00383214	920.113	1947.47	5	9422	
35	36	7	7	1	3	48041	94267408	51720	98534400	0.0011087	0.000718982	0	0.00383214	1905.15	2476.16	5	9422	
36	37	6	1	1	3	28850	60576742	46068	64331087	0.000829332	0.000921211	0	0.00408214	1396.44	2859.84	4	9422	
36	37	1	2	4	3	67863	89414685	74667	90912176	0.000956131	0.000656531	0	0.00408214	1217.57	2285.42	5	9422	
36	37	8	3	5	3	79096	90770084	96689	96918960	0.000840481	0.000639814	0	0.00408214	1002.38	2016.74	5	9422	
36	37	2	4	1	3	65620	96989008	82591	106790849	0.000854207	0.000701005	0	0.00383214	1293.01	2159.3	5	9422	
36	37	4	5	6	3	58478	84431234	72367	90122608	0.000864221	0.000725912	0	0.00383214	1245.36	2336.49	5	9422	
36	37	1	6	3	3	92652	92495492	107588	97896650	0.000866917	0.000593104	0	0.00383214	909.922	1943.97	5	9422	
36	37	7	7	1	3	49166	96888055	52980	101336635	0.00111077	0.000720427	0	0.00383214	1912.73	2478.18	5	9422	
37	38	1	1	2	3	29577	62072719	47536	65934258	0.000827193	0.000922842	0	0.00408214	1387.04	2856.65	4	9422	
37	38	1	2	4	3	68571	91197521	75553	92734298	0.000957523	0.000661224	0	0.00408214	1227.41	2298.21	5	9422	
37	38	8	3	1	3	80946	92589971	99756	98961664	0.000836027	0.000642986	0	0.00408214	992.037	2014.28	5	9422	
37	38	2	4	1	3	67119	99614851	84195	109521080	0.000858566	0.000701701	0	0.00383214	1300.8	2165.18	5	9422	
37	38	4	5	1	3	61232	87099848	76100	93221604	0.000856848	0.00072109	0	0.00383214	1224.99	2312.22	5	9422	
37	38	1	6	3	3	94280	93974104	109723	99416302	0.000866038	0.000595574	0	0.00383214	906.066	1950.29	5	9422	
37	38	7	7	1	3	50547	99521589	54472	104104520	0.00111092	0.00072034	0	0.00383214	1911.16	2476.75	5	9422	
38	39	1	1	2	3	29804	63387800	47714	67235375	0.000834009	0.000929357	0	0.00408214	1409.13	2883.1	4	9422	
38	39	6	2	2	3	69396	93340429	77042	94987550	0.000952606	0.00066719	0	0.00408214	1232.93	2306.6	5	9422	
38	39	8	3	1	3	82254	95058704	102775	102110089	0.000826782	0.000648088	0	0.00408214	993.53	2011.88	5	9422	
38	39	1	4	1	3	68966	102258801	86114	112218749	0.000862038	0.000700674	0	0.00383214	1303.14	2168.12	5	9422	
38	39	4	5	6	3	62093	89266600	78477	95723280	0.000844469	0.000725977	0	0.00383214	1219.76	2307.96	5	9422	
38	39	1	6	3	3	95382	95752896	111063	101221431	0.000867139	0.000598615	0	0.00383214	911.388	1962.26	5	9422	
38	39	7	7	7	3	51786	102155158	55811	106867455	0.00111145	0.000720769	0	0.00383214	1914.81	2476.16	5	9422	
39	40	1	1	2	3	30312	64880780	48267	68745656	0.000841807	0.000933222	0	0.00408214	1424.28	2898.83	4	9422	
39	40	6	2	2	3	70111	95119849	77904	96808736	0.000954651	0.00067106	0	0.00408214	1242.67	2320.78	5	9422	
39	40	8	3	1	3	83805	96833455	106189	104295002	0.000816477	0.000651925	0	0.00408214	982.164	2007.75	5	9422	
39	40	2	4	1	3	70626	104874003	87870	114925133	0.000866074	0.000700427	0	0.00383214	1307.9	2172.49	5	9422	
39	40	4	5	1	3	64106	91682468	80623	98156495	0.000847952	0.000723752	0	0.00383214	1217.48	2306.12	5	9422	
39	40	1	6	3	3	95524	97076597	111299	102559483	0.000869155	0.000603365	0	0.00383214	921.477	1983.44	5	9422	
39	40	1	7	1	3	53185	104771598	57278	109563892	0.00111058	0.000720482	0	0.00383214	1912.84	2476.06	5	9422	
40	41	1	1	2	3	30572	66223589	49267	70307297	0.000835689	0.00093672	0	0.00408214	1427.07	2904.58	4	9422	
40	41	6	2	2	3	72619	97847981	80508	99566406	0.000955381	0.000667912	0	0.00408214	1236.73	2312.63	5	9422	
40	41	8	3	1	3	86118	98583451	109339	106144033	0.00081461	0.000651647	0	0.00408214	970.779	2006.61	5	9422	
40	41	2	4	1	3	72304	107491672	89586	117566205	0.000868619	0.000699738	0	0.00383214	1312.33	2176.55	5	9422	
40	41	1	5	6	3	65124	93183060	81850	99680574	0.00085076	0.000726051	0	0.00383214	1217.84	2316.33	5	9422	
40	41	8	6	2	3	97489	99579097	113402	105102080	0.000870611	0.000603818	0	0.00383214	926.81	1988.31	5	9422	
40	41	7	7	1	3	55318	107416754	59483	112245080	0.00110695	0.00071672	0	0.00383214	1887.01	2467.46	5	9422	
41	42	1	1	2	3	30715	67564149	49424	71648608	0.000841715	0.000942535	0	0.00408214	1449.67	2931.35	4	9422	
41	42	6	2	2	3	73825	99455414	81745	101177608	0.000958607	0.000670079	0	0.00408214	1237.72	2323.01	5	9422	
41	42	1	3	1	3	89264	101567072	113117	109222642	0.000814179	0.000648629	0	0.00408214	965.572	1999.71	5	9422	
41	42	2	4	1	3	73779	110137646	91123	120284933	0.000871803	0.000699886	0	0.00383214	1320.03	2182.82	5	9422	
41	42	4	5	1	3	65677	94742287	82406	101227598	0.000855283	0.000730172	0	0.00383214	1228.4	2330.92	5	9422	
41	42	1	6	3	3	100032	101659759	116169	107199547	0.000871538	0.000602661	0	0.00383214	922.79	1989.67	5	9422	
41	42	7	7	1	3	56723	110014379	60969	114929606	0.00110627	0.000716394	0	0.00383214	1885.05	2465.69	5	9422	
42	43	6	1	1	3	31182	68960561	50087	73061516	0.000844829	0.000944868	0	0.00408214	1458.69	2945.62	4	9422	
42	43	1	2	2	3	77282	102106834	85353	103862687	0.000958093	0.000664109	0	0.00408214	1216.86	2303.66	5	9422	
42	43	8	3	1	3	92687	104998844	116868	112763911	0.000816051	0.000644476	0	0.00408214	964.883	1989.9	5	9422	
42	43	1	4	1	3	75831	112364378	93244	122531347	0.000874869	0.000698236	0	0.00383214	1314.09	2183.9	5	9422	
42	43	4	5	1	3	66458	96475524	83283	102969026	0.000858145	0.000732929	0	0.00383214	1236.38	2342.89	5	9422	
42	43	8	6	2	3	102564	103618163	119538	109285316	0.000868387	0.000603291	0	0.00383214	914.231	1985.87	5	9422	
42	43	7	7	1	3	58224	112632425	62509	117590725	0.00110409	0.000715749	0	0.00383214	1881.18	2466.52	5	9422	
43	44	1	1	2	3	33019	70789288	52091	74941104	0.000850694	0.000935191	0	0.00408214	1438.66	2925.31	4	9422	
43	44	6	2	2	3	80018	104472114	88617	106337748	0.000953835	0.000662112	0	0.00408214	1199.97	2291.56	5	9422	
43	44	1	3	5	3	94885	106828346	119604	114679798	0.00081655	0.000643991	0	0.00408214	958.829	1991.27	5	9422	
43	44	2	4	1	3	77729	115400125	95641	125746847	0.000873295	0.000697848	0	0.00383214	1314.78	2182.71	5	9422	
43	44	4	5	1	3	68970	98655709	86907	105463425	0.000851284	0.00072991	0	0.00383214	1213.52	2322.83	5	9422	
43	44	1	6	2	3	105544	106170769	122751	111871329	0.000869345	0.000601256	0	0.00383214	911.368	1983.79	5	9422	
43	44	7	7	1	3	59361	115283608	63774	120409853	0.00110549	0.000716427	0	0.00383214	1888.07	2469.09	5	9422	
44	45	1	1	2	3	33391	72108208	52680	76288088	0.000853691	0.000938725	0	0.00408214	1448.14	2937.93	4	9422	
44	45	1	2	4	3	81016	106023472	89695	107896150	0.00095642	0.000664683	0	0.00408214	1202.92	2302.28	5	9422	
44	45	8	3	1	3	96839	108639452	123133	116838259	0.000810851	0.000646086	0	0.00408214	948.879	1985.29	5	9422	
44	45	1	4	1	3	79506	117801400	97478	128159119	0.000876372	0.00069737	0	0.00383214	1314.75	2185.97	5	9422	
44	45	1	5	6	3	70524	100914316	88541	107739988	0.000855151	0.000729651	0	0.00383214	1216.84	2328.6	5	9422	
44	45	8	6	2	3	107705	108084891	125048	113787818	0.000870841	0.000600934	0	0.00383214	909.953	1986.4	5	9422	
44	45	7	7	1	3	60508	117899197	65014	123140739	0.00110625	0.000717054	0	0.00383214	1894.06	2472.2	5	9422	
45	46	1	1	2	3	33653	73520212	53585	77894846	0.000848018	0.00094245	0	0.00408214	1453.67	2945.11	4	9422	
45	46	1	2	4	3	82731	107552588	91877	109501486	0.000954684	0.000666054	0	0.00408214	1191.83	2298.35	5	9422	
45	46	8	3	1	3	100135	111598845	126907	119916685	0.000811914	0.000643088	0	0.00408214	944.918	1977.89	5	9422	
45	46	1	4	1	3	80744	120656889	98833	131159669	0.000879934	0.00069843	0	0.00383214	1327.08	2191.21	5	9422	
45	46	4	5	1	3	70908	102227993	89150	109082844	0.000856848	0.000733763	0	0.00383214	1223.59	2342.8	5	9422	
45	46	1	6	3	3	109952	109722807	127651	115455893	0.000871342	0.000600918	0	0.00383214	904.465	1989.05	4	9422	
45	46	7	7	1	3	61634	120536939	66246	125916188	0.00110693	0.000717731	0	0.00383214	1900.74	2475.18	5	9422	
46	47	1	1	2	3	34247	75360081	54288	79748499	0.000851256	0.000944184	0	0.00408214	1468.99	2952.96	4	9422	
46	47	6	2	2	3	85166	109595088	94351	111550272	0.000955662	0.00066332	0	0.00408214	1182.29	2294.51	5	9422	
46	47	8	3	1	3	102302	115643602	129197	123982227	0.000814584	0.000642637	0	0.00408214	959.637	1983.09	5	9422	
46	47	2	4	1	3	81932	123292841	100041	133794124	0.000883239	0.000699849	0	0.00383214	1337.39	2199.7	5	9422	
46	47	1	5	6	3	71332	103594700	90399	110597581	0.000852933	0.000738636	0	0.00383214	1223.44	2351.58	5	9422	
46	47	1	6	3	3	110869	111182312	128658	116929950	0.000873706	0.000603775	0	0.00383214	908.843	2001.22	4	9422	
46	47	1	7	1	3	63271	123146825	67956	128607748	0.00110552	0.000716314	0	0.00383214	1892.51	2473.44	5	9422	
47	48	1	1	2	3	34389	76690387	54555	81095597	0.000854954	0.000949135	0	0.00408214	1486.49	2974.12	4	9422	
47	48	1	2	4	3	87260	111586334	96534	113557910	0.000956842	0.000662388	0	0.00408214	1176.35	2294	5	9422	
47	48	8	3	1	3	103607	117175778	130588	125519890	0.000817538	0.000644164	0	0.00408214	961.19	1993.12	5	9422	
47	48	2	4	1	3	83934	125917740	102120	136483389	0.000886749	0.000698883	0	0.00383214	1336.5	2199.55	5	9422	
47	48	1	5	6	3	72039	104974715	91138	111980653	0.000857025	0.00074206	0	0.00383214	1228.69	2364.38	5	9422	
47	48	1	6	3	3	112936	112966687	130772	118719897	0.000876246	0.000604211	0	0.00383214	907.839	2005.73	4	9422	
47	48	7	7	1	3	64488	125795869	69293	131406598	0.00110672	0.00071675	0	0.00383214	1896.39	2474.49	5	9422	
48	49	1	1	2	3	34532	78006769	54712	82413449	0.000860341	0.000954178	0	0.00408214	1506.31	2996.21	4	9422	
48	49	1	2	4	3	87505	112935359	96677	114896225	0.000959864	0.00066654	0	0.00408214	1188.45	2313.8	5	9422	
48	49	1	3	1	3	106303	118886788	133475	127248690	0.000819992	0.000642279	0	0.00408214	953.352	1992.72	4	9422	
48	49	2	4	1	3	85045	128533442	103394	139322226	0.000890837	0.000700688	0	0.00383214	1347.49	2206.67	5	9422	
48	49	4	5	1	3	74006	107618844	93141	114622514	0.000860306	0.000739723	0	0.00383214	1230.63	2364.32	5	9422	
48	49	8	6	2	3	115911	115481379	133860	121256047	0.000877258	0.000602194	0	0.00383214	905.842	2003.07	4	9422	
48	49	7	7	1	3	65625	128427857	70525	134166025	0.00110725	0.00071738	0	0.00383214	1902.39	2476.29	5	9422	
49	50	1	1	2	3	34675	79354115	54895	83764983	0.000865288	0.000959094	0	0.00408214	1525.91	3018.54	4	9422	
49	50	1	2	4	3	87730	114258178	96876	116217134	0.000963314	0.000671613	0	0.00408214	1199.65	2332.09	5	9422	
49	50	8	3	1	3	108944	120829441	136694	129321584	0.000819954	0.000640972	0	0.00408214	946.066	1989.81	4	9422	
49	50	2	4	1	3	86992	131171102	105406	142007466	0.000893445	0.000699718	0	0.00383214	1347.24	2208.16	5	9422	
49	50	1	5	6	3	74556	109696263	93654	116698328	0.000863194	0.000742653	0	0.00383214	1246.06	2378.53	5	9422	
49	50	8	6	2	3	119362	117981714	137431	123767919	0.000877868	0.000599171	0	0.00383214	900.582	1996.92	4	9422	
49	50	7	7	1	3	66946	131034878	71985	136938874	0.00110771	0.000717666	0	0.00383214	1902.33	2474.07	5	9422	
50	51	1	1	2	3	34876	80664595	55832	85219450	0.000859491	0.000962353	0	0.00408214	1526.35	3021.99	4	9422	
50	51	1	2	4	3	87951	115597690	97092	117546908	0.000966823	0.00067662	0	0.00408214	1210.68	2350.35	5	9422	
50	51	8	3	1	3	111833	123580906	140171	132277561	0.000820597	0.000640088	0	0.00408214	943.687	1984.6	4	9422	
50	51	2	4	1	3	89123	133771076	107641	144643394	0.000896182	0.000698565	0	0.00383214	1343.76	2207	5	9422	
50	51	1	5	6	3	74800	111007179	93797	118007956	0.000866451	0.000746755	0	0.00383214	1258.12	2396.93	5	9422	
50	51	1	6	2	3	119963	119778251	137995	125571170	0.00087984	0.000602119	0	0.00408214	909.969	2011.72	4	9422	
50	51	7	7	1	3	68133	133673941	73310	139746545	0.00110869	0.000718639	0	0.00383214	1906.24	2473.63	5	9422	
51	52	1	1	2	3	36143	82247382	57339	86822983	0.000863405	0.00095839	0	0.00408214	1514.2	3013.29	4	9422	
51	52	6	2	2	3	89269	117953398	98973	120009340	0.000963525	0.000679467	0	0.00408214	1212.55	2351.21	5	9422	
51	52	8	3	1	3	115588	126908036	144033	135647929	0.000823502	0.000636367	0	0.00408214	941.784	1975.76	4	9422	
51	52	2	4	1	3	91086	136145496	110358	147336960	0.000893467	0.000699078	0	0.00383214	1335.08	2202.91	5	9422	
51	52	1	5	6	3	75045	112345107	93940	119335174	0.000869699	0.000750809	0	0.00383214	1270.33	2415.6	5	9422	
51	52	1	6	3	3	120755	121352344	139233	127179904	0.000878927	0.000605488	0	0.00408214	913.432	2021.53	4	9422	
51	52	7	7	1	3	69241	136288136	74520	142503121	0.0011094	0.000719428	0	0.00383214	1912.28	2476.35	5	9422	
52	53	6	1	2	3	36883	83626252	58426	88212287	0.000863365	0.000957634	0	0.00408214	1509.81	3014.57	4	9422	
52	53	6	2	2	3	92077	121642188	102711	124429376	0.000954939	0.000678342	0	0.00408214	1211.45	2330.68	5	9422	
52	53	8	3	1	3	118988	130010362	147620	138795007	0.000826666	0.000633908	0	0.00408214	940.218	1969.59	4	9422	
52	53	1	4	1	3	92429	138695266	112402	150236313	0.000890787	0.000700964	0	0.00383214	1336.6	2205.1	5	9422	
52	53	4	5	6	3	75431	114105131	94547	121129026	0.000870625	0.000754562	0	0.00383214	1281.15	2427.35	5	9422	
52	53	8	6	2	3	121873	123578339	140543	129553960	0.000879119	0.000607768	0	0.00408214	921.81	2031.18	4	9422	
52	53	1	7	1	3	70445	138898684	75777	145179744	0.00110896	0.000719822	0	0.00383214	1915.88	2479.19	5	9422	
53	54	1	1	2	3	37971	85067488	59551	89655755	0.000868765	0.000955024	0	0.00408214	1505.53	3016.48	4	9422	
53	54	1	2	4	3	95037	125037492	105721	127834118	0.000954314	0.000673927	0	0.00408214	1209.16	2319.67	5	9422	
53	54	1	3	5	3	119439	131360080	148206	140155345	0.000828614	0.000637233	0	0.00408214	945.679	1983.07	4	9422	
53	54	2	4	1	3	93920	141105155	114662	153016342	0.000887447	0.000702184	0	0.00383214	1334.5	2203.21	5	9422	
53	54	1	5	6	3	75574	115404993	94880	122537272	0.000872091	0.000758759	0	0.00383214	1291.5	2442.53	5	9422	
53	54	1	6	3	3	122898	125920945	141683	131910233	0.000880606	0.000609788	0	0.00408214	931.024	2042.24	4	9422	
53	54	1	7	1	3	71583	141557397	77038	148010330	0.0011098	0.000720601	0	0.00383214	1921.26	2481.09	5	9422	
54	55	1	1	2	3	38937	86918195	60525	91518698	0.000873895	0.000953599	0	0.00408214	1512.08	3018.42	4	9422	
54	55	6	2	4	3	96035	127475873	106976	130376806	0.000954114	0.000676588	0	0.00408214	1218.75	2324.95	5	9422	
54	55	1	3	5	3	120393	133436123	149405	142262439	0.000829784	0.000639454	0	0.00408214	952.193	1993.3	4	9422	
54	55	2	4	1	3	96242	144304365	118034	156483047	0.000881923	0.000701534	0	0.00383214	1325.75	2194.59	5	9422	
54	55	1	5	6	3	75800	116759988	95095	123891932	0.000876197	0.000764181	0	0.00383214	1302.82	2460.24	5	9422	
54	55	8	6	2	3	124526	127591282	143558	133613131	0.000881079	0.000610836	0	0.00408214	930.726	2046.64	4	9422	
54	55	7	7	1	3	72759	144188917	78251	150687793	0.00110901	0.000720937	0	0.00383214	1925.7	2481.13	5	9422	
55	56	1	1	2	3	39606	88746605	61311	93449950	0.000876453	0.00095417	0	0.00408214	1524.2	3021.2	4	9422	
55	56	1	2	4	3	99165	130913256	110293	133873558	0.000952311	0.000672293	0	0.00408214	1213.8	2311.13	5	9422	
55	56	1	3	1	3	122238	136034154	152050	145151137	0.000828098	0.000640269	0	0.00408214	954.628	1994.37	4	9422	
55	56	2	4	1	3	98340	146100033	120244	158299548	0.000883655	0.000699964	0	0.00383214	1316.49	2196.09	5	9422	
55	56	4	5	1	3	77809	120273619	97152	127405198	0.000879358	0.0007619	0	0.00383214	1311.4	2456.31	5	9422	
55	56	8	6	2	3	126763	129576466	146630	135680850	0.000878431	0.000612021	0	0.00408214	925.328	2043.49	4	9422	
55	56	1	7	7	3	73903	146801967	79437	153361502	0.00110852	0.000721375	0	0.00383214	1930.61	2482.37	5	9422	
56	57	1	1	2	3	39749	90024006	61494	94731261	0.000880821	0.000958487	0	0.00408214	1540.5	3038.59	4	9422	
56	57	1	2	2	3	100173	133473462	111377	136447141	0.000953814	0.000674369	0	0.00408214	1225.09	2320.04	5	9422	
56	57	8	3	1	3	123087	137751373	153136	146902447	0.000829154	0.000642337	0	0.00408214	959.294	2003.38	4	9422	
56	57	2	4	1	3	101026	149123425	123972	161741450	0.00087842	0.000698196	0	0.00383214	1304.66	2183.35	5	9422	
56	57	4	5	1	3	80081	124671798	100793	132987749	0.000870504	0.000759634	0	0.00383214	1319.41	2432.7	5	9422	
56	57	8	6	2	3	129273	134485293	150264	141090047	0.000874401	0.000613607	0	0.00408214	938.948	2037.95	4	9422	
56	57	7	7	1	3	75060	149435328	80624	156042391	0.00110791	0.000721878	0	0.00383214	1935.43	2483.95	5	9422	
57	58	1	1	2	3	40148	91445247	62639	96628972	0.000875294	0.000959958	0	0.00408214	1542.63	3036.95	4	9422	
57	58	6	2	2	3	103477	136749887	115048	139812243	0.000951888	0.000670675	0	0.00408214	1215.25	2304.4	5	9422	
57	58	8	3	1	3	126704	140571203	156915	149762553	0.000830478	0.000638643	0	0.00408214	954.418	1997.53	4	9422	
57	58	2	4	1	3	104294	152040985	127868	164811449	0.000875701	0.000694062	0	0.00383214	1288.92	2172.54	5	9422	
57	58	1	5	6	3	81742	127397837	103800	136352377	0.000862311	0.00075943	0	0.00383214	1313.61	2419.6	5	9422	
57	58	1	6	2	3	131081	136334242	153261	143113848	0.000869714	0.000615967	0	0.00408214	933.792	2035.58	4	9422	
57	58	7	7	1	3	76259	152034954	81884	158719165	0.00110768	0.000722236	0	0.00383214	1938.34	2485.65	5	9422	
58	59	1	1	1	3	42555	93788472	66048	99286310	0.000867729	0.000946863	0	0.00408214	1503.24	2989.02	4	9422	
58	59	1	2	4	3	105527	139085945	117258	142173227	0.000951296	0.000669494	0	0.00408214	1212.48	2303.15	5	9422	
58	59	8	3	1	3	129121	143208821	160580	152819024	0.000826691	0.00063901	0	0.00408214	951.669	1992.1	4	9422	
58	59	2	4	1	3	104829	153472445	128959	166330476	0.000874386	0.000697246	0	0.00383214	1289.79	2181.57	5	9422	
58	59	1	5	6	3	83316	129851063	106840	139185127	0.000853501	0.000759633	0	0.00383214	1302.74	2407	5	9422	
58	59	8	6	3	3	133250	138370990	155633	145182853	0.000870833	0.000615559	0	0.00408214	932.854	2036.1	4	9422	
58	59	7	7	1	3	77424	154681430	83100	161433939	0.00110731	0.00072262	0	0.00383214	1942.65	2486.64	5	9422	
59	60	1	1	2	3	43098	95177400	66578	100666629	0.000873493	0.00094963	0	0.00408214	1512.01	2999.55	4	9422	
59	60	1	2	4	3	106313	140533006	118110	143636550	0.000953262	0.00067196	0	0.00408214	1216.13	2313.56	5	9422	
59	60	8	3	1	3	132652	146215805	164286	155864279	0.000829112	0.000636375	0	0.00408214	948.737	1986.47	4	9422	
59	60	1	4	1	3	106414	155166799	130960	168108892	0.000874161	0.000697698	0	0.00383214	1283.67	2183.96	5	9422	
59	60	1	5	6	3	85104	132766692	108709	142105498	0.000856099	0.000757971	0	0.00383214	1307.21	2406.19	5	9422	
59	60	1	6	3	3	133766	140105239	156665	147038444	0.000870019	0.000618993	0	0.00408214	938.553	2045.17	4	9422	
59	60	7	7	1	3	78560	157304900	84357	164216736	0.0011082	0.000723188	0	0.00383214	1946.69	2487.77	5	9422	
60	61	1	1	2	3	43345	96522411	66733	102003373	0.000878556	0.000954367	0	0.00408214	1528.53	3017.98	4	9422	
60	61	6	2	2	3	107445	142048115	119249	145152603	0.000955498	0.000673571	0	0.00408214	1217.22	2320.96	5	9422	
60	61	8	3	1	3	136321	148823163	168106	158506470	0.000831259	0.000633481	0	0.00408214	942.896	1981.03	4	9422	
60	61	2	4	1	3	108511	159252419	133563	172555273	0.000873332	0.000697158	0	0.00383214	1291.94	2180.65	5	9422	
60	61	1	5	1	3	85607	134113164	109232	143454888	0.000859728	0.000761252	0	0.00383214	1313.3	2417.73	5	9422	
60	61	8	6	2	3	134497	141612614	157979	148604211	0.000868823	0.00062209	0	0.00408214	940.658	2052.47	4	9422	
60	61	1	7	1	3	79691	159941774	85567	166961662	0.00110852	0.000723777	0	0.00383214	1951.24	2489.58	5	9422	
61	62	6	1	2	3	43862	98170479	67241	103684331	0.00088291	0.000956401	0	0.00408214	1541.98	3029.09	4	9422	
61	62	1	2	4	3	108687	143601418	120620	146718624	0.000957261	0.000674711	0	0.00408214	1216.37	2326.71	5	9422	
61	62	8	3	1	3	139368	151635650	171769	161639290	0.000831264	0.000632273	0	0.00408214	941.027	1975.84	4	9422	
61	62	2	4	1	3	110305	162675801	135485	176109636	0.000876174	0.000696925	0	0.00383214	1299.85	2182.68	5	9422	
61	62	1	5	6	3	86581	135591669	110253	144937602	0.000863606	0.000762834	0	0.00383214	1314.59	2425.44	5	9422	
61	62	8	6	2	3	136325	143815036	160255	150855718	0.000868102	0.000622836	0	0.00408214	941.348	2054.31	4	9422	
61	62	7	7	1	3	80940	162552509	86929	169708813	0.00110871	0.000723975	0	0.00383214	1952.27	2489.55	5	9422	
62	63	6	1	1	3	45545	99777408	70339	105511012	0.000870504	0.000948353	0	0.00408214	1500.04	2995.12	4	9422	
62	63	6	2	2	3	111319	145580397	123919	148796544	0.0009536	0.000673368	0	0.00408214	1200.76	2316.18	5	9422	
62	63	1	3	5	3	140351	153828926	175256	164420276	0.000821753	0.000636937	0	0.00408214	938.172	1973.49	4	9422	
62	63	2	4	1	3	112608	165019163	138303	178575102	0.000876131	0.00069638	0	0.00383214	1291.19	2179.75	5	9422	
62	63	1	5	6	3	87417	137042689	111143	146384376	0.000866632	0.000764448	0	0.00383214	1317.08	2434.2	5	9422	
62	63	1	6	3	3	138286	145896158	162598	152974275	0.000868209	0.000623186	0	0.00408214	940.813	2056.66	4	9422	
62	63	7	7	1	3	82072	165175642	88142	172443800	0.00110913	0.000724481	0	0.00383214	1956.43	2491.01	5	9422	
63	64	6	1	1	3	47629	101572800	72924	107393403	0.000869783	0.000939161	0	0.00408214	1472.68	2970.91	4	9422	
63	64	1	2	4	3	114513	148769935	127529	152083359	0.000951707	0.000670154	0	0.00408214	1192.54	2304.17	5	9422	
63	64	8	3	1	3	142458	156085967	178883	166977648	0.000817433	0.000638103	0	0.00408214	933.446	1968.63	4	9422	
63	64	2	4	1	3	114809	167991121	140557	181562172	0.000878115	0.000694979	0	0.00383214	1291.73	2180.3	5	9422	
63	64	1	5	6	3	87676	138384706	111402	147726393	0.00087075	0.000768994	0	0.00383214	1326.07	2448.51	5	9422	
63	64	8	6	2	3	141163	148138888	165919	155298333	0.000867763	0.0006219	0	0.00408214	935.989	2053.21	4	9422	
63	64	7	7	1	3	83215	167818105	89402	175253929	0.00110987	0.00072498	0	0.00383214	1960.29	2492.08	5	9422	
64	65	1	1	2	3	48226	103055873	74982	109060437	0.00085757	0.000938625	0	0.00408214	1454.49	2957.61	4	9422	
64	65	1	2	4	3	116040	150324131	130513	153820987	0.000943131	0.000673813	0	0.00408214	1178.59	2297.63	5	9422	
64	65	8	3	1	3	145879	159222939	182612	170255660	0.000819243	0.000635674	0	0.00408214	932.336	1962.82	4	9422	
64	65	2	4	1	3	116794	170636688	142615	184270714	0.000880154	0.00069418	0	0.00383214	1292.09	2180.32	5	9422	
64	65	1	5	6	3	88279	140406326	112007	149756886	0.000874257	0.000772235	0	0.00383214	1337.03	2458.72	5	9422	
64	65	1	6	2	3	144090	150909279	169554	158327316	0.000866588	0.000621079	0	0.00408214	933.787	2047.24	4	9422	
64	65	7	7	1	3	84381	170434515	90683	178023596	0.00111056	0.000725362	0	0.00383214	1963.14	2491.23	5	9422	
65	66	1	1	2	3	49150	104529864	76752	110614539	0.000853423	0.000936848	0	0.00408214	1441.19	2949.6	4	9422	
65	66	6	2	2	3	118974	152535079	133652	156060832	0.000942691	0.000670918	0	0.00408214	1167.67	2290.21	5	9422	
65	66	1	3	5	3	148326	162558478	185329	173681619	0.000820135	0.000634857	0	0.00408214	937.153	1962.77	4	9422	
65	66	2	4	1	3	118821	172743559	144727	186403981	0.000882216	0.00069334	0	0.00383214	1287.97	2181.2	5	9422	
65	66	1	5	6	3	88486	141722803	112211	151072868	0.00087676	0.000775742	0	0.00383214	1346.33	2472.65	5	9422	
65	66	8	6	2	3	147097	152861068	172953	160341044	0.000866997	0.000619761	0	0.00408214	927.079	2043.5	4	9422	
65	66	7	7	1	3	85584	173071815	92024	180842938	0.00111148	0.000725686	0	0.00383214	1965.17	2489.76	5	9422	
66	67	1	1	2	3	49615	105834575	77240	111911410	0.000857685	0.000938905	0	0.00408214	1448.88	2959.66	4	9422	
66	67	6	2	2	3	122654	156559817	137426	160125624	0.000942955	0.000666528	0	0.00408214	1165.18	2275.67	5	9422	
66	67	1	3	5	3	149576	164039212	186722	175173523	0.000821603	0.000636001	0	0.00408214	938.151	1969.7	4	9422	
66	67	1	4	1	3	120739	175898926	147899	190121850	0.000876785	0.000694081	0	0.00383214	1285.48	2175.23	5	9422	
66	67	1	5	1	3	88852	143078803	112654	152439158	0.000879027	0.000778764	0	0.00383214	1353.16	2484.78	5	9422	
66	67	8	6	2	3	150647	157273792	176633	164812851	0.000868359	0.000617359	0	0.00408214	933.081	2036.95	4	9422	
66	67	7	7	1	3	88056	175393889	94603	183199267	0.00110793	0.000722165	0	0.00383214	1936.51	2484.74	5	9422	
67	68	1	1	2	3	49943	107182557	77549	113260000	0.00086189	0.000941806	0	0.00408214	1460.5	2973.92	4	9422	
67	68	6	2	2	3	126310	160219963	141198	163831875	0.000943163	0.000662598	0	0.00408214	1160.3	2261.7	5	9422	
67	68	1	3	5	3	149764	165370391	186931	176505552	0.000823148	0.000638748	0	0.00408214	944.228	1982.24	4	9422	
67	68	2	4	1	3	122373	178521271	149665	192854997	0.000879502	0.000694423	0	0.00383214	1288.58	2176.98	5	9422	
67	68	1	5	6	3	89252	144438970	113013	153795266	0.000881857	0.000781626	0	0.00383214	1360.86	2497.19	5	9422	
67	68	8	6	2	3	154411	163621948	180455	171219442	0.000870093	0.00061472	0	0.00408214	948.821	2029.69	4	9422	
67	68	1	7	1	3	89667	178300074	96760	186316925	0.00110234	0.000723653	0	0.00383214	1925.56	2479.33	5	9422	
68	69	1	1	2	3	50561	108863015	78693	115036954	0.000860617	0.00094229	0	0.00408214	1461.84	2972.72	4	9422	
68	69	6	2	2	3	128653	162140461	143670	165766437	0.000943928	0.000661471	0	0.00408214	1153.8	2259.41	5	9422	
68	69	1	3	5	3	149964	166718687	187151	177854557	0.000824804	0.000641511	0	0.00408214	950.327	1994.92	4	9422	
68	69	2	4	1	3	124413	181158715	152292	195736661	0.000879629	0.000694753	0	0.00383214	1285.27	2174.2	5	9422	
68	69	1	5	6	3	89704	146399435	113722	155777754	0.000882519	0.00078467	0	0.00383214	1369.81	2507	5	9422	
68	69	8	6	2	3	157190	167751880	183935	175823106	0.000869343	0.000615033	0	0.00408214	955.898	2023.29	4	9422	
68	69	7	7	1	3	91419	180969011	98602	189064183	0.00110159	0.000722547	0	0.00383214	1917.45	2477.18	5	9422	
69	70	1	1	2	3	51210	110199905	79821	116407553	0.00085944	0.00094254	0	0.00408214	1458.36	2973.53	4	9422	
69	70	1	2	4	3	131534	164988204	146681	168635680	0.000943917	0.000659113	0	0.00408214	1149.68	2254.13	5	9422	
69	70	1	3	1	3	150578	168113126	187907	179256971	0.000826098	0.000643581	0	0.00408214	953.966	2005.17	4	9422	
69	70	2	4	1	3	126197	183467738	155480	198732743	0.000873782	0.000695917	0	0.00383214	1278.19	2168.05	5	9422	
69	70	4	5	1	3	89962	147729422	114142	157119345	0.000883868	0.000787521	0	0.00383214	1376.53	2518.39	5	9422	
69	70	8	6	2	3	160432	170984045	187690	179265901	0.000868779	0.000613943	0	0.00408214	955.117	2017.53	4	9422	
69	70	7	7	1	3	93390	183593814	100658	191746561	0.00110002	0.000720909	0	0.00383214	1904.93	2473.62	5	9422	
70	71	1	1	2	3	51455	111544201	79973	117745768	0.00086348	0.000946211	0	0.00408214	1472.32	2989.49	4	9422	
70	71	1	2	4	3	134112	167046210	149336	170708123	0.000945011	0.000657654	0	0.00408214	1143.11	2249.67	5	9422	
70	71	8	3	1	3	150882	169407414	188212	180541910	0.000827849	0.000646062	0	0.00408214	959.248	2015.95	4	9422	
70	71	1	4	1	3	126388	184893750	157644	201415251	0.000864825	0.000700955	0	0.00383214	1277.66	2168.14	5	9422	
70	71	1	5	6	3	90349	149053444	114529	158445727	0.000886672	0.000790302	0	0.00383214	1383.46	2529.43	5	9422	
70	71	8	6	2	3	164080	174423254	191390	182718407	0.000870119	0.000611484	0	0.00408214	954.692	2012.45	4	9422	
70	71	7	7	1	3	94774	186206456	102150	194484883	0.00109999	0.000720798	0	0.00383214	1903.91	2473.16	5	9422	
71	72	1	1	2	3	51701	112869329	80116	119063668	0.000867294	0.000949658	0	0.00408214	1486.14	3004.84	4	9422	
71	72	6	2	2	3	136306	170165229	151639	173838841	0.000945741	0.000656936	0	0.00408214	1146.4	2248.95	5	9422	
71	72	8	3	1	3	152634	171530681	190060	182685443	0.000829482	0.000646298	0	0.00408214	961.199	2019.86	4	9422	
71	72	2	4	1	3	128465	186915341	159785	203446695	0.000867017	0.000700138	0	0.00383214	1273.25	2169.01	5	9422	
71	72	4	5	1	3	90803	150443623	115181	159871115	0.000888404	0.000793061	0	0.00383214	1388	2538.96	5	9422	
71	72	1	6	2	3	167053	176936110	194446	185251083	0.000871206	0.000610172	0	0.00408214	952.712	2011.51	4	9422	
71	72	7	7	1	3	96086	188845415	103590	197292612	0.00110055	0.000720724	0	0.00383214	1904.55	2471.78	5	9422	
72	73	1	1	2	3	51943	114202514	80285	120391407	0.000871498	0.000953346	0	0.00408214	1499.55	3019.83	4	9422	
72	73	6	2	2	3	138505	173410329	154009	177129975	0.000946041	0.000656292	0	0.00408214	1150.13	2248.34	5	9422	
72	73	8	3	1	3	154267	173611480	192277	184959977	0.000829297	0.000646969	0	0.00408214	961.945	2021.48	4	9422	
72	73	1	4	1	3	130860	191641859	162785	208579579	0.000866262	0.000699141	0	0.00383214	1281.32	2164.87	5	9422	
72	73	1	5	6	3	91739	152465285	116099	161894199	0.000891081	0.00079372	0	0.00383214	1394.45	2544.54	5	9422	
72	73	8	6	2	3	170646	180121475	198205	188484040	0.000872082	0.000608031	0	0.00408214	950.955	2005.87	4	9422	
72	73	7	7	1	3	97552	191474491	105148	200023532	0.00110024	0.000720285	0	0.00383214	1902.3	2469.56	5	9422	
73	74	1	1	2	3	52237	115542430	80601	121722634	0.000875254	0.000956101	0	0.00408214	1510.19	3032.33	4	9422	
73	74	1	2	4	3	141479	176893973	157513	180911575	0.000943938	0.000655035	0	0.00408214	1148.55	2238.08	5	9422	
73	74	1	3	5	3	155699	175613223	194655	187180319	0.000827613	0.00064854	0	0.00408214	961.6	2022.9	4	9422	
73	74	1	4	1	3	131486	193350840	163462	210311382	0.000868105	0.000701213	0	0.00408214	1286.61	2174.28	5	9422	
73	74	4	5	1	3	92002	153945138	116382	163374576	0.000893485	0.000796786	0	0.00383214	1403.78	2555.97	5	9422	
73	74	1	6	3	3	173095	182565071	200914	190975675	0.000872803	0.000607807	0	0.00408214	950.534	2006.53	4	9422	
73	74	7	7	1	3	99037	194104415	106714	202740132	0.00109972	0.000719924	0	0.00383214	1899.85	2468.29	5	9422	
74	75	1	1	2	3	52524	116867172	81341	123077421	0.000874346	0.000958257	0	0.00408214	1513.1	3038.19	4	9422	
74	75	1	2	4	3	142248	178961920	158437	183007698	0.000944747	0.000657004	0	0.00408214	1155.08	2245.85	5	9422	
74	75	1	3	1	3	158381	177808090	197534	189397482	0.000829007	0.000647365	0	0.00408214	958.81	2022.72	4	9422	
74	75	2	4	1	3	133399	195954024	166548	213260214	0.000864123	0.000701678	0	0.00408214	1280.47	2170.41	5	9422	
74	75	4	5	1	3	95392	157059687	120061	166559990	0.000893081	0.000789609	0	0.00383214	1387.29	2536.1	5	9422	
74	75	8	6	2	3	174334	184619961	202738	193302595	0.000872299	0.000609772	0	0.00408214	953.46	2010.12	4	9422	
74	75	1	7	1	3	100629	196725407	108390	205442771	0.00109954	0.000719411	0	0.00383214	1895.4	2466.88	5	9422	
75	76	1	1	2	3	52782	118162441	81575	124379733	0.000879446	0.000962687	0	0.00408214	1524.73	3050.83	4	9422	
75	76	1	2	4	3	142458	180316145	158608	184357940	0.000946521	0.000659697	0	0.00408214	1162.35	2258.36	5	9422	
75	76	8	3	1	3	160584	179770074	199880	191381466	0.000830501	0.000646758	0	0.00408214	957.482	2024.26	4	9422	
75	76	1	4	1	3	135234	198938534	169101	216430880	0.0008629	0.000702089	0	0.00408214	1279.89	2169.27	5	9422	
75	76	1	5	1	3	97843	159732780	123150	169402697	0.000891601	0.000786614	0	0.00383214	1375.58	2521.73	5	9422	
75	76	8	6	2	3	175910	187120931	204985	196108431	0.000871405	0.000611254	0	0.00408214	956.696	2012.02	4	9422	
75	76	7	7	1	3	101875	199360959	109729	208193993	0.00109975	0.000719448	0	0.00383214	1897.35	2467.09	5	9422	
76	77	1	1	2	3	53024	119483685	81719	125693300	0.000883176	0.000965929	0	0.00408214	1538.12	3065.09	4	9422	
76	77	6	2	2	3	144119	182600439	160448	186670367	0.000946793	0.000659939	0	0.00408214	1163.43	2260.83	5	9422	
76	77	1	3	1	3	162428	181448360	201760	193064448	0.000832584	0.00064691	0	0.00408214	956.902	2027.62	4	9422	
76	77	2	4	1	3	137109	202175411	171052	219756272	0.000864729	0.000701416	0	0.00408214	1284.73	2171.35	5	9422	
76	77	4	5	1	3	100852	162649638	126821	172522243	0.000888475	0.000781231	0	0.00383214	1360.36	2503.73	5	9422	
76	77	1	6	2	3	176136	188452609	205297	197445928	0.000872532	0.000613762	0	0.00408214	961.757	2022.64	4	9422	
76	77	7	7	1	3	103156	201986530	111090	210915390	0.00109968	0.000719552	0	0.00383214	1898.6	2466.64	5	9422	
77	78	1	1	2	3	53270	120797609	81870	127000539	0.000887055	0.000969272	0	0.00408214	1551.25	3078.93	4	9422	
77	78	1	2	2	3	146653	185674886	162992	189747659	0.000947864	0.000658654	0	0.00408214	1164.15	2258.65	5	9422	
77	78	8	3	1	3	164495	183445967	203955	195093358	0.000834162	0.000646602	0	0.00408214	956.551	2029.95	4	9422	
77	78	2	4	1	3	138943	204382425	172926	221990542	0.000866256	0.000700671	0	0.00408214	1283.73	2173.87	5	9422	
77	78	4	5	1	3	103905	166309543	130410	176392854	0.000886409	0.000775985	0	0.00383214	1352.6	2485.37	5	9422	
77	78	8	6	2	3	178091	191106565	207687	200227160	0.000872088	0.000614242	0	0.00408214	964.081	2024.16	4	9422	
77	78	7	7	1	3	104526	204603271	112542	213641479	0.00109964	0.000719544	0	0.00383214	1898.33	2467.43	5	9422	
78	79	1	1	2	3	53696	122446395	82591	128669749	0.000887414	0.000970589	0	0.00408214	1557.91	3084.2	4	9422	
78	79	6	2	4	3	149320	188208431	165878	192296823	0.000947503	0.000657222	0	0.00408214	1159.27	2253.55	5	9422	
78	79	8	3	1	3	167123	185558573	207297	197308436	0.000833408	0.000645908	0	0.00408214	951.815	2027.72	4	9422	
78	79	2	4	1	3	141679	207453118	175730	225099501	0.000868145	0.000698539	0	0.00408214	1280.94	2171.12	5	9422	
78	79	1	5	6	3	104748	168695320	131272	178795858	0.00088831	0.000777072	0	0.00383214	1362.03	2491.67	5	9422	
78	79	1	6	2	3	180860	193379279	210904	202587362	0.000871333	0.000613496	0	0.00408214	960.567	2021.85	4	9422	
78	79	7	7	1	3	105743	207237724	113870	216384740	0.00110003	0.000720106	0	0.00383214	1900.28	2467.45	5	9422	
79	80	1	1	2	3	54086	123793321	83207	130033638	0.000889296	0.000972467	0	0.00408214	1562.77	3091.4	4	9422	
79	80	6	2	2	3	152124	190694529	169369	194919334	0.000944577	0.000656625	0	0.00408214	1150.86	2244.77	5	9422	
79	80	1	3	5	3	167924	187296540	208225	199099105	0.000834783	0.00064741	0	0.00408214	956.173	2035.75	4	9422	
79	80	2	4	1	3	144186	210089155	178285	227769121	0.000869861	0.000696846	0	0.00408214	1277.56	2169.17	5	9422	
79	80	1	5	1	3	104954	170041475	131429	180136868	0.000890659	0.000779968	0	0.00383214	1370.6	2504.19	5	9422	
79	80	8	6	2	3	184101	196386005	214198	205593825	0.000872522	0.000611813	0	0.00408214	959.831	2019.56	4	9422	
79	80	7	7	1	3	107501	209854898	115702	219073598	0.00109954	0.000719385	0	0.00383214	1893.43	2465.11	5	9422	
80	81	1	1	2	3	54770	125515610	83940	131758106	0.000892013	0.000972582	0	0.00408214	1569.67	3095.49	4	9422	
80	81	1	2	4	3	155148	193061233	172485	197313369	0.000944844	0.000654383	0	0.00408214	1143.95	2239.54	5	9422	
80	81	8	3	1	3	170168	189451294	210714	201291290	0.000835311	0.000646884	0	0.00408214	955.282	2035.95	4	9422	
80	81	1	4	1	3	146444	212711528	180607	230414345	0.000871324	0.000695451	0	0.00408214	1275.78	2168.7	5	9422	
80	81	1	5	6	3	105181	171358771	131589	181447129	0.000892893	0.00078268	0	0.00383214	1378.89	2515.97	5	9422	
80	81	1	6	3	3	186775	198628394	217220	207940878	0.000872666	0.000611376	0	0.00408214	957.282	2017.51	4	9422	
80	81	7	7	1	3	109447	212497918	117700	221749210	0.00109841	0.000717922	0	0.00383214	1884.02	2462.99	5	9422	
81	82	1	1	2	3	54913	126826205	84156	133075803	0.000894821	0.000975562	0	0.00408214	1581.3	3107.81	4	9422	
81	82	1	2	4	3	156425	195493227	173800	199752843	0.0009464	0.000655564	0	0.00408214	1149.33	2242.94	5	9422	
81	82	8	3	1	3	173577	191799001	214267	203657796	0.000836787	0.000644723	0	0.00408214	950.486	2032.45	4	9422	
81	82	2	4	1	3	148215	215347773	182461	233123209	0.000873208	0.000695256	0	0.00408214	1277.66	2169.92	5	9422	
81	82	4	5	1	3	106729	174216981	133540	184366484	0.000892435	0.000781914	0	0.00383214	1380.61	2512.65	5	9422	
81	82	8	6	2	3	187759	200031545	218751	209392454	0.000871946	0.000613347	0	0.00408214	957.218	2022.86	4	9422	
81	82	1	7	1	3	110583	215125899	118987	224588083	0.00109963	0.000718491	0	0.00383214	1887.5	2463.36	5	9422	
82	83	1	1	2	3	55055	128099407	84517	134379921	0.000896075	0.000978375	0	0.00408214	1589.98	3117.18	4	9422	
82	83	1	2	4	3	157034	196895090	174403	201155141	0.000948258	0.000657808	0	0.00408214	1153.39	2251.21	5	9422	
82	83	8	3	1	3	176377	193780728	217478	205734653	0.000837502	0.00064402	0	0.00408214	946.002	2030.48	4	9422	
82	83	2	4	1	3	150204	217642810	185412	235804526	0.000870995	0.00069564	0	0.00408214	1271.79	2166.24	5	9422	
82	83	1	5	6	3	109256	177054067	136915	187757469	0.000888569	0.000778636	0	0.00383214	1371.34	2497.58	5	9422	
82	83	8	6	2	3	188368	201361047	219363	210721788	0.000873368	0.000615148	0	0.00408214	960.608	2030.87	4	9422	
82	83	7	7	1	3	112227	217730414	120715	227281658	0.00109944	0.000717908	0	0.00383214	1882.8	2462.15	5	9422	
83	84	6	1	2	3	56114	130339691	85923	136653021	0.000895613	0.000975962	0	0.00408214	1590.41	3110.46	4	9422	
83	84	1	2	4	3	157408	198244099	174789	202504106	0.000950055	0.000660557	0	0.00408214	1158.56	2261.15	5	9422	
83	84	1	3	1	3	178704	195492469	220009	207460284	0.000838672	0.000643353	0	0.00408214	942.963	2031.75	4	9422	
83	84	2	4	1	3	152511	220077907	188748	238546341	0.000868279	0.00069545	0	0.00408214	1263.84	2161.44	5	9422	
83	84	1	5	6	3	110616	179237586	138956	190141618	0.000886315	0.000778598	0	0.00383214	1368.36	2494.46	5	9422	
83	84	1	6	3	3	191391	204736304	222647	214260576	0.000873722	0.00061395	0	0.00408214	962.333	2027.51	4	9422	
83	84	7	7	1	3	113773	220384080	122349	230023361	0.00109901	0.000717405	0	0.00383214	1880.06	2461.4	5	9422	
84	85	1	1	2	3	56531	131630933	86386	137950037	0.000900309	0.000979157	0	0.00408214	1596.9	3117.56	4	9422	
84	85	1	2	4	3	157670	199579872	175024	203837486	0.000951947	0.000663316	0	0.00408214	1164.63	2271.63	5	9422	
84	85	8	3	1	3	182276	198383403	223814	210404749	0.000839706	0.000640975	0	0.00408214	940.088	2026.59	4	9422	
84	85	2	4	1	3	153981	222731682	192210	242419322	0.000860934	0.000697308	0	0.00408214	1261.22	2154.62	5	9422	
84	85	4	5	1	3	112951	181339363	141734	192340363	0.000885387	0.000775716	0	0.00383214	1357.05	2486.93	5	9422	
84	85	1	6	3	3	193980	207990629	225845	217800590	0.000872482	0.000613633	0	0.00408214	964.381	2024.27	4	9422	
84	85	7	7	1	3	115488	223009651	124155	232748043	0.00109859	0.000716578	0	0.00383214	1874.66	2459.12	5	9422	
85	86	1	1	2	3	58421	133295229	88419	139627814	0.000903041	0.000972899	0	0.00408214	1579.16	3103.18	4	9422	
85	86	6	2	2	3	158642	201304650	176469	205600943	0.000950766	0.000665388	0	0.00408214	1165.08	2275.66	5	9422	
85	86	8	3	1	3	185653	202421064	227259	214456578	0.000841468	0.000639145	0	0.00408214	943.666	2023.67	4	9422	
85	86	2	4	1	3	156092	225790348	195367	245808294	0.000857872	0.000697133	0	0.00408214	1258.19	2151.97	5	9422	
85	86	4	5	1	3	115624	183860342	145287	195272100	0.000881982	0.000772526	0	0.00383214	1344.04	2472.93	5	9422	
85	86	1	6	3	3	194248	209302585	226232	219121640	0.000873404	0.000615822	0	0.00408214	968.57	2033.02	4	9422	
85	86	7	7	1	3	117039	225636899	125810	235491554	0.00109838	0.000716115	0	0.00383214	1871.8	2457.37	5	9422	
86	87	1	1	2	3	59276	134923118	89339	141266870	0.000905049	0.000972067	0	0.00408214	1581.25	3103.63	4	9422	
86	87	1	2	4	3	161402	203255142	179571	207586519	0.000949764	0.00066397	0	0.00408214	1156.01	2271	5	9422	
86	87	8	3	1	3	187008	204608392	228785	216705483	0.000842543	0.000639903	0	0.00408214	947.201	2027.49	4	9422	
86	87	1	4	1	3	158715	228495213	198135	248565847	0.000859068	0.000695366	0	0.00408214	1254.53	2150.3	5	9422	
86	87	1	5	6	3	119381	187883458	149163	199336204	0.000882885	0.000766106	0	0.00383214	1336.36	2455.7	5	9422	
86	87	8	6	2	3	196530	210998175	228628	220818916	0.000874462	0.000615519	0	0.00408214	965.844	2033.55	4	9422	
86	87	7	7	1	3	119380	228264272	128241	238167279	0.00109636	0.000713955	0	0.00383214	1857.19	2453.06	5	9422	
87	88	1	1	2	3	59519	136192714	89481	142517800	0.000908374	0.000974868	0	0.00408214	1592.72	3114.87	4	9422	
87	88	6	2	2	3	162314	204754223	180560	209103815	0.000951271	0.000665461	0	0.00408214	1158.08	2277.52	5	9422	
87	88	1	3	5	3	188175	206385338	230063	218492497	0.000843688	0.000640961	0	0.00408214	949.707	2032.83	4	9422	
87	88	1	4	1	3	160937	231139374	200421	251241487	0.000860591	0.000694353	0	0.00408214	1253.57	2150.2	5	9422	
87	88	1	5	6	3	119596	189196094	149329	200643683	0.00088484	0.000768615	0	0.00383214	1343.64	2466.31	5	9422	
87	88	1	6	3	3	198449	212607854	230897	222471343	0.000874762	0.000616142	0	0.00408214	963.509	2034.94	4	9422	
87	88	7	7	1	3	120521	230899524	129544	241013081	0.00109749	0.000714664	0	0.00383214	1860.47	2453.74	5	9422	
88	89	1	1	2	3	59767	137509361	89753	143838100	0.000911029	0.000977346	0	0.00408214	1602.6	3125.51	4	9422	
88	89	6	2	2	3	163155	207378853	182092	212290364	0.000949461	0.000668163	0	0.00408214	1165.84	2280.29	5	9422	
88	89	1	3	5	3	188352	207696731	230345	219811549	0.00084467	0.000643098	0	0.00408214	954.271	2042.06	4	9422	
88	89	2	4	1	3	163163	233752247	202723	253885505	0.000862406	0.000693624	0	0.00408214	1252.38	2149.63	5	9422	
88	89	1	5	6	3	119826	190534926	149477	201973893	0.000886834	0.000771029	0	0.00383214	1351.2	2477.4	5	9422	
88	89	1	6	3	3	200471	215133551	233377	225104823	0.000875158	0.000617073	0	0.00408214	964.554	2035.62	4	9422	
88	89	1	7	1	3	121694	233511634	130799	243725839	0.00109764	0.000715027	0	0.00383214	1863.36	2455.2	5	9422	
89	90	1	1	2	3	60311	138855106	91691	145361508	0.000900585	0.000976943	0	0.00408214	1585.34	3112.82	4	9422	
89	90	6	2	2	3	165862	210206911	185659	215758195	0.000946182	0.000667577	0	0.00408214	1162.12	2271.22	5	9422	
89	90	1	3	5	3	188529	208984194	230548	221099861	0.000845885	0.000645255	0	0.00408214	959.019	2051.17	4	9422	
89	90	2	4	1	3	165033	236398350	204636	256561782	0.000864033	0.000693326	0	0.00408214	1253.75	2151.23	5	9422	
89	90	1	5	1	3	120326	192625807	150072	204082895	0.000888198	0.000772651	0	0.00383214	1359.9	2484.51	5	9422	
89	90	8	6	2	3	202634	217087593	236182	227228252	0.000874178	0.000617645	0	0.00408214	962.09	2035.46	4	9422	
89	90	7	7	1	3	123223	236146476	132391	246421016	0.00109713	0.000714627	0	0.00383214	1861.31	2454.97	5	9422	
90	91	6	1	1	3	62722	140893445	94603	147500324	0.000900626	0.000968258	0	0.00408214	1559.15	3086.98	4	9422	
90	91	1	2	4	3	167769	212816761	187785	218451878	0.000946435	0.000667206	0	0.00408214	1163.31	2270.61	5	9422	
90	91	1	3	5	3	188717	210277311	230736	222392535	0.000847187	0.000647367	0	0.00408214	963.84	2060.33	4	9422	
90	91	2	4	1	3	166800	239010890	206480	259240494	0.000865611	0.000693146	0	0.00408214	1255.52	2152.6	5	9422	
90	91	1	5	6	3	121467	195129731	151373	206590479	0.000889158	0.000772894	0	0.00383214	1364.78	2487.05	5	9422	
90	91	8	6	2	3	204506	219787225	238153	229939234	0.00087518	0.000617921	0	0.00408214	965.511	2038.31	4	9422	
90	91	7	7	1	3	124400	238748229	133680	249173063	0.00109773	0.000714971	0	0.00383214	1863.95	2456.42	5	9422	
91	92	6	1	1	3	64031	142915768	96960	149898345	0.000895081	0.000965043	0	0.00408214	1545.98	3067.27	4	9422	
91	92	1	2	4	3	167928	214157182	188403	220084881	0.000945682	0.000670149	0	0.00408214	1168.16	2278.42	5	9422	
91	92	8	3	5	3	189296	212090496	231389	224196834	0.000848187	0.000649022	0	0.00408214	968.917	2067.98	4	9422	
91	92	2	4	1	3	168825	241649989	208600	261951844	0.000867448	0.000692802	0	0.00408214	1255.76	2153.23	5	9422	
91	92	1	5	6	3	121616	196420481	151638	207893671	0.000890479	0.000775331	0	0.00383214	1370.99	2496.4	5	9422	
91	92	8	6	2	3	206924	222009944	240690	232181473	0.000876098	0.000617583	0	0.00408214	964.649	2038.55	4	9422	
91	92	7	7	1	3	125705	241394030	135082	251937294	0.00109788	0.000715041	0	0.00383214	1865.07	2456.9	5	9422	
92	93	6	1	1	3	65891	145887483	100368	153661613	0.000885209	0.00095896	0	0.00408214	1530.98	3032.56	4	9422	
92	93	1	2	4	3	169032	215569641	189624	221495812	0.00094664	0.000670896	0	0.00408214	1168.08	2283.38	5	9422	
92	93	1	3	5	3	189758	213692031	232890	225924003	0.000845786	0.000651612	0	0.00408214	970.089	2072.2	4	9422	
92	93	2	4	1	3	171032	244279301	210962	264648972	0.000869541	0.000692634	0	0.00408214	1254.49	2152.49	5	9422	
92	93	1	5	6	3	121791	197741334	151837	209226271	0.000892375	0.000777943	0	0.00383214	1377.97	2506.72	5	9422	
92	93	1	6	3	3	210090	224623592	244238	234880991	0.000876231	0.000616667	0	0.00408214	961.689	2035.06	4	9422	
92	93	7	7	1	3	127499	244031994	136948	254626163	0.00109657	0.000714139	0	0.00383214	1859.29	2454.64	5	9422	
93	94	1	1	1	3	68009	147987918	103883	156161114	0.000876597	0.000951437	0	0.00408214	1503.24	3001.88	4	9422	
93	94	6	2	2	3	171287	217432394	193056	223590644	0.000942054	0.00067136	0	0.00408214	1158.16	2276.91	5	9422	
93	94	8	3	1	3	190089	214996165	233286	227244788	0.000846801	0.000653554	0	0.00408214	974.104	2080.28	4	9422	
93	94	2	4	1	3	172634	246763379	213341	267489939	0.000868931	0.000693769	0	0.00408214	1253.81	2151.55	5	9422	
93	94	1	5	6	3	122274	199799252	152358	211284279	0.000894234	0.000779847	0	0.00383214	1386.76	2514.47	5	9422	
93	94	1	6	3	3	211149	226881393	245483	237174896	0.000877014	0.000617963	0	0.00408214	966.156	2040.26	4	9422	
93	94	7	7	1	3	128751	246626693	138261	257291885	0.00109655	0.000714286	0	0.00383214	1860.91	2455.55	5	9422	
94	95	6	1	2	3	68424	149596304	104367	157769196	0.000878672	0.000952895	0	0.00408214	1511.68	3009.47	4	9422	
94	95	6	2	2	3	174071	219731656	195920	225913095	0.000942585	0.000669562	0	0.00408214	1153.09	2272.47	5	9422	
94	95	1	3	5	3	192720	218007622	236554	230359753	0.000845884	0.000652803	0	0.00408214	973.815	2077.78	4	9422	
94	95	1	4	1	3	173993	249526156	216484	271473943	0.000863599	0.000695726	0	0.00408214	1254.01	2146.79	5	9422	
94	95	1	5	6	3	122523	201106335	152569	212588028	0.000896538	0.000782612	0	0.00383214	1393.39	2524.01	5	9422	
94	95	1	6	3	3	213963	229189934	248760	239546964	0.000876889	0.000617247	0	0.00408214	962.964	2037.76	4	9422	
94	95	7	7	1	3	129976	249286576	139606	260093641	0.00109701	0.00071457	0	0.00383214	1863.05	2456.58	5	9422	
95	96	1	1	2	3	69270	151019177	105263	159195020	0.000881676	0.000952465	0	0.00408214	1512.35	3012.56	4	9422	
95	96	1	2	4	3	175987	221537254	198738	227895750	0.000940041	0.00067062	0	0.00408214	1146.71	2269.71	5	9422	
95	96	8	3	1	3	194067	220332984	237943	232695869	0.000847145	0.00065347	0	0.00408214	977.948	2082.03	4	9422	
95	96	2	4	1	3	175844	252154858	218435	274188852	0.000865531	0.000695784	0	0.00408214	1255.24	2147.54	5	9422	
95	96	1	5	6	3	122866	202446980	153017	213943945	0.000898147	0.000784826	0	0.00383214	1398.17	2532.09	5	9422	
95	96	1	6	3	3	214245	230496574	249216	240883861	0.000877697	0.000619386	0	0.00408214	966.567	2045.37	4	9422	
95	96	1	7	1	3	131473	251914415	141169	262796677	0.00109657	0.000714305	0	0.00383214	1861.57	2455.52	5	9422	
96	97	6	1	1	3	70115	152519275	106206	160710865	0.000884034	0.00095206	0	0.00408214	1513.2	3015.31	4	9422	
96	97	1	2	4	3	176827	222929593	199967	229363454	0.000940037	0.000672417	0	0.00408214	1147.01	2273.85	5	9422	
96	97	1	3	5	3	197181	222281792	241254	234666595	0.00084839	0.000651809	0	0.00408214	972.695	2079.68	4	9422	
96	97	2	4	1	3	178021	254629877	221115	276842568	0.000865818	0.000695672	0	0.00408214	1252.03	2145.6	5	9422	
96	97	1	5	6	3	123277	203804845	153449	215304945	0.000900179	0.000786751	0	0.00383214	1403.1	2540.44	5	9422	
96	97	8	6	2	3	215771	232181585	252058	242789122	0.000874529	0.00062124	0	0.00408214	963.227	2044.61	4	9422	
96	97	7	7	1	3	132991	254527982	142780	265498929	0.00109626	0.000713946	0	0.00383214	1859.5	2455.58	5	9422	
97	98	6	1	1	3	72779	154632004	109524	162941082	0.000881804	0.000943806	0	0.00408214	1487.72	2989.85	4	9422	
97	98	6	2	2	3	177214	224298572	200482	230745959	0.000940993	0.000674335	0	0.00408214	1150.96	2281.18	4	9422	
97	98	1	3	1	3	197426	223592426	241440	235974058	0.000849823	0.000653932	0	0.00408214	977.361	2088.44	4	9422	
97	98	2	4	1	3	179654	256760028	222924	279034112	0.000866387	0.000695452	0	0.00408214	1251.7	2147.89	5	9422	
97	98	4	5	1	3	125413	206415570	156522	218092706	0.000896663	0.000785104	0	0.00383214	1393.37	2531.38	5	9422	
97	98	8	6	2	3	217720	235205501	255016	246067440	0.000872856	0.000622658	0	0.00408214	964.91	2043.67	4	9422	
97	98	1	7	7	3	134165	257168544	144054	268269452	0.00109667	0.000714273	0	0.00383214	1862.28	2456.46	5	9422	
98	99	6	1	1	3	74261	156461178	111257	164811278	0.000883354	0.000940506	0	0.00408214	1481.36	2982.67	4	9422	
98	99	1	2	2	3	180070	229522818	204107	236321255	0.000938652	0.000673505	0	0.00408214	1157.83	2272.37	4	9422	
98	99	1	3	5	3	197663	224914348	241645	237285070	0.000851264	0.00065598	0	0.00408214	981.957	2097.22	4	9422	
98	99	2	4	1	3	181322	259104190	225726	281670232	0.000863748	0.00069626	0	0.00408214	1247.84	2145.96	5	9422	
98	99	1	5	6	3	127817	209046070	159195	220784685	0.000897203	0.000782495	0	0.00383214	1386.88	2524.06	5	9422	
98	99	8	6	2	3	220954	238537649	258671	249627031	0.000873087	0.000621868	0	0.00408214	965.037	2038.69	4	9422	
98	99	7	7	1	3	135649	259790796	145605	270966236	0.00109619	0.000713981	0	0.00383214	1860.97	2455.49	5	9422	
99	100	6	1	1	3	76609	158093827	114105	166492844	0.000882549	0.000933595	0	0.00408214	1459.12	2964.77	4	9422	
99	100	6	2	2	3	183326	232634669	207820	239675506	0.000936767	0.000671294	0	0.00408214	1153.28	2262.71	4	9422	
99	100	8	3	1	3	198475	226307480	242791	238698875	0.000851565	0.000657396	0	0.00408214	983.145	2102.9	4	9422	
99	100	2	4	1	3	183634	262396988	228921	285178500	0.000862083	0.000695879	0	0.00408214	1245.75	2143.5	5	9422	
99	100	1	5	6	3	128857	211246831	160537	223046211	0.00089772	0.000783293	0	0.00383214	1389.38	2526.68	5	9422	
99	100	1	6	2	3	224332	242405143	262415	253668359	0.000873237	0.00062057	0	0.00408214	966.669	2033.24	4	9422	
99	100	7	7	1	3	136832	262416274	146891	273721348	0.00109648	0.000714312	0	0.00383214	1863.43	2455.96	5	9422	
100	101	1	1	2	3	79386	159839772	117126	168261223	0.000883431	0.000925447	0	0.00408214	1436.58	2946.65	4	9422	
100	101	6	2	2	3	186826	235485413	211531	242561119	0.000935791	0.000668566	0	0.00408214	1146.69	2254.9	4	9422	
100	101	8	3	1	3	202179	229536083	246638	241956038	0.000852365	0.000654914	0	0.00408214	981.017	2097.39	4	9422	
100	101	2	4	1	3	185800	264428357	232299	287537745	0.000859029	0.000695882	0	0.00408214	1237.79	2139.89	5	9422	
100	101	4	5	1	3	131379	214316716	163570	226214978	0.00089664	0.000780711	0	0.00383214	1382.99	2518.48	5	9422	
100	101	8	6	2	3	226169	244310763	264945	255652883	0.000872178	0.000621224	0	0.00408214	964.928	2033.92	4	9422	
100	101	7	7	1	3	139183	265050188	149351	276425222	0.00109466	0.000712442	0	0.00383214	1850.84	2451.7	5	9422	
101	102	1	1	2	3	80534	161607653	118822	170112453	0.000882019	0.000923837	0	0.00408214	1431.66	2941.46	4	9422	
101	102	1	2	4	3	190551	238876986	215369	245973445	0.000935369	0.000665344	0	0.00408214	1142.1	2247.66	4	9422	
101	102	1	3	5	3	204068	231398100	248851	243881500	0.000852603	0.000654852	0	0.00408214	980.03	2097.97	4	9422	
101	102	1	4	1	3	187683	267958334	234578	291214802	0.000859289	0.000695755	0	0.00408214	1241.44	2139.9	5	9422	
101	102	4	5	6	3	134359	216993671	167064	229036794	0.000895357	0.00077698	0	0.00383214	1370.95	2505.35	5	9422	
101	102	8	6	2	3	228265	246154473	268013	257655252	0.000870421	0.000621936	0	0.00408214	961.354	2032.82	4	9422	
101	102	7	7	1	3	140699	267676706	150998	279200457	0.00109485	0.000712361	0	0.00383214	1849.03	2449.96	5	9422	
102	103	6	1	1	3	81417	163316191	120727	172036805	0.000877585	0.00092318	0	0.00408214	1425.01	2933.12	4	9422	
102	103	1	2	2	3	192273	240423107	217346	247546221	0.000935321	0.000665393	0	0.00408214	1138.95	2248.78	4	9422	
102	103	8	3	1	3	206554	233540573	251951	246099667	0.000851966	0.00065446	0	0.00408214	976.776	2095.65	4	9422	
102	103	2	4	1	3	188938	269854682	235886	293151953	0.000860816	0.000696261	0	0.00408214	1242.77	2144.22	5	9422	
102	103	1	5	6	3	136248	220415479	169042	232462241	0.000896242	0.000775364	0	0.00383214	1375.17	2503.82	5	9422	
102	103	8	6	2	3	231532	248897396	271467	260443421	0.000870957	0.000620522	0	0.00408214	959.393	2030.53	4	9422	
102	103	1	7	1	3	141889	270311875	152311	282008642	0.00109521	0.000712621	0	0.00383214	1851.53	2449.31	5	9422	
103	104	6	1	2	3	82637	165059009	124079	174309240	0.0008663	0.000920874	0	0.00408214	1404.82	2910.76	4	9422	
103	104	6	2	2	3	194198	241989694	219363	249119189	0.000935919	0.000664868	0	0.00408214	1135.65	2250.32	4	9422	
103	104	8	3	1	3	210238	236324575	255808	248912169	0.000852782	0.000652261	0	0.00408214	973.043	2090.6	4	9422	
103	104	2	4	1	3	192009	272540780	239156	295919737	0.00086149	0.000694197	0	0.00408214	1237.35	2141.21	5	9422	
103	104	1	5	6	3	136974	222777231	169935	235039072	0.00089669	0.000776543	0	0.00383214	1383.11	2508.04	5	9422	
103	104	1	6	3	3	233360	250394376	273426	261951582	0.000871711	0.000620635	0	0.00408214	958.035	2032.68	4	9422	
103	104	7	7	1	3	143500	272831869	153982	284562965	0.0010944	0.000712118	0	0.00383214	1848.03	2448.8	5	9422	
104	105	1	1	2	3	85402	167000525	127341	176343583	0.000866359	0.000913565	0	0.00408214	1384.81	2891.17	4	9422	
104	105	6	2	2	3	197627	244808423	223046	252021610	0.000935632	0.000662338	0	0.00408214	1129.91	2243.14	4	9422	
104	105	1	3	1	3	213933	240749927	259612	253396461	0.000854222	0.000650239	0	0.00408214	976.058	2084.17	4	9422	
104	105	2	4	1	3	194258	275857114	241880	299603022	0.000861814	0.000693694	0	0.00408214	1238.64	2138.43	5	9422	
104	105	1	5	6	3	138370	225286363	171331	237532033	0.000897803	0.000775981	0	0.00383214	1386.39	2510.42	5	9422	
104	105	1	6	3	3	233612	251686078	273654	263241927	0.000872951	0.00062245	0	0.00408214	961.952	2040.33	4	9422	
104	105	7	7	7	3	145776	275571136	156873	287508849	0.00108899	0.000712045	0	0.00383214	1832.75	2442.97	5	9422	
105	106	1	1	2	3	86918	168940571	130246	178479753	0.000860716	0.000911012	0	0.00408214	1370.33	2875.92	4	9422	
105	106	1	2	2	3	199656	247552847	225271	254804985	0.000935376	0.000661834	0	0.00408214	1131.1	2242.21	4	9422	
105	106	8	3	1	3	216846	244134229	263206	257112908	0.00085384	0.000649745	0	0.00408214	976.85	2079.27	4	9422	
105	106	2	4	1	3	195398	278469615	243196	302455030	0.000863681	0.000694457	0	0.00408214	1243.67	2141.22	5	9422	
105	106	1	5	6	3	138615	226629698	171474	238865608	0.000899556	0.000778027	0	0.00383214	1393.01	2519.86	5	9422	
105	106	8	6	2	3	233922	253089793	273965	264642429	0.000874156	0.000624244	0	0.00408214	965.972	2047.81	4	9422	
105	106	7	7	1	3	147330	278183629	158581	290298684	0.00108937	0.000711956	0	0.00383214	1830.6	2441.41	5	9422	
106	107	1	1	1	3	87191	170285553	131729	180066667	0.000855164	0.000912364	0	0.00408214	1366.95	2874.12	4	9422	
106	107	1	2	4	3	201009	249786277	226809	257055377	0.000935669	0.000662375	0	0.00408214	1133.36	2244.93	4	9422	
106	107	8	3	1	3	217620	245933420	263975	258926419	0.000854832	0.00065096	0	0.00408214	980.875	2085.65	4	9422	
106	107	2	4	1	3	197057	281102664	244931	305164253	0.000864955	0.000694367	0	0.00408214	1245.92	2143.13	5	9422	
106	107	1	5	6	3	138859	227920513	171623	240154815	0.000901368	0.00078012	0	0.00383214	1399.32	2528.53	5	9422	
106	107	1	6	3	3	235050	254856773	275442	266462415	0.000874424	0.00062552	0	0.00408214	967.399	2051.64	4	9422	
106	107	7	7	1	3	148807	280787653	160189	293041771	0.00108972	0.000711864	0	0.00383214	1829.35	2441.5	5	9422	
107	108	1	1	2	3	87365	171599422	131986	181386825	0.000857058	0.00091456	0	0.00408214	1374.29	2883.13	4	9422	
107	108	1	2	4	3	202485	252700710	228429	259984522	0.000936362	0.000662847	0	0.00408214	1138.14	2246.94	4	9422	
107	108	1	3	5	3	217793	247217324	264188	260221276	0.000855863	0.000652862	0	0.00408214	984.985	2093.45	4	9422	
107	108	2	4	1	3	199131	283729863	247060	307822245	0.000866126	0.000693793	0	0.00408214	1245.94	2142.74	5	9422	
107	108	4	5	6	3	140466	230495952	173872	242820571	0.00089968	0.000779639	0	0.00383214	1396.55	2525.97	5	9422	
107	108	8	6	2	3	236489	256866308	277121	268496870	0.000874899	0.000626399	0	0.00408214	968.88	2054.85	4	9422	
107	108	7	7	1	3	150397	283440566	161842	295753737	0.00108945	0.000711611	0	0.00383214	1827.42	2441.45	5	9422	
108	109	1	1	2	3	87839	173379164	132409	183170870	0.000859857	0.000916336	0	0.00408214	1383.37	2890.21	4	9422	
108	109	1	2	4	3	202637	254039684	228647	261339308	0.00093745	0.000664879	0	0.00408214	1142.98	2255.48	4	9422	
108	109	8	3	1	3	219140	249313595	266702	262646098	0.000853748	0.000654182	0	0.00408214	984.792	2093	4	9422	
108	109	1	4	1	3	201622	286234272	249598	310339204	0.000867417	0.000692665	0	0.00408214	1243.36	2142.1	5	9422	
108	109	1	5	6	3	141640	233090823	175646	245538990	0.000898188	0.000780102	0	0.00383214	1397.92	2525.69	5	9422	
108	109	8	6	2	3	238978	260108745	280508	271906584	0.00087348	0.000626701	0	0.00408214	969.336	2053.1	4	9422	
108	109	7	7	1	3	151639	286072737	163225	298550846	0.00108993	0.000711856	0	0.00383214	1829.08	2442.12	5	9422	
109	110	1	1	2	3	88269	174734518	133480	184599616	0.000858066	0.000917346	0	0.00408214	1382.98	2891.51	4	9422	
109	110	6	2	2	3	204751	256635968	231094	264079276	0.000936905	0.000664626	0	0.00408214	1142.74	2253.92	4	9422	
109	110	1	3	5	3	220257	250829765	267995	264181677	0.000854737	0.000655174	0	0.00408214	985.771	2096.98	4	9422	
109	110	2	4	1	3	203932	288829940	252354	313035877	0.000867376	0.000692083	0	0.00408214	1240.46	2140.4	5	9422	
109	110	4	5	1	3	144179	235804158	179158	248450203	0.000894798	0.000777912	0	0.00383214	1386.77	2515.04	5	9422	
109	110	1	6	3	3	239359	261845959	280972	273677534	0.000874375	0.000628315	0	0.00408214	974.038	2060.28	4	9422	
109	110	1	7	1	3	153058	288708907	164690	301237739	0.00108938	0.000711721	0	0.00383214	1829.12	2442.03	5	9422	
110	111	1	1	2	3	88411	176047600	134069	186147524	0.000857496	0.00091933	0	0.00408214	1388.45	2897.22	4	9422	
110	111	6	2	2	3	208283	259190655	234688	266647083	0.000936971	0.000662104	0	0.00408214	1136.18	2247.73	4	9422	
110	111	8	3	1	3	223205	253526487	271334	267054975	0.000855277	0.000654402	0	0.00408214	984.23	2093.3	4	9422	
110	111	1	4	1	3	204657	290836783	253876	315580935	0.000865834	0.000693591	0	0.00408214	1243.05	2143.16	5	9422	
110	111	1	5	1	3	146911	237871194	181944	250524373	0.000895822	0.000774648	0	0.00383214	1376.93	2508.92	5	9422	
110	111	1	6	3	3	239536	263112298	281322	274954839	0.000874931	0.000630127	0	0.00408214	977.367	2066.91	4	9422	
110	111	7	7	1	3	154363	291319272	166115	303985353	0.00108974	0.000711935	0	0.00383214	1829.97	2441.79	5	9422	
111	112	6	1	1	3	90434	178085217	136497	188277517	0.000857779	0.000915292	0	0.00408214	1379.35	2885.59	4	9422	
111	112	1	2	2	3	210276	260792665	236733	268253209	0.000937464	0.000661527	0	0.00408214	1133.15	2248.99	4	9422	
111	112	1	3	5	3	226451	257219303	274906	270907427	0.000856077	0.000653262	0	0.00408214	985.455	2088.66	4	9422	
111	112	2	4	1	3	206108	293649279	255431	318483128	0.000866619	0.000693598	0	0.00408214	1246.85	2144.84	5	9422	
111	112	4	5	1	3	150344	241526438	185766	254322008	0.000895001	0.000770277	0	0.00383214	1369.04	2495.8	5	9422	
111	112	1	6	2	3	239991	264647782	281856	276509485	0.000875843	0.000631623	0	0.00408214	981.031	2072.84	4	9422	
111	112	1	7	7	3	155447	293911063	167369	306799613	0.00109095	0.000712615	0	0.00383214	1833.07	2443.21	5	9422	
112	113	6	1	2	3	91540	179657884	138137	189937966	0.000857463	0.000914431	0	0.00408214	1375	2881.3	4	9422	
112	113	1	2	4	3	211264	262852563	237812	270340664	0.000938165	0.000662618	0	0.00408214	1136.78	2253.21	4	9422	
112	113	8	3	5	3	228556	259076620	277881	272977294	0.000855145	0.00065365	0	0.00408214	982.353	2086.97	4	9422	
112	113	2	4	1	3	208429	296892888	258121	322014863	0.000866591	0.000692845	0	0.00408214	1247.53	2142.55	5	9422	
112	113	1	5	6	3	153400	244722036	189331	257725442	0.000894106	0.00076703	0	0.00383214	1361.24	2484.4	5	9422	
112	113	1	6	3	3	241236	266245825	283237	278125553	0.000876587	0.000632272	0	0.00408214	981.953	2076.78	4	9422	
112	113	7	7	1	3	156598	296570461	168688	309685976	0.00109178	0.000712994	0	0.00383214	1835.85	2444.12	5	9422	
113	114	1	1	2	3	91721	180966986	138344	191248197	0.000859633	0.000916694	0	0.00408214	1382.41	2890.17	4	9422	
113	114	1	2	4	3	212044	264265112	239844	272057868	0.000934925	0.000665615	0	0.00408214	1134.31	2253.35	4	9422	
113	114	1	3	5	3	230574	262789952	280128	276814644	0.00085588	0.000653633	0	0.00408214	988.172	2087.59	4	9422	
113	114	2	4	1	3	210684	299526883	260417	324676725	0.000867609	0.000692028	0	0.00408214	1246.76	2142.21	5	9422	
113	114	4	5	1	3	155037	247199748	192570	261044453	0.000888267	0.00076729	0	0.00383214	1355.58	2474.97	5	9422	
113	114	1	6	3	3	241610	267590642	283645	279472195	0.000877799	0.000633966	0	0.00408214	985.289	2083.83	4	9422	
113	114	7	7	1	3	157737	299203238	169922	312431022	0.0010922	0.000713368	0	0.00383214	1838.67	2445.85	5	9422	
114	115	1	1	2	3	91995	182379968	138764	192701952	0.000860784	0.000918734	0	0.00408214	1388.7	2897.68	4	9422	
114	115	6	2	2	3	214597	266552395	242474	274357156	0.000935525	0.00066472	0	0.00408214	1131.49	2251.38	4	9422	
114	115	1	3	5	3	230793	264052636	280481	278097741	0.000856597	0.000655328	0	0.00408214	991.503	2094.02	4	9422	
114	115	2	4	1	3	212834	302148460	262617	327323910	0.000868685	0.000691416	0	0.00408214	1246.39	2142.12	5	9422	
114	115	4	5	1	3	156586	248966263	194915	263095432	0.000886511	0.00076731	0	0.00383214	1349.8	2471.44	5	9422	
114	115	8	6	2	3	242231	269687063	284262	281563325	0.000879173	0.000635861	0	0.00408214	990.506	2090.2	4	9422	
114	115	7	7	1	3	159540	301830677	171785	315115605	0.00109177	0.000712734	0	0.00383214	1834.36	2444.53	5	9422	
115	116	1	1	2	3	92138	183656261	139003	193974967	0.000862368	0.000920766	0	0.00408214	1395.47	2905.6	4	9422	
115	116	6	2	2	3	215150	268592453	243115	276416341	0.000936344	0.000666122	0	0.00408214	1136.98	2256.99	4	9422	
115	116	1	3	5	3	231384	265446214	281271	279513658	0.000857309	0.000656664	0	0.00408214	993.752	2099.81	4	9422	
115	116	1	4	1	3	214738	304786191	264627	330039693	0.000870162	0.000691446	0	0.00408214	1247.19	2142.59	5	9422	
115	116	1	5	6	3	157984	250591991	196926	264821078	0.000885782	0.000767573	0	0.00383214	1344.77	2470.65	5	9422	
115	116	1	6	3	3	244397	273446060	286731	285398159	0.00087916	0.000635733	0	0.00408214	995.352	2090.83	4	9422	
115	116	7	7	1	3	160757	304465392	173082	317859307	0.0010919	0.000712964	0	0.00383214	1836.47	2445.4	5	9422	
116	117	1	1	2	3	93273	185230299	140217	195557587	0.000865107	0.000920209	0	0.00408214	1394.68	2906.13	4	9422	
116	117	6	2	2	3	215342	269910617	243454	277746925	0.000936987	0.000667952	0	0.00408214	1140.86	2264.07	4	9422	
116	117	8	3	5	3	233941	267506574	284319	281631276	0.00085732	0.000655992	0	0.00408214	990.547	2097.23	4	9422	
116	117	2	4	1	3	216586	307414822	266572	332721601	0.000871393	0.000691344	0	0.00408214	1248.15	2143.11	5	9422	
116	117	4	5	1	3	159470	252324604	198801	266667838	0.000886132	0.000767597	0	0.00383214	1341.38	2469.85	5	9422	
116	117	8	6	2	3	247026	275685596	290006	287843552	0.000878806	0.000635444	0	0.00408214	992.543	2088.14	4	9422	
116	117	1	7	1	3	162044	307096655	174448	320582605	0.00109198	0.000713057	0	0.00383214	1837.7	2446.11	5	9422	
117	118	1	1	2	3	93618	186577651	140563	196913637	0.000867409	0.000922196	0	0.00408214	1400.89	2913.89	4	9422	
117	118	1	2	4	3	215710	271262183	243970	279117094	0.00093769	0.000669733	0	0.00408214	1144.06	2270.62	4	9422	
117	118	1	3	5	3	235119	269282002	285767	283449236	0.000857824	0.000656693	0	0.00408214	991.889	2100.47	4	9422	
117	118	2	4	1	3	219333	310045290	269425	335390285	0.00087264	0.000690189	0	0.00408214	1244.84	2140.18	5	9422	
117	118	1	5	6	3	160754	254530837	200068	268870093	0.000887377	0.00076746	0	0.00383214	1343.89	2471.7	5	9422	
117	118	1	6	3	3	247847	277558693	291114	289934422	0.000878834	0.000636723	0	0.00408214	995.948	2092.19	4	9422	
117	118	7	7	1	3	163173	309682400	175685	323305031	0.00109243	0.000713381	0	0.00383214	1840.25	2447.22	5	9422	
118	119	1	1	2	3	93961	188122136	141162	198499722	0.000868365	0.000923706	0	0.00408214	1406.18	2918.89	4	9422	
118	119	1	2	2	3	217130	272831296	245410	280688589	0.000938909	0.000670215	0	0.00408214	1143.75	2272.96	4	9422	
118	119	1	3	5	3	235262	270576536	286081	284764491	0.000858382	0.000658412	0	0.00408214	995.398	2107.3	4	9422	
118	119	2	4	1	3	221749	312676666	272031	338104590	0.00087344	0.000689496	0	0.00408214	1242.89	2138.76	5	9422	
118	119	4	5	1	3	161020	255911535	201111	270907210	0.000885152	0.000769729	0	0.00383214	1347.05	2474.7	5	9422	
118	119	8	6	2	3	248370	279570906	291564	291940342	0.000879874	0.000638067	0	0.00408214	1001.29	2099.27	4	9422	
118	119	7	7	1	3	164315	312347909	176919	326092134	0.00109282	0.00071376	0	0.00383214	1843.17	2448.55	5	9422	
119	120	6	1	2	3	94437	190012773	141735	200419261	0.000870143	0.000924757	0	0.00408214	1414.04	2923.5	4	9422	
119	120	1	2	4	3	217674	274655755	246031	282527526	0.000939985	0.000671683	0	0.00408214	1148.34	2279.08	4	9422	
119	120	1	3	5	3	237024	272434111	288591	286779410	0.000857622	0.000659104	0	0.00408214	993.723	2107.21	4	9422	
119	120	2	4	1	3	224005	315269877	274336	340720242	0.000874419	0.000688757	0	0.00408214	1241.98	2138.25	5	9422	
119	120	1	5	6	3	162205	257499482	203915	273007917	0.000879828	0.000770736	0	0.00383214	1338.83	2469.35	5	9422	
119	120	1	6	3	3	248599	280897448	292119	293297012	0.000880015	0.000640147	0	0.00408214	1004.03	2105.49	4	9422	
119	120	7	7	1	3	165544	314946537	178202	328765099	0.00109274	0.000713855	0	0.00383214	1844.9	2449.39	5	9422	
120	121	1	1	2	3	94636	191301712	142012	201716464	0.000872155	0.000926979	0	0.00408214	1420.42	2930.96	4	9422	
120	121	1	2	4	3	217878	275971325	246295	283842489	0.000940944	0.000673439	0	0.00408214	1152.45	2286.16	4	9422	
120	121	8	3	1	3	239619	274434608	291706	288867566	0.000857388	0.000658556	0	0.00408214	990.27	2105.63	4	9422	
120	121	2	4	1	3	226105	317912751	276475	343382263	0.000875205	0.000688124	0	0.00408214	1242	2139.12	5	9422	
120	121	4	5	6	3	163613	259822042	205894	275421122	0.00087909	0.00077075	0	0.00383214	1337.68	2468.7	5	9422	
120	121	1	6	3	3	249802	282357578	293695	294787589	0.000879973	0.00064104	0	0.00408214	1003.72	2108.78	4	9422	
120	121	7	7	1	3	167743	316876298	180446	330703202	0.00109148	0.000712389	0	0.00383214	1832.7	2449.15	5	9422	
121	122	1	1	2	3	94876	192627786	142258	203042928	0.000874769	0.000929266	0	0.00408214	1427.29	2939.11	4	9422	
121	122	1	2	4	3	218368	277972835	246821	285860006	0.000941921	0.000674817	0	0.00408214	1158.17	2291.77	4	9422	
121	122	8	3	1	3	242526	277153408	295050	291687800	0.000857711	0.000657745	0	0.00458214	988.605	2101.79	4	9422	
121	122	2	4	1	3	228887	320576226	279353	346067610	0.000876052	0.000686767	0	0.00408214	1238.82	2137.43	5	9422	
121	122	4	5	6	3	165855	262829217	209376	278865407	0.000875474	0.000769631	0	0.00383214	1331.89	2458.53	5	9422	
121	122	8	6	2	3	251104	284355301	295093	296805267	0.000880739	0.000641555	0	0.00408214	1005.8	2112.38	4	9422	
121	122	7	7	1	3	169550	320232912	182334	334157470	0.00109106	0.000711742	0	0.00383214	1832.67	2447.26	5	9422	
122	123	6	1	1	3	97072	195024694	145075	205598350	0.000874458	0.000925055	0	0.00408214	1417.19	2924.45	4	9422	
122	123	6	2	2	3	218844	279402698	247667	287424845	0.000941638	0.00067647	0	0.00408214	1160.53	2296.56	4	9422	
122	123	8	3	5	3	244845	279127151	298515	293881288	0.000855719	0.000657818	0	0.00458214	984.477	2098.9	4	9422	
122	123	1	4	1	3	230244	323187733	280828	348826897	0.000877279	0.000687129	0	0.00408214	1242.14	2139.38	5	9422	
122	123	4	5	1	3	168227	264913029	212554	281158007	0.000873757	0.000768124	0	0.00383214	1322.76	2451.99	5	9422	
122	123	8	6	2	3	254138	287767199	298747	300517737	0.000879799	0.000640645	0	0.00408214	1005.93	2107.39	4	9422	
122	123	7	7	1	3	170790	322853329	183664	336896464	0.00109135	0.000711938	0	0.00383214	1834.31	2447.8	5	9422	
123	124	6	1	2	3	98481	197143697	147771	208073094	0.000869122	0.000922726	0	0.00408214	1408.08	2911.4	4	9422	
123	124	6	2	2	3	221883	281792612	251190	289913307	0.000940641	0.000675039	0	0.00408214	1154.16	2290.23	4	9422	
123	124	8	3	5	3	246068	280927464	301488	296121435	0.000852055	0.000659451	0	0.00458214	982.2	2096.77	4	9422	
123	124	2	4	1	3	232919	325836621	283583	351495478	0.000878301	0.000686144	0	0.00408214	1239.48	2137.56	5	9422	
123	124	4	5	6	3	170598	267757024	215852	284222057	0.000871303	0.000766502	0	0.00383214	1316.75	2444.62	5	9422	
123	124	8	6	2	3	257726	291400906	302444	304208805	0.00088012	0.000638776	0	0.00408214	1005.84	2102.89	4	9422	
123	124	1	7	1	3	173223	325488924	186143	339557552	0.0010897	0.00071013	0	0.00383214	1824.18	2444.56	5	9422	
124	125	6	1	1	3	101182	200448411	151094	211615141	0.000868239	0.000917055	0	0.00408214	1400.55	2892.03	4	9422	
124	125	1	2	2	3	223752	283830899	253171	291970529	0.000940978	0.000674628	0	0.00408214	1153.25	2290.45	4	9422	
124	125	1	3	5	3	246889	282624511	304543	298181512	0.000847021	0.000661815	0	0.00458214	979.111	2095.63	4	9422	
124	125	2	4	1	3	234896	328463700	285636	354164734	0.000879208	0.000685785	0	0.00408214	1239.92	2138.01	5	9422	
124	125	1	5	6	3	172627	270263269	218549	286917393	0.000870577	0.000765752	0	0.00383214	1312.83	2440.26	5	9422	
124	125	8	6	2	3	261300	294115049	306139	306951995	0.00088041	0.000636983	0	0.00408214	1002.66	2098.73	4	9422	
124	125	7	7	1	3	175435	328121150	188460	342249999	0.00108893	0.000709002	0	0.00383214	1816.04	2441.55	5	9422	
125	126	6	1	1	3	103517	204912427	154512	217022384	0.000865167	0.000912733	0	0.00408214	1404.57	2870.39	4	9422	
125	126	1	2	4	3	223908	285118499	253382	293260771	0.000941988	0.00067632	0	0.00408214	1157.39	2297.29	4	9422	
125	126	1	3	1	3	247580	284082719	306041	299718544	0.000845957	0.000663388	0	0.00458214	979.341	2099.06	4	9422	
125	126	2	4	1	3	236801	331079432	288112	356954702	0.000878522	0.000685818	0	0.00408214	1238.94	2137.92	5	9422	
125	126	1	5	6	3	173301	271822173	220249	288840972	0.000868668	0.000767682	0	0.00383214	1311.43	2440.51	5	9422	
125	126	1	6	3	3	263845	297193872	308872	310048628	0.000880608	0.000636318	0	0.00408214	1003.81	2098.24	4	9422	
125	126	7	7	1	3	176972	330736164	190056	344913320	0.00108858	0.000708884	0	0.00383214	1814.8	2441.33	5	9422	
126	127	1	1	1	3	106582	208674256	157737	220828195	0.000866614	0.00090652	0	0.00408214	1399.98	2852.15	4	9422	
126	127	1	2	4	3	224314	286416721	253955	294571070	0.000942487	0.00067784	0	0.00408214	1159.93	2302.7	4	9422	
126	127	8	3	1	3	249896	286114031	309334	301948292	0.000844971	0.000663638	0	0.00458214	976.124	2096.61	4	9422	
126	127	1	4	1	3	238072	333578158	289428	359501031	0.000879354	0.000686133	0	0.00408214	1242.11	2140.97	5	9422	
126	127	4	5	1	3	173893	273695066	220928	290723736	0.000870002	0.000768989	0	0.00383214	1315.92	2445.56	5	9422	
126	127	1	6	3	3	264343	298485699	309406	311342490	0.000881686	0.000637661	0	0.00408214	1006.26	2103.6	4	9422	
126	127	7	7	1	3	178308	333365438	191477	347662418	0.00108871	0.00070899	0	0.00383214	1815.69	2441.92	5	9422	
127	128	6	1	1	3	108259	211900037	159588	224098855	0.000867993	0.000904356	0	0.00408214	1404.23	2846.25	4	9422	
127	128	1	2	4	3	224608	287733300	254245	295879864	0.000943976	0.000679633	0	0.00408214	1163.76	2309.29	4	9422	
127	128	1	3	5	3	252449	288330844	312258	304244851	0.000845583	0.000663241	0	0.00458214	974.338	2094.8	4	9422	
127	128	2	4	1	3	239720	336352431	291176	362294878	0.000880103	0.000686107	0	0.00408214	1244.25	2143.18	5	9422	
127	128	1	5	6	3	176239	275600450	223441	292665832	0.00087094	0.000767367	0	0.00383214	1309.81	2442.49	5	9422	
127	128	1	6	3	3	264850	300128818	309902	312983115	0.000882564	0.000638945	0	0.00408214	1009.94	2109.03	4	9422	
127	128	7	7	1	3	179912	336000142	193166	350392986	0.00108854	0.000708649	0	0.00383214	1813.95	2441.74	5	9422	
128	129	1	1	2	3	110233	214113937	162778	226804662	0.000863919	0.000901025	0	0.00408214	1393.34	2831.71	4	9422	
128	129	6	2	2	3	226853	291720283	256531	299878255	0.000944081	0.000678661	0	0.00408214	1168.97	2307.28	4	9422	
128	129	8	3	1	3	253388	289817156	313242	305743411	0.000846928	0.000664361	0	0.00458214	976.061	2098.93	4	9422	
128	129	2	4	1	3	241491	338964652	293053	365000805	0.000881214	0.000686133	0	0.00408214	1245.51	2143.95	5	9422	
128	129	4	5	1	3	179070	278629797	227205	295943001	0.000868869	0.000765256	0	0.00383214	1302.54	2432.28	5	9422	
128	129	1	6	3	3	265071	301431792	310067	314270749	0.000883523	0.000640443	0	0.00408214	1013.56	2115.61	4	9422	
128	129	7	7	1	3	181679	338630120	195006	353095301	0.0010879	0.000708089	0	0.00383214	1810.69	2440.47	5	9422	
129	130	6	1	1	3	111689	215641589	164299	228327384	0.000866026	0.00089957	0	0.00408214	1389.71	2830.67	4	9422	
129	130	1	2	4	3	228261	294530311	258060	302718809	0.000944322	0.000678869	0	0.00408214	1173.06	2309.42	4	9422	
129	130	8	3	5	3	254536	291463158	315980	307757016	0.000844227	0.000666086	0	0.00458214	973.976	2097.98	4	9422	
129	130	1	4	1	3	242683	341600846	294373	367807384	0.000882525	0.000686663	0	0.00408214	1249.46	2146.41	5	9422	
129	130	4	5	6	3	181717	284427558	230782	303052101	0.000866773	0.000763339	0	0.00383214	1313.15	2422.23	5	9422	
129	130	1	6	3	3	265594	302792748	310808	315647509	0.000883891	0.000641768	0	0.00408214	1015.57	2120.83	4	9422	
129	130	7	7	1	3	183256	341260754	196692	355784455	0.0010875	0.000707934	0	0.00383214	1808.84	2440.45	5	9422	
130	131	1	1	2	3	112590	217189415	165713	229926564	0.000865785	0.000899491	0	0.00408214	1387.5	2830.28	4	9422	
130	131	6	2	2	3	230613	297356390	260525	305557614	0.000944397	0.000677917	0	0.00408214	1172.85	2307.65	4	9422	
130	131	8	3	1	3	257107	293929204	319378	310338405	0.00084317	0.000665567	0	0.00458214	971.696	2094.94	4	9422	
130	131	2	4	1	3	244679	344218641	296409	370447738	0.000883413	0.000686225	0	0.00408214	1249.79	2147.14	5	9422	
130	131	1	5	6	3	182246	286733281	232128	306251882	0.000865008	0.000764797	0	0.00383214	1319.32	2424.41	5	9422	
130	131	8	6	3	3	267660	304371391	313758	317307030	0.000882193	0.000642124	0	0.00408214	1011.31	2119.81	4	9422	
130	131	1	7	1	3	184612	343887544	198173	358558072	0.00108784	0.000708171	0	0.00383214	1809.32	2439.95	5	9422	
131	132	6	1	1	3	112797	218506563	165913	231253032	0.000867579	0.000901322	0	0.00408214	1393.82	2838.12	4	9422	
131	132	6	2	2	3	232061	299680782	262271	307920571	0.000944191	0.000678371	0	0.00408214	1174.05	2308.61	4	9422	
131	132	8	3	1	3	260337	297062831	322905	313658633	0.000843882	0.000664371	0	0.00458214	971.365	2092.05	4	9422	
131	132	2	4	1	3	247652	346843611	299418	373079458	0.00088413	0.000684658	0	0.00408214	1246.02	2144.71	5	9422	
131	132	1	5	1	3	184628	289382203	235050	309148904	0.000864532	0.000763384	0	0.00408214	1315.25	2419.42	5	9422	
131	132	1	6	3	3	268229	305698001	314362	318635435	0.000883117	0.000643283	0	0.00408214	1013.59	2125.1	4	9422	
131	132	7	7	1	3	186059	346523291	199746	361329327	0.001088	0.000708097	0	0.00383214	1808.94	2439.1	5	9422	
132	133	6	1	1	3	114936	221033022	168537	233964736	0.000866548	0.00089776	0	0.00408214	1388.21	2827.09	4	9422	
132	133	6	2	2	3	235172	302659623	265531	310934478	0.000943904	0.00067664	0	0.00408214	1170.99	2303.29	4	9422	
132	133	1	3	1	3	262811	300049438	326280	317104709	0.000842957	0.000664159	0	0.00458214	971.879	2088.96	4	9422	
132	133	2	4	1	3	249541	349469209	301399	375776391	0.000884997	0.00068442	0	0.00408214	1246.77	2145.71	5	9422	
132	133	4	5	1	3	188027	292006103	238980	311906769	0.000863619	0.000760064	0	0.00408214	1305.16	2410.53	5	9422	
132	133	1	6	3	3	270396	307300158	316696	320252166	0.000883815	0.000642946	0	0.00408214	1011.23	2126.07	4	9422	
132	133	7	7	1	3	188477	349108834	202248	363947282	0.00108673	0.00070676	0	0.00383214	1799.51	2435.98	5	9422	
133	134	1	1	2	3	116892	223150938	171493	236274163	0.000863481	0.000894658	0	0.00408214	1377.75	2814.45	4	9422	
133	134	1	2	2	3	238798	307470987	269340	315874578	0.000943158	0.000674168	0	0.00408214	1172.77	2295.28	4	9422	
133	134	8	3	1	3	266331	302287862	330005	319369640	0.000843726	0.000662402	0	0.00458214	967.772	2085.22	4	9422	
133	134	2	4	1	3	251596	352106431	303533	378476852	0.000885978	0.00068409	0	0.00408214	1246.91	2145.65	5	9422	
133	134	4	5	1	3	191235	294987991	242262	314903387	0.00086464	0.000757089	0	0.00408214	1299.85	2405.01	5	9422	
133	134	1	6	3	3	273080	309123890	320090	322156672	0.000882779	0.000642504	0	0.00408214	1006.46	2123.91	4	9422	
133	134	7	7	1	3	189838	351772612	203749	366786980	0.00108706	0.000706896	0	0.00383214	1800.19	2435.52	5	9422	
134	135	6	1	2	3	118194	224858319	174034	238228173	0.000860322	0.000893531	0	0.00408214	1368.86	2806.4	4	9422	
134	135	6	2	2	3	241620	309257641	272336	317679615	0.000943012	0.000672753	0	0.00408214	1166.5	2292.15	4	9422	
134	135	8	3	1	3	270065	306248154	333830	323373711	0.000844824	0.000660638	0	0.00458214	968.678	2080.37	4	9422	
134	135	2	4	1	3	253907	354746961	305923	381160473	0.000886849	0.000683419	0	0.00408214	1245.94	2145.26	5	9422	
134	135	1	5	6	3	193579	297972014	245218	318206394	0.000863634	0.000755668	0	0.00408214	1297.65	2399.83	5	9422	
134	135	1	6	2	3	273919	310470204	321044	323510233	0.00088358	0.000643373	0	0.00408214	1007.68	2128.13	4	9422	
134	135	7	7	1	3	191262	354404590	205253	369513768	0.00108689	0.000706791	0	0.00383214	1800.28	2434.67	5	9422	
135	136	1	1	2	3	119376	226389176	176072	239843644	0.000858451	0.00089253	0	0.00408214	1362.19	2802.44	4	9422	
135	136	6	2	2	3	244449	311259073	275250	319691128	0.000943035	0.000671248	0	0.00408214	1161.46	2289.57	4	9422	
135	136	8	3	1	3	273835	310021539	337714	327188852	0.000845795	0.000658825	0	0.00458214	968.834	2076.23	4	9422	
135	136	2	4	1	3	256863	357268755	309266	383820218	0.000886928	0.000682373	0	0.00408214	1241.07	2141.92	5	9422	
135	136	1	5	6	3	193758	299323140	245410	319558885	0.000864896	0.000757424	0	0.00408214	1302.14	2406.95	5	9422	
135	136	8	6	2	3	274349	311778865	321485	324809986	0.000884619	0.000644587	0	0.00408214	1010.34	2133.62	4	9422	
135	136	7	7	1	3	192425	357017088	206526	372275463	0.00108728	0.000707055	0	0.00383214	1802.56	2435.76	5	9422	
136	137	1	1	2	3	120157	227802889	176929	241253246	0.000860097	0.000892745	0	0.00408214	1363.56	2806.1	4	9422	
136	137	6	2	2	3	247574	314109955	278919	322722975	0.00094169	0.000670128	0	0.00408214	1157.05	2283.6	4	9422	
136	137	8	3	1	3	276266	312240196	340817	329472260	0.000845401	0.000658578	0	0.00458214	966.713	2075.03	4	9422	
136	137	1	4	1	3	258771	360030022	311616	386834895	0.000886777	0.000682299	0	0.00408214	1241.38	2140.88	5	9422	
136	137	1	5	6	3	193901	300659113	245659	320905684	0.000865766	0.000759002	0	0.00408214	1306.31	2413.68	5	9422	
136	137	1	6	3	3	276909	313520842	324197	326565087	0.000885165	0.000643812	0	0.00408214	1007.3	2133.08	4	9422	
136	137	7	7	1	3	193636	359653894	207847	375058153	0.00108763	0.000707271	0	0.00383214	1804.49	2436.39	5	9422	
137	138	1	1	2	3	120670	229328050	177400	242774559	0.000861798	0.00089379	0	0.00408214	1368.51	2811.94	4	9422	
137	138	6	2	2	3	251115	316701497	282569	325336840	0.000941977	0.000668276	0	0.00408214	1151.35	2277.81	4	9422	
137	138	8	3	1	3	278493	315063007	343625	332408186	0.000845209	0.000658442	0	0.00458214	967.357	2074.95	4	9422	
137	138	2	4	1	3	260210	362636322	313142	389526571	0.000887723	0.000682463	0	0.00408214	1243.93	2143.08	5	9422	
137	138	1	5	6	3	194062	301998053	245915	322254406	0.000866722	0.000760683	0	0.00408214	1310.43	2420.37	5	9422	
137	138	8	6	2	3	278218	314908531	325623	327969946	0.000885915	0.000644262	0	0.00408214	1007.21	2135.87	4	9422	
137	138	1	7	1	3	195009	362285874	209341	377832713	0.00108786	0.00070738	0	0.00383214	1804.87	2436.27	5	9422	
138	139	1	1	2	3	121202	231221784	177987	244687780	0.000863297	0.000894651	0	0.00408214	1374.75	2816.85	4	9422	
138	139	6	2	2	3	252760	318743490	285408	327653729	0.000939178	0.000669674	0	0.00408214	1148.02	2275.09	4	9422	
138	139	1	3	5	3	280380	317177242	345696	334550312	0.000845758	0.000658305	0	0.00458214	967.759	2076.1	4	9422	
138	139	1	4	1	3	261498	365282506	314597	392365043	0.00088909	0.000682982	0	0.00408214	1247.2	2144.99	5	9422	
138	139	1	5	6	3	194225	303337680	246217	323608216	0.00086753	0.000762315	0	0.00408214	1314.32	2426.84	5	9422	
138	139	8	6	2	3	281015	316720990	328590	329798360	0.000886432	0.000643442	0	0.00408214	1003.68	2134.24	4	9422	
138	139	7	7	1	3	196501	364911760	210919	380552959	0.00108769	0.000707189	0	0.00383214	1804.26	2435.16	5	9422	
139	140	6	1	1	3	121441	232558074	178283	246026792	0.000864938	0.000896209	0	0.00408214	1379.98	2823.74	4	9422	
139	140	1	2	4	3	253988	320495715	287766	329632244	0.000936599	0.000671323	0	0.00408214	1145.49	2274.44	4	9422	
139	140	1	3	5	3	280867	318949948	346273	336336635	0.000846523	0.000659475	0	0.00458214	971.305	2081.44	4	9422	
139	140	2	4	1	3	262813	367894548	316041	395143104	0.000890231	0.000683387	0	0.00408214	1250.29	2147.21	5	9422	
139	140	4	5	6	3	195520	306253175	248170	326827180	0.000866604	0.000762533	0	0.00408214	1316.95	2426.56	5	9422	
139	140	1	6	3	3	281439	318020057	328993	331095329	0.000887365	0.000644802	0	0.00408214	1006.39	2139.48	4	9422	
139	140	1	7	7	3	197661	367520521	212236	383368797	0.00108842	0.000707545	0	0.00383214	1806.33	2435.48	5	9422	
140	141	1	1	2	3	121584	233821406	178502	247296765	0.00086628	0.000897871	0	0.00408214	1385.4	2830.19	4	9422	
140	141	1	2	4	3	254131	321843061	288032	330991638	0.000937223	0.000672864	0	0.00408214	1149.15	2280.96	4	9422	
140	141	1	3	5	3	281675	321380343	347544	338906736	0.000846419	0.000660614	0	0.00458214	975.148	2085.16	4	9422	
140	141	1	4	1	3	264717	370148845	318467	397525690	0.000889627	0.000683343	0	0.00408214	1248.25	2147.01	5	9422	
140	141	4	5	6	3	198098	308909536	251292	329600970	0.000866084	0.000760826	0	0.00408214	1311.63	2420.53	5	9422	
140	141	1	6	3	3	282056	320169244	329710	333329356	0.000887925	0.000645993	0	0.00408214	1010.98	2144.66	4	9422	
140	141	7	7	1	3	199644	370028070	214608	386001683	0.00108606	0.000707387	0	0.00383214	1798.64	2433.34	5	9422	
141	142	1	1	2	3	121727	235138957	178704	248620401	0.000867702	0.000899528	0	0.00408214	1391.24	2837.42	4	9422	
141	142	1	2	4	3	254274	323190407	288212	332332959	0.000938116	0.000674296	0	0.00408214	1153.09	2287.65	4	9422	
141	142	1	3	5	3	283271	322981327	349226	340515522	0.000847579	0.000660988	0	0.00458214	975.058	2087.2	4	9422	
141	142	2	4	1	3	265809	371852798	319665	399261053	0.000890308	0.000683819	0	0.00408214	1249	2150.2	5	9422	
141	142	4	5	1	3	201570	311906133	255270	332797549	0.000865299	0.000757649	0	0.00408214	1303.71	2410.85	5	9422	
141	142	1	6	3	3	282382	321631285	330510	335116046	0.000887482	0.00064763	0	0.00408214	1013.94	2148.87	4	9422	
141	142	7	7	1	3	201588	372771059	216613	388762049	0.00108523	0.000706712	0	0.00383214	1794.73	2432.7	5	9422	
142	143	1	1	2	3	122569	236644559	179988	250283271	0.000867316	0.000899357	0	0.00408214	1390.56	2837.63	4	9422	
142	143	6	2	2	3	255591	325357067	289749	334569854	0.000938089	0.000674634	0	0.00408214	1154.69	2289.37	4	9422	
142	143	8	3	1	3	286087	326198989	352638	343962312	0.000847804	0.00066075	0	0.00458214	975.398	2084.24	4	9422	
142	143	2	4	1	3	267819	374863738	322673	402782647	0.000888346	0.000683997	0	0.00408214	1248.27	2148.58	5	9422	
142	143	1	5	6	3	203609	314783177	257657	335885561	0.000865344	0.000756639	0	0.00408214	1303.62	2408.58	5	9422	
142	143	1	6	3	3	282938	323364541	330994	336844670	0.000888246	0.000648665	0	0.00408214	1017.68	2154	4	9422	
142	143	7	7	1	3	204086	375428817	219152	391433532	0.00108399	0.000705293	0	0.00383214	1786.13	2429.18	5	9422	
143	144	6	1	1	3	124922	238908793	182634	252596776	0.000867724	0.000895583	0	0.00408214	1383.08	2827.64	4	9422	
143	144	6	2	2	3	259154	329545470	293527	338882991	0.00093776	0.00067255	0	0.00408214	1154.52	2282.02	4	9422	
143	144	8	3	1	3	289571	329817755	356231	347619023	0.000849313	0.000659716	0	0.00458214	975.825	2081.09	4	9422	
143	144	1	4	1	3	270051	378418072	325801	406742493	0.000886848	0.000683961	0	0.00408214	1248.44	2145.77	5	9422	
143	144	1	5	6	3	203916	316201438	258156	337400430	0.000865832	0.000758159	0	0.00408214	1306.96	2413.72	5	9422	
143	144	1	6	3	3	283081	324641203	331137	338121332	0.000889158	0.000650007	0	0.00408214	1021.09	2159.92	4	9422	
143	144	7	7	1	3	205575	378053021	220696	394120410	0.00108375	0.000705107	0	0.00383214	1785.81	2429.17	5	9422	
144	145	1	1	2	3	125478	240560986	183562	254414522	0.000867882	0.00089618	0	0.00408214	1385.99	2829.61	4	9422	
144	145	6	2	2	3	261630	333888958	297011	344012182	0.00093556	0.000672745	0	0.00408214	1158.25	2276.07	4	9422	
144	145	8	3	1	3	292225	334227084	359562	352731536	0.000849461	0.00065977	0	0.00458214	981.003	2079.32	4	9422	
144	145	2	4	1	3	272134	381052915	327972	409414041	0.000887738	0.000683645	0	0.00408214	1248.32	2146.28	5	9422	
144	145	1	5	1	3	204164	317516293	258299	338704260	0.000867014	0.00075961	0	0.00408214	1311.29	2420.13	5	9422	
144	145	1	6	3	3	283223	325876693	331280	339366244	0.000890069	0.000651345	0	0.00408214	1024.41	2165.5	4	9422	
144	145	1	7	1	3	207388	380675575	222600	396826625	0.00108333	0.000704521	0	0.00383214	1782.69	2428.28	5	9422	
145	146	1	1	2	3	125620	241825858	183800	255693455	0.000869092	0.000897788	0	0.00408214	1391.15	2835.9	4	9422	
145	146	6	2	2	3	264887	337880147	300692	348280684	0.00093491	0.000671503	0	0.00408214	1158.26	2269.44	4	9422	
145	146	1	3	1	3	294353	337493858	361852	356058979	0.000850457	0.000659754	0	0.00458214	983.991	2079.69	4	9422	
145	146	2	4	1	3	273372	383693543	329374	412263919	0.000889059	0.000684185	0	0.00408214	1251.66	2148.37	5	9422	
145	146	1	5	6	3	204673	319512448	259046	340773203	0.000867293	0.000760794	0	0.00408214	1315.49	2424.01	5	9422	
145	146	1	6	3	3	283366	327216696	331423	340706247	0.000890979	0.000652677	0	0.00408214	1028.01	2171.97	4	9422	
145	146	7	7	1	3	209317	383310055	224599	399499231	0.00108289	0.000703952	0	0.00383214	1778.72	2426.92	5	9422	
146	147	1	1	2	3	125763	243133842	184316	257053283	0.000868987	0.000899343	0	0.00408214	1394.63	2840.82	4	9422	
146	147	1	2	4	3	265969	340302850	301928	350724284	0.000935296	0.000672171	0	0.00408214	1161.62	2272.13	4	9422	
146	147	1	3	1	3	296801	340322282	364344	358896470	0.000851379	0.000659307	0	0.00458214	985.048	2080.15	4	9422	
146	147	2	4	1	3	275671	386309631	331728	414909573	0.000889706	0.000683557	0	0.00408214	1250.75	2148.23	5	9422	
146	147	1	5	6	3	204816	320831240	259188	342082573	0.000868461	0.000762221	0	0.00408214	1319.82	2430.45	5	9422	
146	147	8	6	2	3	283759	328848785	332152	342393012	0.000890963	0.000654068	0	0.00408214	1030.83	2176.1	4	9422	
146	147	1	7	7	3	210673	385950207	226093	402304084	0.00108334	0.000704038	0	0.00383214	1779.37	2426.99	5	9422	
147	148	6	1	1	3	126071	244496201	185242	258478457	0.000867911	0.00090049	0	0.00408214	1395.36	2843.59	4	9422	
147	148	1	2	2	3	267309	342642335	305121	353881184	0.000930974	0.000674414	0	0.00408214	1159.81	2267.85	4	9422	
147	148	8	3	5	3	299434	343147629	367332	361786353	0.000851984	0.000659115	0	0.00458214	984.903	2078.87	4	9422	
147	148	2	4	1	3	277880	388944651	333984	417567824	0.000890461	0.000683082	0	0.00408214	1250.26	2148.22	5	9422	
147	148	1	5	6	3	205584	322286502	260125	343573990	0.000869071	0.000762916	0	0.00408214	1320.8	2433.9	5	9422	
147	148	1	6	3	3	284468	330194777	333048	343753857	0.000891579	0.00065505	0	0.00408214	1032.15	2180.13	4	9422	
147	148	7	7	1	3	212409	388349436	228441	404923862	0.00108112	0.000704967	0	0.00383214	1772.55	2424.84	5	9422	
148	149	6	1	1	3	128730	246781012	188110	260807397	0.000868749	0.000896119	0	0.00408214	1386.46	2832.91	4	9422	
148	149	6	2	4	3	269160	344686126	308620	356449947	0.000926839	0.000675561	0	0.00408214	1154.98	2263.19	4	9422	
148	149	1	3	5	3	300394	345137020	369431	364057428	0.000850428	0.000660414	0	0.00458214	985.454	2079.79	4	9422	
148	149	2	4	1	3	280898	391513143	337108	420164107	0.000891164	0.00068186	0	0.00408214	1246.38	2145.89	5	9422	
148	149	4	5	1	3	206419	324495323	261160	345812330	0.000869628	0.000763646	0	0.00408214	1324.14	2436.84	5	9422	
148	149	1	6	2	3	285641	331593469	334269	345154371	0.000892345	0.000655523	0	0.00408214	1032.56	2183.03	4	9422	
148	149	7	7	1	3	214256	391196980	230384	407853088	0.00108053	0.000704323	0	0.00383214	1770.32	2424.21	5	9422	
149	150	1	1	2	3	129034	248143530	188324	262167142	0.000870344	0.000897549	0	0.00408214	1392.11	2839.61	4	9422	
149	150	6	2	2	3	269772	346858521	309351	358646796	0.000927334	0.000676526	0	0.00408214	1159.35	2267.88	4	9422	
149	150	1	3	5	3	300536	346462031	369655	365397760	0.000851074	0.000661686	0	0.00458214	988.483	2085.68	4	9422	
149	150	1	4	1	3	282647	394101358	339144	422798485	0.000891276	0.00068189	0	0.00408214	1246.66	2147.43	5	9422	
149	150	1	5	6	3	208209	326857052	263071	348192476	0.00087039	0.000762846	0	0.00408214	1323.57	2436.49	5	9422	
149	150	8	6	2	3	287593	335291881	336336	348866630	0.000892801	0.000655323	0	0.00408214	1037.26	2183.96	4	9422	
149	150	7	7	1	3	215815	393813021	232034	410562840	0.00108051	0.000704138	0	0.00383214	1769.41	2424.37	5	9422	
150	151	6	1	2	3	129599	249836927	188978	263899621	0.000871316	0.000898306	0	0.00408214	1396.46	2843.28	4	9422	
150	151	6	2	2	3	273394	351433770	313058	363287169	0.00092775	0.000674625	0	0.00408214	1160.45	2261.75	4	9422	
150	151	1	3	5	3	300679	347762897	370000	366712751	0.000851439	0.000663023	0	0.00458214	991.116	2090.97	4	9422	
150	151	1	4	1	3	283034	395443238	339554	424142380	0.000892269	0.000683236	0	0.00408214	1249.12	2152.55	5	9422	
150	151	4	5	1	3	210262	329647561	265428	351098272	0.000870675	0.000761898	0	0.00408214	1322.76	2434.61	5	9422	
150	151	8	6	3	3	290750	337484456	339527	351066359	0.000893436	0.000654027	0	0.00408214	1033.99	2180.86	4	9422	
150	151	7	7	1	3	217140	396445321	233448	413303040	0.00108059	0.000704212	0	0.00383214	1770.43	2425.14	5	9422	
151	152	1	1	2	3	129742	251181976	189329	265299780	0.000871967	0.000899841	0	0.00408214	1401.26	2849.43	4	9422	
151	152	6	2	2	3	276622	355580518	316636	367603166	0.000927779	0.000673596	0	0.00408214	1160.96	2256.08	4	9422	
151	152	1	3	5	3	300822	349082860	370226	368037059	0.000852078	0.000664286	0	0.00458214	994.088	2096.68	4	9422	
151	152	2	4	1	3	285034	397745337	342647	426932462	0.000890443	0.000683628	0	0.00408214	1245.98	2150.43	5	9422	
151	152	1	5	6	3	210977	331929064	266211	353381623	0.000871656	0.000762633	0	0.00408214	1327.45	2438.67	5	9422	
151	152	8	6	2	3	294113	340094215	342988	353705963	0.000893947	0.000652618	0	0.00408214	1031.25	2177.4	4	9422	
151	152	1	7	1	3	218327	399089097	234793	416158989	0.00108115	0.00070446	0	0.00383214	1772.45	2425.16	5	9422	
152	153	6	1	1	3	130925	252638849	190959	266810529	0.000871738	0.000898914	0	0.00408214	1397.21	2847.17	4	9422	
152	153	6	2	2	3	279526	358669988	319693	370741105	0.000928174	0.000672493	0	0.00408214	1159.68	2252.63	4	9422	
152	153	8	3	1	3	302256	350942188	372102	370044984	0.000851876	0.000664632	0	0.00458214	994.472	2098.14	4	9422	
152	153	2	4	1	3	287048	400938598	345506	430631149	0.000889161	0.000683739	0	0.00408214	1246.38	2149.24	5	9422	
152	153	1	5	1	3	213086	334316802	268438	355794225	0.000872745	0.000761663	0	0.00408214	1325.42	2437.02	5	9422	
152	153	8	6	2	3	297417	342470170	346427	356102696	0.000894355	0.000651231	0	0.00408214	1027.93	2174.26	4	9422	
152	153	7	7	1	3	219604	401710935	236161	418888163	0.00108124	0.000704565	0	0.00383214	1773.74	2425.61	5	9422	
153	154	6	1	1	3	134165	256189906	194359	270408736	0.000872731	0.000893529	0	0.00408214	1391.28	2833.13	4	9422	
153	154	1	2	2	3	282246	361010882	322492	373110927	0.000928199	0.000671333	0	0.00408214	1156.96	2250.54	4	9422	
153	154	1	3	1	3	304913	352983604	375293	372156977	0.000851667	0.00066392	0	0.00458214	991.644	2096.64	4	9422	
153	154	2	4	1	3	288931	403012324	348628	432978873	0.0008868	0.000684187	0	0.00408214	1241.95	2147.72	5	9422	
153	154	1	5	6	3	215243	336992194	271052	358552811	0.000872276	0.000760516	0	0.00408214	1322.82	2433.25	5	9422	
153	154	8	6	2	3	300958	344628073	350151	358288162	0.000894337	0.000649595	0	0.00408214	1023.24	2170.46	4	9422	
153	154	7	7	1	3	221637	404309208	238241	421531687	0.0010807	0.000703775	0	0.00383214	1769.35	2424.23	5	9422	
154	155	6	1	1	3	137118	260733016	198070	275450121	0.000871113	0.000888765	0	0.00408214	1390.67	2815.85	4	9422	
154	155	1	2	2	3	284201	362979705	325276	375185737	0.000926534	0.00067155	0	0.00408214	1153.44	2249.03	4	9422	
154	155	8	3	1	3	308490	355205502	379152	374423650	0.000851995	0.000662337	0	0.00458214	987.529	2092.92	4	9422	
154	155	2	4	1	3	290855	407351347	350789	437655187	0.000887397	0.000684027	0	0.00408214	1247.63	2148.04	5	9422	
154	155	4	5	1	3	215895	338378596	271781	359953476	0.000873435	0.000761589	0	0.00408214	1324.42	2437.25	5	9422	
154	155	8	6	2	3	304356	347175681	353786	360898671	0.000894248	0.000648127	0	0.00408214	1020.1	2167.05	4	9422	
154	155	7	7	1	3	224417	406967723	241065	424216085	0.00107962	0.00070215	0	0.00383214	1759.76	2419.97	5	9422	
155	156	6	1	2	3	139568	263548491	201692	278730408	0.000867951	0.000885228	0	0.00408214	1381.96	2800.91	4	9422	
155	156	6	2	2	3	286607	364729580	327837	376945914	0.000926886	0.000670728	0	0.00408214	1149.8	2248.41	4	9422	
155	156	8	3	1	3	311914	357571062	382817	376828040	0.000852303	0.000660923	0	0.00458214	984.356	2090.18	4	9422	
155	156	2	4	1	3	292063	409989570	352190	440537185	0.000888622	0.000684534	0	0.00408214	1250.85	2149.99	5	9422	
155	156	1	5	6	3	217636	340851890	274358	362678864	0.00087214	0.000761402	0	0.00408214	1321.92	2434.34	5	9422	
155	156	1	6	2	3	308047	349728379	357665	363497480	0.000894201	0.0006464	0	0.00408214	1016.31	2162.67	4	9422	
155	156	7	7	1	3	226808	409538617	243543	426809872	0.0010788	0.000701173	0	0.00383214	1752.5	2417.78	5	9422	
156	157	1	1	1	3	141653	265824387	205212	281401208	0.000863774	0.000882562	0	0.00408214	1371.27	2787.85	4	9422	
156	157	6	2	2	3	289249	366525034	330728	378771364	0.00092697	0.000669755	0	0.00408214	1145.27	2246.94	4	9422	
156	157	8	3	1	3	313811	359439599	384824	378709741	0.000852953	0.000660729	0	0.00458214	984.112	2091.32	4	9422	
156	157	1	4	1	3	293476	412521480	353699	443114615	0.000889342	0.000684815	0	0.00408214	1252.8	2151.83	5	9422	
156	157	1	5	6	3	220064	342657410	276983	364511773	0.000872792	0.000759976	0	0.00408214	1316.01	2431.76	5	9422	
156	157	8	6	2	3	311564	353477415	361363	367318569	0.000894437	0.000645076	0	0.00408214	1016.48	2158.41	4	9422	
156	157	7	7	1	3	229150	412210433	245987	429534552	0.00107824	0.000700283	0	0.00383214	1746.17	2415.11	5	9422	
157	158	6	1	1	3	143579	267837110	207309	283437624	0.000864737	0.000880448	0	0.00408214	1367.22	2783.42	4	9422	
157	158	1	2	4	3	291196	368160740	332814	380427252	0.000927318	0.000669453	0	0.00408214	1143.06	2247.16	4	9422	
157	158	1	3	5	3	314502	361535715	385796	380839229	0.000853165	0.000661709	0	0.00458214	987.152	2095.31	4	9422	
157	158	1	4	1	3	294537	414161744	355520	444972366	0.000888456	0.000685852	0	0.00408214	1251.61	2153.39	5	9422	
157	158	1	5	6	3	221534	344884292	279139	366906522	0.000871835	0.000759966	0	0.00408214	1314.42	2430.23	5	9422	
157	158	8	6	2	3	312867	355022790	362781	368879348	0.00089502	0.000645568	0	0.00408214	1016.81	2161.05	4	9422	
157	158	7	7	1	3	231081	414787135	248056	432232662	0.00107824	0.000699892	0	0.00383214	1742.48	2413.8	5	9422	
158	159	6	1	1	3	147064	271735683	210928	287385084	0.000866597	0.000875589	0	0.00408214	1362.48	2768.62	4	9422	
158	159	1	2	4	3	291489	369437781	333127	381705215	0.000928207	0.000670662	0	0.00408214	1145.82	2252.05	4	9422	
158	159	1	3	5	3	314951	362886559	386298	382194857	0.000853919	0.000662899	0	0.00458214	989.378	2099.9	4	9422	
158	159	1	4	1	3	295157	415604993	356260	446419532	0.000889166	0.000686773	0	0.00408214	1253.07	2157.19	5	9422	
158	159	1	5	6	3	221677	346174964	279367	368216319	0.000872659	0.000761332	0	0.00408214	1318.04	2435.68	5	9422	
158	159	8	6	2	3	314609	357465153	364642	371346783	0.000895661	0.000645755	0	0.00408214	1018.39	2162.66	4	9422	
158	159	1	7	1	3	234209	417490421	251240	434949151	0.00107663	0.000697862	0	0.00383214	1731.21	2409.42	5	9422	
159	160	6	1	1	3	150013	274272185	214411	290045801	0.000866316	0.000871564	0	0.00408214	1352.76	2756.56	4	9422	
159	160	6	2	4	3	293520	371243943	335653	383583692	0.000927751	0.00067048	0	0.00408214	1142.8	2250.62	4	9422	
159	160	8	3	1	3	317906	365985614	389725	385386861	0.00085371	0.000662009	0	0.00458214	988.869	2097.24	4	9422	
159	160	2	4	1	3	296031	417069790	357192	447887881	0.000889922	0.000687491	0	0.00408214	1253.91	2160.46	5	9422	
159	160	1	5	6	3	221820	347474766	279599	369536146	0.00087347	0.000762693	0	0.00408214	1321.66	2441.17	5	9422	
159	160	8	6	2	3	317238	359566642	368110	373633683	0.000894211	0.000645523	0	0.00408214	1015.01	2159.49	4	9422	
159	160	7	7	1	3	236644	420137476	253730	437622231	0.00107561	0.000696608	0	0.00383214	1724.76	2407.1	5	9422	
160	161	6	1	1	3	152462	276878579	217915	292986760	0.000864164	0.000868419	0	0.00408214	1344.5	2743.95	4	9422	
160	161	6	2	2	3	295517	373670959	338512	386295381	0.000926454	0.000670643	0	0.00408214	1141.16	2247.85	4	9422	
160	161	1	3	1	3	321260	368800972	393324	388280863	0.000853947	0.000660681	0	0.00458214	987.178	2094.01	4	9422	
160	161	2	4	1	3	298577	421696915	360774	453280384	0.000888047	0.000687141	0	0.00408214	1256.41	2156.67	5	9422	
160	161	1	5	6	3	222034	348790592	279803	370843619	0.000874535	0.000764087	0	0.00408214	1325.37	2446.81	5	9422	
160	161	8	6	2	3	319830	361625647	371294	375766107	0.000893518	0.000645172	0	0.00408214	1012.04	2157.03	4	9422	
160	161	7	7	1	3	238186	422757231	255369	440342608	0.0010755	0.000696549	0	0.00383214	1724.34	2406.58	5	9422	
161	162	1	1	2	3	155299	279856980	221284	296153674	0.000864034	0.0008647	0	0.00408214	1338.34	2732.44	4	9422	
161	162	1	2	2	3	297813	375398662	341433	388123828	0.0009256	0.000670396	0	0.00408214	1136.75	2245.68	4	9422	
161	162	1	3	5	3	322989	370290362	395205	389774763	0.000854563	0.000660741	0	0.00458214	986.26	2095.5	4	9422	
161	162	2	4	1	3	300640	425662196	364088	458287611	0.000885894	0.000687417	0	0.00408214	1258.73	2154.1	5	9422	
161	162	1	5	6	3	222263	350106630	280043	372163756	0.000875845	0.000765805	0	0.00408214	1328.95	2452.35	5	9422	
161	162	1	6	3	3	322844	364495845	374748	378682018	0.000893105	0.000644405	0	0.00408214	1010.5	2154.97	4	9422	
161	162	7	7	1	3	239514	425384521	256816	443119780	0.00107589	0.000696654	0	0.00383214	1725.44	2406.86	5	9422	
162	163	6	1	2	3	157197	281511357	224051	297974943	0.000862401	0.000862833	0	0.00408214	1329.94	2725.97	4	9422	
162	163	6	2	2	3	300674	377773246	345012	390647545	0.000924288	0.000669716	0	0.00408214	1132.27	2241.82	4	9422	
162	163	8	3	5	3	323644	371913502	396237	391529265	0.0008547	0.000661906	0	0.00458214	988.119	2098.56	4	9422	
162	163	2	4	1	3	302259	428383185	366065	461230330	0.000886014	0.000687577	0	0.00408214	1259.97	2154.86	5	9422	
162	163	4	5	1	3	222492	351417782	280245	373480168	0.000877184	0.00076753	0	0.00408214	1332.69	2457.96	5	9422	
162	163	1	6	2	3	325093	366813679	377221	381078352	0.000893563	0.000644184	0	0.00408214	1010.23	2154.25	4	9422	
162	163	7	7	1	3	241557	427999974	258898	445752339	0.00107519	0.000696032	0	0.00383214	1721.73	2405.5	5	9422	
163	164	1	1	2	3	157655	282827830	224774	299313039	0.000862873	0.000863751	0	0.00408214	1331.62	2729.24	4	9422	
163	164	1	2	4	3	304220	381415821	348617	394297299	0.000924404	0.000667981	0	0.00408214	1131.03	2237.5	4	9422	
163	164	8	3	1	3	325335	374286610	398753	394176809	0.000853861	0.000662233	0	0.00458214	988.524	2098.13	4	9422	
163	164	2	4	1	3	304359	431014968	368270	463940190	0.000886947	0.000687312	0	0.00408214	1259.78	2154.77	5	9422	
163	164	1	5	6	3	223012	353403946	280718	375462513	0.000878357	0.000768667	0	0.00408214	1337.51	2462.83	5	9422	
163	164	8	6	2	3	328027	369585080	380904	384183844	0.000892485	0.000643729	0	0.00408214	1008.61	2150.4	4	9422	
163	164	7	7	1	3	243414	430641968	260848	448477106	0.00107493	0.000695692	0	0.00383214	1719.3	2404.36	5	9422	
164	165	1	1	2	3	158094	284186458	225235	300663660	0.00086443	0.000864833	0	0.00408214	1334.89	2734.08	4	9422	
164	165	1	2	4	3	304394	382754278	348901	395657906	0.00092501	0.000669311	0	0.00408214	1134.01	2242.94	4	9422	
164	165	8	3	1	3	328196	376929481	402306	397017081	0.000853609	0.000661737	0	0.00458214	986.853	2095.29	4	9422	
164	165	1	4	1	3	307056	433316715	371559	466392725	0.000886615	0.000686836	0	0.00408214	1255.23	2152.86	5	9422	
164	165	1	5	6	3	223155	354704549	280861	376763116	0.000879437	0.00076996	0	0.00408214	1341.46	2468.5	5	9422	
164	165	8	6	2	3	329180	371460744	382241	386078882	0.00089285	0.000644267	0	0.00408214	1010.04	2152.53	4	9422	
164	165	7	7	1	3	244964	433264747	262479	451184086	0.00107483	0.000695627	0	0.00383214	1718.93	2404.45	5	9422	
165	166	6	1	2	3	158319	285469408	225416	301942959	0.000865861	0.000866408	0	0.00408214	1339.49	2739.89	4	9422	
165	166	6	2	2	3	306727	384896667	351364	397821961	0.000925502	0.000668882	0	0.00408214	1132.22	2241.92	4	9422	
165	166	8	3	1	3	331137	379153646	405368	399259143	0.000854311	0.00066089	0	0.00458214	984.93	2094.17	4	9422	
165	166	2	4	1	3	308995	436252993	374369	469697701	0.000885566	0.000686987	0	0.00408214	1254.64	2151.44	5	9422	
165	166	1	5	6	3	223425	356341599	281457	378524574	0.000879495	0.000771228	0	0.00408214	1344.88	2472.92	5	9422	
165	166	1	6	3	3	329782	372801326	382888	387431515	0.000893708	0.000645197	0	0.00408214	1011.87	2156.77	4	9422	
165	166	1	7	1	3	246586	435905258	264196	453920500	0.0010746	0.000695467	0	0.00383214	1718.12	2404.11	5	9422	
166	167	1	1	2	3	158597	286811847	225762	303297608	0.000867052	0.000867618	0	0.00408214	1343.44	2745.57	4	9422	
166	167	1	2	4	3	309975	389219894	354913	402411770	0.000925553	0.000667897	0	0.00408214	1133.83	2237.44	4	9422	
166	167	1	3	5	3	333130	381287533	407564	401434368	0.000855029	0.000660763	0	0.00458214	984.96	2094.86	4	9422	
166	167	2	4	1	3	311754	438845744	377261	472316035	0.000886008	0.000686023	0	0.00408214	1251.96	2150.49	5	9422	
166	167	1	5	6	3	224021	357691403	282314	379913705	0.000879842	0.000772108	0	0.00408214	1345.71	2475.95	5	9422	
166	167	8	6	2	3	332583	375416904	386045	390114818	0.000893871	0.00064459	0	0.00408214	1010.54	2154.85	4	9422	
166	167	7	7	1	3	247888	438523364	265621	456683890	0.00107484	0.000695629	0	0.00383214	1719.31	2404.67	5	9422	
167	168	1	1	2	3	159192	288182213	226534	304679057	0.000867839	0.000868292	0	0.00408214	1344.96	2748.84	4	9422	
167	168	6	2	2	3	313492	392061158	358522	405275300	0.000925702	0.000666339	0	0.00408214	1130.41	2233.52	4	9422	
167	168	1	3	1	3	334617	383644471	409239	403825001	0.00085551	0.000661002	0	0.00458214	986.771	2096.89	4	9422	
167	168	2	4	1	3	314464	441141636	380608	474759471	0.000885389	0.000685471	0	0.00408214	1247.37	2148.27	5	9422	
167	168	4	5	1	3	226944	361379226	285336	383605988	0.000880432	0.000769864	0	0.00408214	1344.4	2470.98	5	9422	
167	168	1	6	3	3	334898	377370369	388503	392090398	0.000894361	0.000644222	0	0.00408214	1009.23	2154.41	4	9422	
167	168	7	7	1	3	249051	441149510	266925	459498080	0.00107539	0.000696002	0	0.00383214	1721.45	2405.65	5	9422	
168	169	1	1	2	3	159925	289915532	227337	306418559	0.00086893	0.000868671	0	0.00408214	1347.86	2751.36	4	9422	
168	169	1	2	2	3	315521	394996851	361798	408584208	0.000923348	0.000667098	0	0.00408214	1129.32	2230.1	4	9422	
168	169	1	3	5	3	335594	385125393	410332	405311193	0.000856179	0.0006616	0	0.00458214	987.764	2100.11	4	9422	
168	169	2	4	1	3	316971	444157819	383884	478187947	0.000884487	0.000685152	0	0.00408214	1245.66	2145.94	5	9422	
168	169	4	5	6	3	229506	364298113	288986	386886115	0.000878	0.000768429	0	0.00408214	1338.77	2463.22	5	9422	
168	169	8	6	2	3	337377	381556326	391070	396318027	0.000894976	0.000643776	0	0.00408214	1013.42	2153.77	4	9422	
168	169	7	7	1	3	251031	443787927	268955	462191557	0.00107491	0.000695451	0	0.00383214	1718.47	2404.48	5	9422	
169	170	1	1	2	3	160438	291663178	227839	308173110	0.000870172	0.000869484	0	0.00408214	1352.59	2755.2	4	9422	
169	170	1	2	4	3	318124	397645144	365008	411362585	0.000922546	0.000666797	0	0.00408214	1127	2227.07	4	9422	
169	170	1	3	5	3	337660	386742324	412963	406977488	0.000856023	0.000661523	0	0.00458214	985.506	2100.07	4	9422	
169	170	2	4	1	3	319317	446816321	386311	480861486	0.000885217	0.000684616	0	0.00408214	1244.75	2146.14	5	9422	
169	170	4	5	6	3	231483	368211087	292620	392046869	0.00087403	0.000768033	0	0.00408214	1339.78	2455.27	5	9422	
169	170	1	6	2	3	340904	384621690	394836	399456113	0.000895064	0.000642493	0	0.00408214	1011.7	2149.92	4	9422	
169	170	7	7	1	3	252725	446392445	270709	464850729	0.00107457	0.000695154	0	0.00383214	1717.16	2403.94	5	9422	
170	171	1	1	2	3	160740	292997076	228230	309513966	0.000871074	0.000870744	0	0.00408214	1356.15	2760.21	4	9422	
170	171	1	2	4	3	318775	399243573	365694	412979987	0.000923498	0.000667957	0	0.00408214	1129.3	2230.59	4	9422	
170	171	8	3	1	3	339297	388840889	415920	409341097	0.000854343	0.000662151	0	0.00458214	984.182	2098.78	4	9422	
170	171	2	4	1	3	321951	449389105	388991	483451933	0.000885706	0.000683674	0	0.00408214	1242.84	2145.35	5	9422	
170	171	4	5	1	3	234899	371854992	296499	395932385	0.000873404	0.000765308	0	0.00408214	1335.36	2446.47	5	9422	
170	171	8	6	2	3	344431	388123702	398549	403024679	0.000895175	0.000641097	0	0.00408214	1011.23	2146.05	4	9422	
170	171	7	7	1	3	254161	449024093	272285	467628634	0.00107477	0.000695289	0	0.00383214	1717.42	2404.28	5	9422	
171	172	6	1	1	3	162104	294558789	229814	311087126	0.000871547	0.000869823	0	0.00408214	1353.65	2759.48	4	9422	
171	172	1	2	4	3	319572	401233554	368046	415410641	0.000920588	0.000669963	0	0.00408214	1128.69	2230.05	4	9422	
171	172	1	3	5	3	341022	390818356	419569	411956649	0.000851414	0.000662983	0	0.00458214	981.857	2095.45	4	9422	
171	172	1	4	1	3	324325	452087666	391447	486189252	0.000886168	0.000683064	0	0.00408214	1242.03	2145.04	5	9422	
171	172	1	5	6	3	237430	374981080	299569	399221823	0.000872821	0.000763836	0	0.00408214	1332.65	2442.36	5	9422	
171	172	8	6	2	3	347941	391158859	402219	406133126	0.000895167	0.000639738	0	0.00408214	1009.73	2141.76	4	9422	
171	172	1	7	7	3	255451	451621007	273715	470338649	0.00107487	0.000695586	0	0.00383214	1718.35	2404.93	5	9422	
172	173	6	1	1	3	165115	296756280	233399	313403678	0.000870748	0.00086587	0	0.00408214	1342.78	2748.59	4	9422	
172	173	6	2	2	3	321538	403233716	371599	417628921	0.000917227	0.000670722	0	0.00408214	1123.87	2226.81	4	9422	
172	173	8	3	1	3	344061	393156302	423338	414434346	0.000850796	0.000662281	0	0.00458214	978.968	2092.33	4	9422	
172	173	2	4	1	3	326397	454691759	393576	488819758	0.000886889	0.00068283	0	0.00408214	1242	2144.98	5	9422	
172	173	4	5	6	3	238023	377045820	300239	401291398	0.00087371	0.000764737	0	0.00408214	1336.57	2446.3	5	9422	
172	173	1	6	3	3	350312	393145795	404818	408170739	0.000895462	0.000639371	0	0.00408214	1008.28	2141.39	4	9422	
172	173	1	7	7	3	256408	453854181	276755	473663376	0.0010673	0.000699516	0	0.00383214	1711.49	2402.06	5	9422	
173	174	1	1	2	3	167759	299047950	236326	315762339	0.000870993	0.00086272	0	0.00408214	1336.13	2740.1	4	9422	
173	174	6	2	2	3	323963	405684096	375096	420308137	0.000915316	0.00067075	0	0.00408214	1120.53	2223.19	4	9422	
173	174	1	3	5	3	346709	395582811	426050	416873130	0.000851778	0.000661798	0	0.00458214	978.461	2091.29	4	9422	
173	174	2	4	1	3	327860	457343853	395164	491602166	0.00088773	0.000683042	0	0.00408214	1244.05	2146.54	5	9422	
173	174	1	5	6	3	238642	378460220	300903	402711736	0.000874719	0.000765505	0	0.00408214	1338.34	2450.42	5	9422	
173	174	8	6	2	3	350548	394477880	405073	409503605	0.000896302	0.000640537	0	0.00408214	1010.94	2146.43	4	9422	
173	174	7	7	7	3	259149	456604077	280347	476787640	0.00106341	0.000699349	0	0.00383214	1700.71	2396.72	5	9422	
174	175	1	1	2	3	168306	300418074	237141	317161531	0.000871325	0.000863378	0	0.00408214	1337.44	2742.85	4	9422	
174	175	6	2	2	3	324825	407973288	376318	422735116	0.000915222	0.00067158	0	0.00408214	1123.35	2226.01	4	9422	
174	175	1	3	5	3	347665	397024925	427083	418321239	0.00085251	0.000662354	0	0.00458214	979.485	2094.73	4	9422	
174	175	2	4	1	3	329793	459944438	397227	494322207	0.000888726	0.000682999	0	0.00408214	1244.43	2146.77	5	9422	
174	175	1	5	6	3	240039	380068953	302326	404313407	0.000875755	0.000765323	0	0.00408214	1337.34	2452.03	5	9422	
174	175	8	6	2	3	353110	397531650	407724	412582175	0.000896857	0.000640062	0	0.00408214	1011.92	2145.62	4	9422	
174	175	1	7	7	3	261124	458606936	282614	478924080	0.00106215	0.000699098	0	0.00383214	1694.62	2395.39	5	9422	
175	176	6	1	1	3	169953	302745993	239056	319552414	0.000871559	0.000862118	0	0.00408214	1336.73	2739.78	4	9422	
175	176	1	2	4	3	326886	410118307	378666	424939101	0.000915232	0.000671419	0	0.00408214	1122.2	2225.82	4	9422	
175	176	1	3	5	3	349074	398857896	428652	420163227	0.000853003	0.000662598	0	0.00458214	980.197	2096.78	4	9422	
175	176	1	4	1	3	332271	462486539	399805	496882635	0.000889467	0.00068251	0	0.00408214	1242.81	2146.49	5	9422	
175	176	1	5	6	3	241471	381700227	303784	405947073	0.000876756	0.000765107	0	0.00408214	1336.3	2453.53	5	9422	
175	176	1	6	3	3	356057	402278627	410797	417401784	0.000897271	0.000639264	0	0.00408214	1016.08	2143.83	4	9422	
175	176	7	7	1	3	263315	460479525	285242	480888809	0.00106027	0.000698872	0	0.00383214	1685.9	2393.71	5	9422	
176	177	1	1	2	3	171042	304531757	240245	321369480	0.000872686	0.000861881	0	0.00408214	1337.67	2740.45	4	9422	
176	177	6	2	2	3	328709	412054248	380896	426933901	0.000914954	0.000671509	0	0.00408214	1120.87	2225.7	4	9422	
176	177	1	3	5	3	352163	401037258	432055	422398044	0.000853352	0.000661778	0	0.00458214	977.649	2094.62	4	9422	
176	177	2	4	1	3	333373	464916387	400984	499320113	0.000890101	0.000682932	0	0.00408214	1245.24	2149.58	5	9422	
176	177	4	5	1	3	242433	384116937	304841	408379415	0.000877541	0.000765526	0	0.00408214	1339.65	2456.32	5	9422	
176	177	1	6	2	3	356728	403674960	411900	419111300	0.000897044	0.000640303	0	0.00408214	1017.51	2146.83	4	9422	
176	177	7	7	1	3	265764	463901415	288809	484717930	0.00105574	0.000699394	0	0.00383214	1678.33	2388.49	5	9422	
177	178	1	1	1	3	171645	305916583	240871	322755978	0.000874324	0.00086277	0	0.00408214	1339.95	2744.5	4	9422	
177	178	1	2	4	3	331005	414028016	383354	428932972	0.000915335	0.000671105	0	0.00408214	1118.9	2224.77	4	9422	
177	178	1	3	5	3	352749	402360803	432661	423732028	0.000854225	0.000662639	0	0.00458214	979.363	2098.44	4	9422	
177	178	2	4	1	3	336438	467714190	404166	502149787	0.000890621	0.000681871	0	0.00408214	1242.43	2147.91	5	9422	
177	178	4	5	1	3	245146	387932997	307640	412234440	0.000878318	0.000763795	0	0.00408214	1339.99	2453.15	5	9422	
177	178	8	6	2	3	357929	405201087	413127	420630338	0.00089778	0.000640747	0	0.00408214	1018.16	2149.56	4	9422	
177	178	7	7	1	3	268140	467441651	292055	489346888	0.00105243	0.000699636	0	0.00383214	1675.53	2382.97	5	9422	
178	179	6	1	1	3	173324	308220151	242932	325208221	0.000874489	0.00086161	0	0.00408214	1338.68	2740.09	4	9422	
178	179	1	2	4	3	332010	415479522	384434	430398319	0.000916004	0.000671646	0	0.00408214	1119.56	2227.82	4	9422	
178	179	8	3	1	3	353612	404245291	433595	425630551	0.0008549	0.000663338	0	0.00458214	981.632	2101.37	4	9422	
178	179	1	4	1	3	337679	470489631	405465	504929674	0.000891232	0.000682142	0	0.00408214	1245.31	2150.79	5	9422	
178	179	4	5	1	3	247907	390584575	311260	415251929	0.000876868	0.000762305	0	0.00408214	1334.1	2446.43	5	9422	
178	179	1	6	3	3	359590	408194871	414958	423643240	0.000898108	0.000640972	0	0.00408214	1020.93	2151.32	4	9422	
178	179	7	7	1	3	270189	469506617	295612	491900862	0.00104671	0.000701006	0	0.00383214	1664.01	2378.96	5	9422	
179	180	6	1	1	3	176295	310331804	246146	327362008	0.000874966	0.000858031	0	0.00408214	1329.95	2731.65	4	9422	
179	180	6	2	2	3	334234	417967452	387729	433101037	0.000914374	0.000671706	0	0.00408214	1117.02	2225.22	4	9422	
179	180	1	3	5	3	355508	407267213	435726	428670378	0.000855144	0.000663253	0	0.00458214	983.807	2102.87	4	9422	
179	180	2	4	1	3	339768	473096272	407622	507574085	0.000891952	0.000681829	0	0.00408214	1245.21	2151.06	5	9422	
179	180	4	5	1	3	250560	392866570	314390	417632791	0.000876518	0.000760824	0	0.00408214	1328.39	2441.7	5	9422	
179	180	1	6	3	3	360980	409668580	416526	425143740	0.000898467	0.000641304	0	0.00408214	1020.69	2153.07	4	9422	
179	180	1	7	1	3	272505	472730081	298077	495178535	0.00104592	0.000700169	0	0.00383214	1661.24	2376.57	5	9422	
180	181	6	1	1	3	179242	312848891	249563	329971333	0.000874519	0.000854607	0	0.00408214	1322.2	2721.47	4	9422	
180	181	1	2	4	3	336203	419551790	390401	434752141	0.000913429	0.000671787	0	0.00408214	1113.6	2224.47	4	9422	
180	181	1	3	5	3	356304	409505526	436714	430928806	0.000855515	0.000663942	0	0.00458214	986.753	2106.46	4	9422	
180	181	2	4	1	3	341882	475762341	409806	510300511	0.000892674	0.00068148	0	0.00408214	1245.22	2151.26	5	9422	
180	181	1	5	6	3	252237	395472785	316335	420292340	0.000876633	0.000760333	0	0.00408214	1328.63	2441.56	5	9422	
180	181	8	6	2	3	361239	410970924	416782	426445961	0.00089942	0.000642643	0	0.00408214	1023.19	2157.67	4	9422	
180	181	7	7	1	3	274113	475361259	299752	497863339	0.00104584	0.000699968	0	0.00383214	1660.92	2375.95	5	9422	
181	182	6	1	1	3	182099	315319193	253193	332578448	0.000873028	0.000851497	0	0.00408214	1313.54	2710.58	4	9422	
181	182	1	2	4	3	338175	421493622	392832	436732368	0.000913016	0.000671677	0	0.00408214	1111.75	2224.38	4	9422	
181	182	1	3	1	3	358076	411293423	438548	432724890	0.000856301	0.000663964	0	0.00458214	986.722	2108.01	4	9422	
181	182	2	4	1	3	343759	478375581	411769	513001595	0.000893444	0.000681406	0	0.00408214	1245.85	2151.83	5	9422	
181	182	4	5	1	3	255150	400366016	319900	425355052	0.00087584	0.000758703	0	0.00408214	1329.65	2435.23	5	9422	
181	182	1	6	3	3	361444	412266824	417002	427742312	0.000900157	0.000643855	0	0.00408214	1025.76	2162.31	4	9422	
181	182	7	7	1	3	277091	477821641	302758	500335312	0.00104528	0.00069844	0	0.00383214	1652.59	2373.11	5	9422	
182	183	6	1	1	3	184862	317377289	256151	334668114	0.00087391	0.000848593	0	0.00408214	1306.53	2704	4	9422	
182	183	1	2	2	3	340279	423917638	395215	439232692	0.000913044	0.000671405	0	0.00408214	1111.38	2223.63	4	9422	
182	183	8	3	1	3	360533	413792918	442064	435521918	0.000855087	0.000663825	0	0.00458214	985.201	2105.52	4	9422	
182	183	2	4	1	3	346310	481021172	414362	515675918	0.000894096	0.000680748	0	0.00408214	1244.51	2150.97	5	9422	
182	183	1	5	6	3	257848	403342731	323145	428454565	0.000875411	0.000757335	0	0.00408214	1325.89	2430.77	5	9422	
182	183	1	6	3	3	363727	413814381	419446	429302796	0.000900544	0.000643445	0	0.00408214	1023.5	2162.16	4	9422	
182	183	1	7	7	3	278940	479471169	304694	502003136	0.00104503	0.000698014	0	0.00383214	1647.56	2373.72	5	9422	
183	184	6	1	1	3	187280	319291235	258954	336641738	0.000873868	0.000846224	0	0.00408214	1300.01	2698.38	4	9422	
183	184	6	2	2	3	343224	426225338	398587	441689286	0.000912481	0.000670522	0	0.00408214	1108.14	2220.65	4	9422	
183	184	1	3	5	3	361380	415218068	443402	437038439	0.000855065	0.000664816	0	0.00458214	985.648	2107.79	4	9422	
183	184	2	4	1	3	349480	483522616	417572	518184010	0.000894737	0.000679621	0	0.00408214	1240.95	2148.9	5	9422	
183	184	1	5	6	3	258026	404615183	323501	429756193	0.000875883	0.000758522	0	0.00408214	1328.45	2434.99	5	9422	
183	184	1	6	3	3	364217	415577140	420093	431081851	0.000900881	0.000644432	0	0.00408214	1026.16	2165.63	4	9422	
183	184	7	7	7	3	281194	482330943	307420	504946236	0.00104313	0.000697739	0	0.00383214	1642.53	2371.9	5	9422	
184	185	1	1	1	3	189027	321180779	260865	338557094	0.000874656	0.00084494	0	0.00408214	1297.82	2696.48	4	9422	
184	185	6	2	2	3	346834	429211784	402396	444723370	0.000912441	0.000668989	0	0.00408214	1105.19	2216.41	4	9422	
184	185	8	3	5	3	361694	416623696	443826	438477629	0.000855601	0.00066591	0	0.00458214	987.949	2112	4	9422	
184	185	2	4	1	3	351497	486267760	421196	521593096	0.00089185	0.000680072	0	0.00408214	1238.36	2145.79	5	9422	
184	185	1	5	6	3	259485	406939367	325068	432092143	0.000876731	0.000758423	0	0.00408214	1329.24	2435.82	5	9422	
184	185	8	6	2	3	365387	417060549	421274	432557546	0.000901546	0.000644854	0	0.00408214	1026.78	2168.19	4	9422	
184	185	7	7	1	3	283995	485884433	310581	508574805	0.00104134	0.000696821	0	0.00383214	1637.49	2368.51	5	9422	
185	186	6	1	1	3	191163	323337215	263488	340882601	0.000874679	0.000843355	0	0.00408214	1293.73	2691.2	4	9422	
185	186	1	2	4	3	347803	431496571	403481	447032559	0.000912817	0.000669471	0	0.00408214	1107.94	2219.5	4	9422	
185	186	8	3	1	3	361894	417978582	444597	439895551	0.000855195	0.000667153	0	0.00458214	989.425	2115.84	4	9422	
185	186	1	4	1	3	354583	488921821	424406	524277008	0.000892126	0.000678959	0	0.00408214	1235.32	2143.85	5	9422	
185	186	1	5	6	3	259700	408271016	325226	433417807	0.000877767	0.000759732	0	0.00408214	1332.67	2440.94	5	9422	
185	186	8	6	3	3	368812	421260084	424945	436866420	0.000901773	0.000643931	0	0.00408214	1028.05	2164.11	4	9422	
185	186	7	7	1	3	286342	488239418	313473	511052489	0.0010393	0.000696546	0	0.00383214	1630.29	2366.02	5	9422	
186	187	6	1	1	3	193221	326073740	266883	344141407	0.000872004	0.000842062	0	0.00408214	1289.48	2681.66	4	9422	
186	187	6	2	2	3	348075	432936093	403813	448478117	0.000913407	0.000670478	0	0.00408214	1110.61	2224.15	4	9422	
186	187	1	3	5	3	363790	419551000	446638	441480792	0.000855762	0.000666975	0	0.00458214	988.453	2117.14	4	9422	
186	187	2	4	1	3	356084	491547401	425984	526976502	0.000892755	0.000679045	0	0.00408214	1237.08	2145.14	5	9422	
186	187	1	5	6	3	259876	409575155	325416	434723392	0.000878667	0.000760989	0	0.00408214	1335.9	2445.76	5	9422	
186	187	8	6	2	3	371586	423500666	428563	439401526	0.000900535	0.000643736	0	0.00408214	1025.29	2160.64	4	9422	
186	187	1	7	1	3	287329	490421865	315995	513927420	0.00103489	0.000698937	0	0.00383214	1626.38	2364.5	5	9422	
187	188	6	1	1	3	196124	330825952	270374	349172706	0.000872038	0.000839562	0	0.00408214	1291.44	2671.07	4	9422	
187	188	1	2	4	3	348402	434354867	404106	449897196	0.000914152	0.000671471	0	0.00408214	1113.31	2228.71	4	9422	
187	188	1	3	5	3	364042	420904314	446809	442829808	0.000856478	0.00066799	0	0.00458214	991.094	2122.11	4	9422	
187	188	2	4	1	3	358000	494116060	427951	529569863	0.000893364	0.000678917	0	0.00408214	1237.45	2145.87	5	9422	
187	188	1	5	6	3	260379	411530141	325904	436677855	0.000879629	0.000761907	0	0.00408214	1339.9	2449.58	5	9422	
187	188	8	6	2	3	374833	426639038	431980	442575097	0.000900813	0.000642869	0	0.00408214	1024.53	2158.35	4	9422	
187	188	7	7	1	3	290529	493623215	319661	517209505	0.00103266	0.000697696	0	0.00383214	1617.99	2360.12	5	9422	
188	189	6	1	1	3	197507	333711982	273790	353441134	0.000867144	0.000839299	0	0.00408214	1290.92	2661.85	4	9422	
188	189	1	2	4	3	350112	436237662	406140	451815322	0.000914005	0.000671469	0	0.00408214	1112.46	2229.11	4	9422	
188	189	1	3	1	3	365272	422679979	448698	444756887	0.00085602	0.000668569	0	0.00458214	991.217	2123.15	4	9422	
188	189	2	4	1	3	360605	496739761	430644	532238088	0.000893964	0.00067832	0	0.00408214	1235.91	2145.21	5	9422	
188	189	4	5	6	3	260597	412876605	326396	438049113	0.000879841	0.000763087	0	0.00408214	1342.08	2453.75	5	9422	
188	189	8	6	2	3	377669	428949242	435460	444998892	0.000900196	0.00064255	0	0.00408214	1021.91	2155.67	4	9422	
188	189	7	7	7	3	292681	496381585	321836	519978703	0.00103228	0.000696973	0	0.00383214	1615.66	2359.12	5	9422	
189	190	6	1	1	3	199085	335568430	276987	355737503	0.000863488	0.000838471	0	0.00408214	1284.31	2655.01	4	9422	
189	190	1	2	2	3	353476	438205770	409650	453801632	0.000914091	0.000670056	0	0.00408214	1107.78	2226.53	4	9422	
189	190	8	3	1	3	366101	424344420	449475	446410112	0.000856693	0.000669134	0	0.00458214	993.181	2126.48	4	9422	
189	190	2	4	1	3	363467	499446477	433578	534962005	0.000894483	0.00067745	0	0.00408214	1233.83	2143.82	5	9422	
189	190	4	5	6	3	263502	415522123	329928	440834780	0.000879042	0.000761447	0	0.00408214	1336.15	2448.2	5	9422	
189	190	1	6	3	3	379020	430838301	437401	447001226	0.000899862	0.000643425	0	0.00408214	1021.95	2156.72	4	9422	
189	190	7	7	1	3	294849	499006595	324063	522634974	0.00103196	0.000696292	0	0.00383214	1612.76	2358.19	5	9422	
190	191	6	1	1	3	201459	337279938	279836	357508493	0.000863275	0.000836437	0	0.00408214	1277.56	2650.18	4	9422	
190	191	1	2	4	3	355395	440640331	412352	456372914	0.000912833	0.00067017	0	0.00408214	1106.76	2225.55	4	9422	
190	191	1	3	5	3	366324	425641791	449632	447700553	0.000857435	0.000670249	0	0.00458214	995.704	2130.99	4	9422	
190	191	2	4	1	3	366378	501955783	436550	537487581	0.000894838	0.000676472	0	0.00408214	1231.22	2142.12	5	9422	
190	191	4	5	1	3	265399	417243956	332276	442643360	0.000878911	0.000760953	0	0.00408214	1332.16	2446.83	5	9422	
190	191	1	6	3	3	379262	432137494	437563	448292265	0.000900631	0.000644598	0	0.00408214	1024.52	2161.25	4	9422	
190	191	7	7	1	3	296636	501655567	325919	525341678	0.00103198	0.000695965	0	0.00383214	1611.88	2358.04	5	9422	
191	192	1	1	2	3	202880	339051307	281355	359305915	0.000864344	0.000835808	0	0.00408214	1277.06	2650.03	4	9422	
191	192	1	2	4	3	358290	445068507	415424	460898259	0.000912902	0.000669279	0	0.00408214	1109.46	2223.18	4	9422	
191	192	1	3	5	3	366707	426921394	450057	448991913	0.000858142	0.000671214	0	0.00458214	997.633	2134.83	4	9422	
191	192	2	4	1	3	368557	504707122	438776	540246813	0.000895261	0.000676092	0	0.00408214	1231.26	2142.59	5	9422	
191	192	4	5	1	3	268061	420403550	335687	446032753	0.00087772	0.000759595	0	0.00408214	1328.72	2441.64	5	9422	
191	192	8	6	2	3	380643	435063787	439340	451313340	0.000900452	0.000645144	0	0.00408214	1027.25	2162.37	4	9422	
191	192	7	7	1	3	298012	504301548	327409	528123379	0.00103235	0.000696101	0	0.00383214	1613.04	2358.5	5	9422	
192	193	6	1	1	3	203265	340936476	282519	361288641	0.000863065	0.00083674	0	0.00408214	1278.81	2651.5	4	9422	
192	193	6	2	2	3	359129	446507676	416390	462358093	0.000913333	0.000669946	0	0.00408214	1110.4	2225.98	4	9422	
192	193	8	3	1	3	368203	428589680	452225	450716392	0.000857624	0.000671608	0	0.00458214	996.664	2135.57	4	9422	
192	193	1	4	1	3	371023	507238712	441371	542822836	0.000895787	0.000675619	0	0.00408214	1229.86	2141.87	5	9422	
192	193	4	5	1	3	268917	421901152	336665	447556317	0.00087858	0.000760272	0	0.00408214	1329.38	2444.43	5	9422	
192	193	1	6	3	3	382363	436698131	441579	453087275	0.000900126	0.000645462	0	0.00408214	1026.06	2162.57	4	9422	
192	193	7	7	1	3	299624	506915431	329175	530883121	0.00103259	0.000696031	0	0.00383214	1612.77	2358.01	5	9422	
193	194	1	1	2	3	203408	342230529	282711	362585727	0.000863997	0.000837912	0	0.00408214	1282.53	2656.48	4	9422	
193	194	6	2	2	3	362459	449703614	419790	465568878	0.000913843	0.000668803	0	0.00408214	1109.05	2223.08	4	9422	
193	194	8	3	1	3	371451	432502734	455592	454663209	0.000858147	0.00067049	0	0.00458214	997.961	2133.68	4	9422	
193	194	2	4	1	3	372993	509854369	443443	545442048	0.000896255	0.000675415	0	0.00408214	1230.02	2142.54	5	9422	
193	194	4	5	1	3	270905	423664176	338864	449352934	0.000878926	0.000759604	0	0.00408214	1326.06	2443.69	5	9422	
193	194	1	6	3	3	383727	438160257	443073	454567726	0.000900593	0.000645749	0	0.00408214	1025.94	2164.58	4	9422	
193	194	1	7	1	3	301409	509544104	331070	533575271	0.0010326	0.000695809	0	0.00383214	1611.67	2357.52	5	9422	
194	195	1	1	1	3	203720	343822217	283250	364400245	0.000864386	0.000839045	0	0.00408214	1286.5	2660.38	4	9422	
194	195	1	2	4	3	363628	451957481	420970	467831555	0.000914531	0.000669261	0	0.00408214	1111.32	2225.31	4	9422	
194	195	1	3	5	3	373475	435414294	457723	457589610	0.000858608	0.000670218	0	0.00458214	999.709	2134.52	4	9422	
194	195	2	4	1	3	375510	512285036	446050	547896254	0.000896838	0.000674913	0	0.00408214	1228.33	2141.9	5	9422	
194	195	1	5	1	3	271930	425083480	339917	450775742	0.000879887	0.000759886	0	0.00408214	1326.13	2445.78	5	9422	
194	195	8	6	3	3	385157	439718100	445022	456204583	0.000900297	0.00064631	0	0.00408214	1025.13	2165.25	4	9422	
194	195	7	7	1	3	303299	512183780	333643	536502116	0.00103075	0.000696177	0	0.00383214	1608.01	2355.43	5	9422	
195	196	6	1	1	3	205975	347176975	286294	368018713	0.000863322	0.000837298	0	0.00408214	1285.46	2653.75	4	9422	
195	196	6	2	2	3	364903	453471743	422842	469402005	0.000914122	0.00066988	0	0.00408214	1110.11	2226.29	4	9422	
195	196	1	3	5	3	373991	437175682	458320	459357449	0.000859095	0.000670982	0	0.00458214	1002.26	2138.29	4	9422	
195	196	2	4	1	3	378176	515220705	448783	550863625	0.000897408	0.000674295	0	0.00408214	1227.46	2141.2	5	9422	
195	196	1	5	6	3	272442	426467855	340410	452149071	0.000880972	0.000760856	0	0.00408214	1328.25	2449.75	5	9422	
195	196	8	6	2	3	387392	442362952	448590	459274605	0.00089831	0.000646879	0	0.00408214	1023.82	2162.33	4	9422	
195	196	7	7	1	3	304474	514815944	334968	539331711	0.00103135	0.00069644	0	0.00383214	1610.1	2356.07	5	9422	
196	197	6	1	2	3	209037	349653070	289673	370583235	0.000863656	0.00083433	0	0.00408214	1279.32	2644.89	4	9422	
196	197	1	2	4	3	366214	455396389	426352	471989651	0.000910301	0.000671378	0	0.00408214	1107.04	2223.14	4	9422	
196	197	1	3	5	3	374507	438802601	458981	460999694	0.000859523	0.000671759	0	0.00458214	1004.4	2141.53	4	9422	
196	197	2	4	1	3	379734	517832884	450426	553548077	0.000898014	0.000674426	0	0.00408214	1228.94	2142.61	5	9422	
196	197	4	5	6	3	274979	430027757	343229	455766861	0.000881016	0.000759521	0	0.00408214	1327.88	2446.45	5	9422	
196	197	8	6	3	3	390426	445156820	452165	462201468	0.000898118	0.000646455	0	0.00408214	1022.2	2159.12	4	9422	
196	197	7	7	1	3	306266	517430978	336860	542017740	0.00103142	0.000696247	0	0.00383214	1609.03	2355.78	5	9422	
197	198	6	1	1	3	212296	352959792	293462	374021364	0.000863441	0.000831359	0	0.00408214	1274.51	2634.61	4	9422	
197	198	6	2	2	3	367201	457086628	427675	473723728	0.000910224	0.000671962	0	0.00408214	1107.67	2225.05	4	9422	
197	198	8	3	5	3	377242	441228417	462007	463483961	0.000859887	0.000671151	0	0.00458214	1003.2	2139.91	4	9422	
197	198	2	4	1	3	381074	520484618	451860	556308413	0.000898722	0.000674696	0	0.00408214	1231.15	2144.13	5	9422	
197	198	4	5	1	3	277553	432550449	345901	458308515	0.000881578	0.000758107	0	0.00408214	1324.97	2443.56	5	9422	
197	198	1	6	3	3	391843	446777228	454435	463999774	0.000897221	0.000647138	0	0.00408214	1021.05	2159.39	4	9422	
197	198	7	7	1	3	307587	519536103	338255	544185770	0.00103186	0.000696457	0	0.00383214	1608.8	2356.74	5	9422	
198	199	1	1	2	3	214812	355300984	296873	376624845	0.000862509	0.000829312	0	0.00408214	1268.64	2627.13	4	9422	
198	199	6	2	2	3	370165	458973326	431197	475690299	0.000909811	0.000671145	0	0.00408214	1103.19	2222.07	4	9422	
198	199	8	3	1	3	379943	444926454	465537	467590134	0.000859403	0.000671026	0	0.00458214	1004.41	2136.93	4	9422	
198	199	2	4	1	3	382262	523125865	453162	559092515	0.000899425	0.000674993	0	0.00408214	1233.76	2146	5	9422	
198	199	4	5	6	3	279778	434798193	349509	460968176	0.000878774	0.000757459	0	0.00408214	1318.9	2437.76	5	9422	
198	199	8	6	2	3	392465	448111441	455454	465353459	0.000897083	0.000648058	0	0.00408214	1021.74	2161.95	4	9422	
198	199	7	7	1	3	308977	522688500	339758	547457040	0.00103226	0.000696687	0	0.00383214	1611.31	2357.72	5	9422	
199	200	6	1	1	3	215599	357016670	299785	378776831	0.000857876	0.000829924	0	0.00408214	1263.49	2622.16	4	9422	
199	200	1	2	4	3	371439	460704992	433003	477518503	0.000909694	0.000671613	0	0.00408214	1102.81	2222.92	4	9422	
199	200	8	3	1	3	383171	447784156	469356	470744966	0.000858928	0.000670118	0	0.00458214	1002.96	2133.76	4	9422	
199	200	1	4	1	3	383982	525741653	455028	561836098	0.000900192	0.000675119	0	0.00408214	1234.73	2146.71	5	9422	
199	200	4	5	1	3	281855	437506394	353049	464514509	0.000876063	0.000757136	0	0.00408214	1315.72	2431.94	5	9422	
199	200	8	6	2	3	395242	449918712	458462	467187782	0.000897086	0.000647344	0	0.00408214	1019.03	2160.82	4	9422	
199	200	7	7	1	3	310355	525328654	341262	550244932	0.00103255	0.000696746	0	0.00383214	1612.38	2357.85	5	9422	
200	201	1	1	2	3	216202	358789888	300837	380603725	0.000857774	0.000830592	0	0.00408214	1265.15	2624.2	4	9422	
200	201	6	2	4	3	372112	462247275	434608	479438632	0.00090864	0.000672839	0	0.00408214	1103.15	2224.17	4	9422	
200	201	8	3	1	3	386178	449930574	473047	473058782	0.000858584	0.000669407	0	0.00458214	1000.02	2131.01	4	9422	
200	201	2	4	1	3	386009	528362400	457118	564487585	0.00090082	0.000674922	0	0.00408214	1234.88	2146.83	5	9422	
200	201	1	5	6	3	283299	440098674	354886	467249433	0.000875824	0.00075709	0	0.00408214	1316.62	2431.53	5	9422	
200	201	8	6	2	3	398275	452400226	462122	469935369	0.000896441	0.000646739	0	0.00408214	1016.91	2157.97	4	9422	
200	201	1	7	1	3	311674	527919393	342692	552965369	0.001033	0.000696862	0	0.00383214	1613.59	2358.6	5	9422	
201	202	1	1	2	3	217135	360162459	302267	382026438	0.000857612	0.000830738	0	0.00408214	1263.87	2624.77	4	9422	
201	202	1	2	4	3	373799	464138113	437481	481500928	0.000907081	0.000673603	0	0.00408214	1100.62	2222.66	4	9422	
201	202	8	3	1	3	389193	452789370	476710	476106326	0.000858262	0.000668767	0	0.00458214	998.734	2128.04	4	9422	
201	202	2	4	1	3	388383	530920325	459524	567066170	0.000901376	0.000674478	0	0.00408214	1234.03	2146.74	5	9422	
201	202	1	5	6	3	283527	441438217	355041	468581311	0.000876715	0.000758229	0	0.00408214	1319.79	2436.31	5	9422	
201	202	1	6	3	3	400616	455408045	464605	473010478	0.000896622	0.00064633	0	0.00408214	1018.09	2156.99	4	9422	
201	202	7	7	1	3	313389	530572884	344494	555690825	0.00103308	0.000696647	0	0.00383214	1613.06	2358.51	5	9422	
202	203	6	1	1	3	218393	362328782	303886	384256452	0.000857709	0.000830538	0	0.00408214	1264.48	2623.9	4	9422	
202	203	1	2	4	3	374325	465843652	437997	483215825	0.000907782	0.000674456	0	0.00408214	1103.24	2226.24	4	9422	
202	203	1	3	1	3	391019	454601412	479178	478040389	0.000857968	0.000668968	0	0.00458214	997.626	2127.98	4	9422	
202	203	2	4	1	3	389977	532947244	462723	569497737	0.000899057	0.000675404	0	0.00408214	1230.75	2145.19	5	9422	
202	203	1	5	6	3	284873	444127530	356706	471360011	0.000876842	0.000758282	0	0.00408214	1321.42	2436.28	5	9422	
202	203	8	6	2	3	401520	456776297	465647	474391054	0.00089705	0.000646932	0	0.00408214	1018.78	2159.57	4	9422	
202	203	7	7	1	3	315314	533168109	346489	558334450	0.00103301	0.000696291	0	0.00383214	1611.41	2358.17	5	9422	
203	204	1	1	2	3	221344	364748839	307258	386769309	0.000857867	0.000828181	0	0.00408214	1258.78	2616.95	4	9422	
203	204	1	2	4	3	374498	467153795	438256	484531478	0.000908287	0.000675455	0	0.00408214	1105.59	2230.42	4	9422	
203	204	8	3	1	3	394436	457234897	482734	480690194	0.000858738	0.000667989	0	0.00458214	995.766	2125.43	4	9422	
203	204	1	4	1	3	390405	534719099	466280	573909002	0.000893634	0.000677829	0	0.00408214	1230.82	2142.14	5	9422	
203	204	1	5	6	3	285433	446134454	357241	473357618	0.000877878	0.000759288	0	0.00408214	1325.04	2439.99	5	9422	
203	204	1	6	3	3	402366	458154484	466545	475772262	0.000897666	0.000647491	0	0.00408214	1019.78	2162.6	4	9422	
203	204	7	7	1	3	316815	535812420	348071	561069597	0.00103311	0.000696247	0	0.00383214	1611.94	2358.7	5	9422	
204	205	1	1	2	3	221751	366082410	307631	388101998	0.000858839	0.000829075	0	0.00408214	1261.58	2620.95	4	9422	
204	205	6	2	2	3	377549	470893816	441516	488304704	0.000908379	0.000674568	0	0.00408214	1105.97	2228.27	4	9422	
204	205	8	3	1	3	397456	460359182	486295	483941173	0.00085871	0.000667453	0	0.00458214	995.16	2122.92	4	9422	
204	205	2	4	1	3	391941	538487334	469516	579266530	0.000891028	0.000678703	0	0.00408214	1233.75	2140.41	5	9422	
204	205	4	5	1	3	285976	448182024	357810	475433086	0.000878816	0.000760176	0	0.00408214	1328.73	2443.51	5	9422	
204	205	1	6	3	3	403400	459579473	467631	477201160	0.000898188	0.00064795	0	0.00408214	1020.47	2165.29	4	9422	
204	205	7	7	1	3	319703	538452130	351022	563726378	0.00103241	0.000694994	0	0.00383214	1605.96	2356.15	5	9422	
205	206	1	1	2	3	221991	367400497	307876	389419583	0.000859964	0.000830287	0	0.00408214	1264.86	2625.58	4	9422	
205	206	6	2	2	3	379533	472750362	443542	490167607	0.000908991	0.000674387	0	0.00408214	1105.12	2228.78	4	9422	
205	206	1	3	1	3	399833	463723108	488795	487322392	0.000859282	0.000667109	0	0.00458214	996.987	2123.18	4	9422	
205	206	2	4	1	3	393890	541244646	473075	583048705	0.000888575	0.00067921	0	0.00408214	1232.47	2137.82	5	9422	
205	206	1	5	6	3	286259	449645307	358189	476987448	0.000879319	0.000761296	0	0.00408214	1331.66	2447.62	5	9422	
205	206	1	6	3	3	403938	460889514	468194	478507099	0.000898792	0.000648724	0	0.00408214	1022.03	2168.6	4	9422	
205	206	7	7	1	3	322353	541059073	353710	566348043	0.00103192	0.000693952	0	0.00383214	1601.16	2354.45	5	9422	
206	207	1	1	2	3	222233	368719295	308023	390721600	0.000860998	0.000831445	0	0.00408214	1268.48	2630.51	4	9422	
206	207	1	2	4	3	381320	474568097	445376	492002321	0.000909689	0.000674367	0	0.00408214	1104.69	2229.76	4	9422	
206	207	8	3	1	3	400993	465789549	490193	489425371	0.00085945	0.000667474	0	0.00458214	998.434	2124.86	4	9422	
206	207	1	4	1	3	395969	544107949	475467	586123363	0.000888619	0.000679051	0	0.00408214	1232.73	2137.51	5	9422	
206	207	1	5	6	3	286502	450959214	358337	478291544	0.000880204	0.000762388	0	0.00408214	1334.75	2452.12	5	9422	
206	207	1	6	3	3	405968	462990887	470599	480640348	0.00089868	0.000648781	0	0.00408214	1021.34	2168.24	4	9422	
206	207	7	7	1	3	324119	543686722	355555	569021043	0.00103188	0.000693764	0	0.00383214	1600.37	2354.63	5	9422	
207	208	1	1	2	3	222648	370257182	308515	392268734	0.000861607	0.000832262	0	0.00408214	1271.47	2634.1	4	9422	
207	208	6	2	2	3	383485	477039223	447607	494480237	0.000910198	0.000674131	0	0.00408214	1104.72	2229.78	4	9422	
207	208	8	3	1	3	404095	470193472	493849	494012558	0.000859424	0.000666939	0	0.00458214	1000.33	2121.69	4	9422	
207	208	1	4	1	3	396806	545584731	476300	587590475	0.000889366	0.000679675	0	0.00408214	1233.66	2140.47	5	9422	
207	208	4	5	6	3	287016	452336122	359039	479687870	0.000880628	0.000763219	0	0.00408214	1336.03	2455.35	5	9422	
207	208	1	6	2	3	406457	464578773	471072	482245357	0.000899236	0.00064956	0	0.00408214	1023.72	2171.91	4	9422	
207	208	1	7	7	3	325899	545765460	357435	571120287	0.00103189	0.000693666	0	0.00383214	1597.83	2355.15	5	9422	
208	209	1	1	2	3	222795	371595466	309091	393645749	0.000861407	0.000833382	0	0.00408214	1273.56	2637.86	4	9422	
208	209	6	2	2	3	386448	480204332	450673	497671054	0.000910468	0.000673222	0	0.00408214	1104.28	2228.2	4	9422	
208	209	8	3	1	3	407832	474082344	497687	497937199	0.000860041	0.000665723	0	0.00458214	1000.5	2118.78	4	9422	
208	209	2	4	1	3	397793	547831549	477342	589844695	0.000889973	0.000680164	0	0.00408214	1235.69	2143.36	5	9422	
208	209	1	5	6	3	289251	454871998	361557	482263354	0.000880707	0.000762254	0	0.00408214	1333.85	2453.48	5	9422	
208	209	8	6	3	3	406793	465894602	471834	483594792	0.000899089	0.000650685	0	0.00408214	1024.93	2175.03	4	9422	
208	209	7	7	7	3	327406	548268788	359709	573865252	0.00103014	0.000694509	0	0.00383214	1595.36	2354.15	5	9422	
209	210	1	1	2	3	222976	372944631	309376	394999964	0.000862132	0.000834455	0	0.00408214	1276.76	2642.59	4	9422	
209	210	6	2	2	3	390192	485106619	454475	502581643	0.000910656	0.000671761	0	0.00408214	1105.85	2224.73	4	9422	
209	210	1	3	5	3	410734	475807448	500742	499675391	0.000860414	0.000664925	0	0.00458214	997.87	2118.13	4	9422	
209	210	2	4	1	3	399842	550184009	480003	592382498	0.000889374	0.00068008	0	0.00408214	1234.12	2142.94	5	9422	
209	210	4	5	1	3	291662	457012344	364246	484463758	0.000880828	0.00076114	0	0.00408214	1330.05	2450.17	5	9422	
209	210	8	6	2	3	409687	468422333	475013	486164322	0.000899077	0.000650015	0	0.00408214	1023.48	2173.34	4	9422	
209	210	7	7	1	3	328823	551561640	361352	577222773	0.00102995	0.00069496	0	0.00383214	1597.4	2354.39	5	9422	
210	211	1	1	2	3	223305	374303880	309734	396360493	0.000863185	0.000835361	0	0.00408214	1279.68	2647.05	4	9422	
210	211	1	2	2	3	393083	487312330	457586	504832999	0.000910787	0.000671034	0	0.00408214	1103.25	2222.55	4	9422	
210	211	8	3	1	3	411627	477239444	501653	501099377	0.00086107	0.000665416	0	0.00458214	998.896	2121.02	4	9422	
210	211	2	4	1	3	401897	553307354	482227	595528175	0.000889658	0.000679831	0	0.00408214	1234.95	2143.68	5	9422	
210	211	4	5	1	3	295209	460211621	367957	487703280	0.000881124	0.000758852	0	0.00408214	1325.44	2444.14	5	9422	
210	211	1	6	3	3	410765	470694656	476030	488434460	0.000899654	0.000650436	0	0.00408214	1026.06	2175.52	4	9422	
210	211	1	7	1	3	329272	553172481	361842	578859631	0.00103047	0.000695836	0	0.00383214	1599.76	2357.96	5	9422	
211	212	1	1	2	3	223692	375671918	310120	397729014	0.000864287	0.00083625	0	0.00408214	1282.5	2651.38	4	9422	
211	212	6	2	2	3	396782	490104127	461404	507643689	0.000910995	0.000669694	0	0.00408214	1100.22	2218.74	4	9422	
211	212	8	3	1	3	415308	479813695	505441	503694444	0.000861471	0.000664158	0	0.00458214	996.544	2118.33	4	9422	
211	212	1	4	1	3	402675	554728930	483011	596950743	0.000890374	0.000680543	0	0.00408214	1235.89	2146.75	5	9422	
211	212	4	5	1	3	296657	461968197	370039	489616424	0.000880479	0.000758978	0	0.00408214	1323.15	2443.38	5	9422	
211	212	1	6	3	3	411348	472423840	477142	490215309	0.000899152	0.000651456	0	0.00408214	1027.4	2177.67	4	9422	
211	212	1	7	7	3	329472	554521411	362018	580205960	0.00103118	0.000696863	0	0.00383214	1602.7	2362.51	5	9422	
212	213	1	1	2	3	224181	377218407	310653	399277688	0.000865217	0.000836992	0	0.00408214	1285.29	2655.02	4	9422	
212	213	6	2	2	3	400297	492701723	464991	510256400	0.000911235	0.000668429	0	0.00408214	1097.35	2215.82	4	9422	
212	213	8	3	1	3	418988	484255557	509172	508156239	0.000861962	0.000662892	0	0.00458214	998.005	2116.19	4	9422	
212	213	1	4	1	3	405321	559602437	485719	601847761	0.000890784	0.000679846	0	0.00408214	1239.09	2146.08	5	9422	
212	213	4	5	1	3	297312	463382425	371029	491090068	0.000880685	0.00075988	0	0.00408214	1323.59	2445.63	5	9422	
212	213	1	6	3	3	411514	473754722	477821	491572574	0.00089882	0.000652669	0	0.00408214	1028.78	2181.04	4	9422	
212	213	7	7	1	3	331433	556354304	364364	582091918	0.00103004	0.000696723	0	0.00383214	1597.56	2361.77	5	9422	
213	214	1	1	2	3	224711	378916487	311141	400977279	0.000866107	0.000837634	0	0.00408214	1288.73	2658.52	4	9422	
213	214	1	2	4	3	403048	495846013	467899	513445498	0.00091169	0.000667888	0	0.00408214	1097.34	2214.06	4	9422	
213	214	8	3	1	3	421589	488899815	511896	512842343	0.00086249	0.00066242	0	0.00458214	1001.85	2115.7	4	9422	
213	214	1	4	1	3	407703	562567796	488154	604831319	0.000891335	0.000679403	0	0.00408214	1239.02	2145.86	5	9422	
213	214	1	5	6	3	298659	465025708	372853	492820383	0.00088047	0.000760086	0	0.00408214	1321.76	2445.89	5	9422	
213	214	1	6	3	3	411749	475054482	477969	492867050	0.000899479	0.000653647	0	0.00408214	1031.17	2185.17	4	9422	
213	214	1	7	7	3	335131	560595677	368158	586349546	0.00102892	0.000694743	0	0.00383214	1592.66	2356.59	5	9422	
214	215	1	1	2	3	224901	380218068	311326	402277081	0.000867028	0.000838735	0	0.00408214	1292.14	2663.09	4	9422	
214	215	6	2	2	3	405675	498617444	470664	516252381	0.000911985	0.000667354	0	0.00408214	1096.86	2212.27	4	9422	
214	215	1	3	5	3	425073	495622062	515436	519606957	0.000863281	0.000661517	0	0.00458214	1008.09	2113.88	4	9422	
214	215	2	4	1	3	409463	565185085	489992	607515485	0.000891887	0.000679396	0	0.00408214	1239.85	2146.49	5	9422	
214	215	1	5	6	3	299535	466531361	373784	494329278	0.000881546	0.000760659	0	0.00408214	1322.5	2448.44	5	9422	
214	215	1	6	3	3	411947	476342073	478142	494162862	0.000900068	0.000654579	0	0.00408214	1033.51	2189.26	4	9422	
214	215	1	7	7	3	336892	564462973	371411	591050014	0.00102478	0.000695974	0	0.00383214	1591.36	2352.73	5	9422	
215	216	6	1	1	3	225221	381633398	311595	403700779	0.000867979	0.00083967	0	0.00408214	1295.59	2667.39	4	9422	
215	216	6	2	2	3	409481	502044909	474500	519688267	0.000912331	0.000665977	0	0.00408214	1095.23	2208.37	4	9422	
215	216	8	3	5	3	427693	498867434	518491	522974569	0.000863441	0.000661315	0	0.00458214	1008.65	2112.79	4	9422	
215	216	2	4	1	3	411231	567805459	491856	610216053	0.000892515	0.000679436	0	0.00408214	1240.64	2147.3	5	9422	
215	216	1	5	1	3	299978	467884296	374677	495741173	0.000881472	0.000761664	0	0.00408214	1323.12	2450.85	5	9422	
215	216	1	6	3	3	412457	478026789	478641	495850187	0.000900583	0.000655301	0	0.00408214	1035.95	2192.53	4	9422	
215	216	7	7	1	3	339117	567258951	373839	593946894	0.00102444	0.000695603	0	0.00383214	1588.78	2351.12	5	9422	
216	217	1	1	1	3	225585	383117409	312535	405463331	0.000867352	0.000840468	0	0.00408214	1297.34	2668.68	4	9422	
216	217	1	2	4	3	413136	506715337	478258	524408219	0.000912421	0.00066468	0	0.00408214	1096.5	2204.79	4	9422	
216	217	1	3	5	3	429285	501380755	520337	525564672	0.000863667	0.000661578	0	0.00458214	1010.05	2113.36	4	9422	
216	217	2	4	1	3	412938	570440029	493682	612979631	0.000893178	0.00067945	0	0.00408214	1241.65	2147.97	5	9422	
216	217	4	5	6	3	301720	470145873	377750	498366446	0.000879431	0.000761687	0	0.00408214	1319.3	2447.07	5	9422	
216	217	1	6	3	3	412600	479332089	478784	497155487	0.00090121	0.000656206	0	0.00408214	1038.37	2196.71	4	9422	
216	217	7	7	1	3	341239	570017211	376229	596787870	0.00102393	0.000695362	0	0.00383214	1586.24	2350.09	5	9422	
217	218	1	1	2	3	225981	384426191	313021	406778570	0.000868237	0.00084134	0	0.00408214	1299.52	2672.05	4	9422	
217	218	1	2	4	3	415762	509385698	481001	527101385	0.000912732	0.000664165	0	0.00408214	1095.84	2203.78	4	9422	
217	218	8	3	1	3	430069	502778024	521145	526954374	0.000864322	0.000662153	0	0.00458214	1011.15	2116.21	4	9422	
217	218	2	4	1	3	416064	572798028	496918	615367880	0.000893607	0.00067856	0	0.00408214	1238.37	2146.6	5	9422	
217	218	4	5	1	3	303098	472026283	380423	501290091	0.000877267	0.000761964	0	0.00408214	1317.72	2444.54	5	9422	
217	218	8	6	2	3	414163	480935298	480655	498782665	0.000901254	0.000656466	0	0.00408214	1037.71	2197.7	4	9422	
217	218	1	7	7	3	343449	572376354	378628	599189059	0.00102336	0.000694843	0	0.00383214	1582.53	2349.07	5	9422	
218	219	1	1	2	3	228412	386837938	315610	409224099	0.000869324	0.000839734	0	0.00408214	1296.61	2667.18	4	9422	
218	219	6	2	2	3	416105	510778967	481494	528505763	0.000913073	0.000665083	0	0.00408214	1097.64	2207.42	4	9422	
218	219	1	3	5	3	430297	504052962	521338	528229211	0.000865	0.000663171	0	0.00458214	1013.22	2119.97	4	9422	
218	219	2	4	1	3	418784	575662670	500094	618389053	0.00089333	0.000678036	0	0.00408214	1236.55	2144.73	5	9422	
218	219	4	5	1	3	305288	473866191	382766	503157572	0.000877867	0.000761171	0	0.00408214	1314.53	2442.94	5	9422	
218	219	1	6	2	3	416350	484183346	482928	502042924	0.000901687	0.000656219	0	0.00408214	1039.58	2197.71	4	9422	
218	219	7	7	1	3	345543	574619534	381878	601713738	0.00102045	0.000695513	0	0.00383214	1575.67	2345.95	5	9422	
219	220	1	1	2	3	229821	388547914	317065	410957611	0.000870156	0.00083921	0	0.00408214	1296.13	2666.64	4	9422	
219	220	6	2	2	3	419286	513603383	485058	531414761	0.000912729	0.00066428	0	0.00408214	1095.57	2204.64	4	9422	
219	220	8	3	1	3	431192	505480423	522673	529698242	0.000864881	0.00066384	0	0.00458214	1013.44	2122.21	4	9422	
219	220	2	4	1	3	421296	578299270	503035	621291763	0.000893161	0.000677669	0	0.00408214	1235.09	2143.74	5	9422	
219	220	1	5	1	3	307851	475894816	385615	505230708	0.000878126	0.000760062	0	0.00408214	1310.19	2440.08	5	9422	
219	220	8	6	2	3	418751	486270498	485498	504146884	0.00090193	0.000655838	0	0.00408214	1038.41	2197.45	4	9422	
219	220	7	7	1	3	347844	577384115	384217	604477119	0.00102035	0.000694816	0	0.00383214	1573.27	2345.11	5	9422	
220	221	1	1	2	3	230257	390073688	317499	412490155	0.000871073	0.000839918	0	0.00408214	1299.19	2670.24	4	9422	
220	221	6	2	2	3	422381	516445820	488272	534305568	0.00091299	0.000663437	0	0.00408214	1094.28	2202.58	4	9422	
220	221	8	3	1	3	434366	510235854	525962	534517564	0.000865384	0.000662985	0	0.00458214	1016.27	2120.28	4	9422	
220	221	1	4	1	3	423875	580297433	505645	623294355	0.000893738	0.000677146	0	0.00408214	1232.67	2143.46	5	9422	
220	221	4	5	1	3	310941	478233583	388773	507582581	0.000878815	0.000758398	0	0.00408214	1305.6	2436.66	5	9422	
220	221	1	6	3	3	419454	487636906	486223	505514792	0.000902557	0.00065646	0	0.00408214	1039.68	2200.54	4	9422	
220	221	7	7	1	3	350021	580563766	386479	607731961	0.00102031	0.000694286	0	0.00383214	1572.48	2344.04	5	9422	
221	222	1	1	2	3	230400	391382949	318014	413933655	0.000871011	0.000840979	0	0.00408214	1301.62	2673.52	4	9422	
221	222	1	2	4	3	425850	520338415	491849	538221965	0.000913288	0.000662403	0	0.00408214	1094.28	2199.91	4	9422	
221	222	8	3	1	3	437696	513638380	529773	538168077	0.000865127	0.000662128	0	0.00458214	1015.85	2117.31	4	9422	
221	222	2	4	1	3	426900	583634716	509101	626696547	0.000893357	0.000676354	0	0.00408214	1230.99	2141.56	5	9422	
221	222	4	5	1	3	313503	480230277	391635	509622852	0.000879121	0.000757433	0	0.00408214	1301.27	2434.02	5	9422	
221	222	1	6	3	3	422257	489643136	489113	507542632	0.000902725	0.000655702	0	0.00408214	1037.68	2199.56	4	9422	
221	222	1	7	1	3	353276	583063278	389791	610241299	0.00101992	0.000692948	0	0.00383214	1565.56	2340.81	5	9422	
222	223	1	1	1	3	230542	392718094	318183	415280676	0.000871897	0.000842002	0	0.00408214	1305.16	2678.34	4	9422	
222	223	6	2	2	3	426846	521868753	492868	539755436	0.000913947	0.000663005	0	0.00408214	1095.13	2202.36	4	9422	
222	223	1	3	5	3	439395	516282983	532820	541652400	0.000863693	0.000662601	0	0.00458214	1016.58	2115.98	4	9422	
222	223	1	4	1	3	429055	586249376	511295	629327479	0.000893748	0.000676035	0	0.00408214	1230.85	2141.55	5	9422	
222	223	1	5	6	3	315278	483253452	395151	513528714	0.000876033	0.00075746	0	0.00408214	1299.58	2429.17	5	9422	
222	223	8	6	2	3	425292	491774721	492263	509687007	0.000902948	0.000654861	0	0.00408214	1035.4	2197.95	4	9422	
222	223	1	7	7	3	355343	585746505	392376	613128561	0.00101882	0.000692949	0	0.00383214	1562.6	2339.16	5	9422	
223	224	1	1	2	3	230944	394302513	318683	416955090	0.000872564	0.000842821	0	0.00408214	1308.37	2681.31	4	9422	
223	224	1	2	2	3	427081	523212874	493049	541094893	0.000914655	0.000664045	0	0.00408214	1097.45	2206.47	4	9422	
223	224	1	3	1	3	441845	519393409	536069	545107565	0.00086322	0.000662536	0	0.00458214	1016.86	2114.32	4	9422	
223	224	2	4	1	3	432167	588868393	514779	632042874	0.000893608	0.000675258	0	0.00408214	1227.79	2139.55	5	9422	
223	224	1	5	6	3	315605	484701506	398537	516801162	0.000870054	0.000759169	0	0.00408214	1296.75	2424.3	5	9422	
223	224	1	6	3	3	427173	493505403	494242	511434998	0.000903363	0.00065475	0	0.00408214	1034.79	2198.71	4	9422	
223	224	1	7	7	3	355486	587052035	392614	614451853	0.0010193	0.000693951	0	0.00383214	1565.03	2343.03	5	9422	
224	225	1	1	2	3	231131	395588381	318883	418241769	0.000873452	0.000843897	0	0.00408214	1311.58	2685.52	4	9422	
224	225	1	2	4	3	427547	524897730	493504	542779980	0.000915361	0.000664961	0	0.00408214	1099.85	2209.7	4	9422	
224	225	1	3	5	3	444552	522407338	539121	548162029	0.000863314	0.000662015	0	0.00458214	1016.77	2113.56	4	9422	
224	225	1	4	1	3	434649	591492057	517541	634754045	0.000893747	0.000674916	0	0.00408214	1226.48	2138.92	5	9422	
224	225	1	5	6	3	315748	485987060	398724	518091037	0.000870722	0.000760117	0	0.00408214	1299.37	2428.23	5	9422	
224	225	1	6	3	3	428730	495910400	495825	513857244	0.000903682	0.000654816	0	0.00408214	1036.37	2199.93	4	9422	
224	225	7	7	1	3	356876	589188384	394118	616618286	0.00101939	0.000694055	0	0.00383214	1564.55	2343.98	5	9422	
225	226	1	1	2	3	231368	396908479	319031	419553109	0.000874415	0.000844938	0	0.00408214	1315.09	2690.1	4	9422	
225	226	1	2	4	3	427818	526491687	493870	544379209	0.000915784	0.000665859	0	0.00408214	1102.27	2213.36	4	9422	
225	226	1	3	5	3	445627	524721465	540192	550481624	0.00086385	0.000662431	0	0.00458214	1019.05	2116.14	4	9422	
225	226	2	4	1	3	436896	594003583	519866	637292836	0.00089433	0.00067476	0	0.00408214	1225.88	2138.76	5	9422	
225	226	1	5	6	3	316370	487860086	399445	519993936	0.000871544	0.000760919	0	0.00408214	1301.79	2430.9	5	9422	
225	226	1	6	2	3	428978	497267388	495971	515204905	0.000904292	0.00065569	0	0.00408214	1038.78	2204.21	4	9422	
225	226	7	7	1	3	359789	592372379	397712	620082131	0.00101732	0.00069349	0	0.00383214	1559.12	2339.77	5	9422	
226	227	1	1	2	3	231613	398199657	319174	420833577	0.000875368	0.000845946	0	0.00408214	1318.51	2694.45	4	9422	
226	227	1	2	4	3	427961	527832106	494013	545719628	0.000916387	0.000666706	0	0.00408214	1104.67	2217.52	4	9422	
226	227	1	3	5	3	445861	526016689	540335	551777318	0.000864416	0.000663254	0	0.00458214	1021.18	2119.95	4	9422	
226	227	2	4	1	3	439652	596787839	522756	640117402	0.000894815	0.000674223	0	0.00408214	1224.51	2137.55	5	9422	
226	227	4	5	1	3	316556	489167411	399796	521319927	0.000871981	0.00076188	0	0.00408214	1303.96	2434.53	5	9422	
226	227	1	6	3	3	429172	498620089	496160	516547649	0.000904888	0.00065669	0	0.00408214	1041.09	2208.37	4	9422	
226	227	1	7	7	3	362017	594835709	400777	623131749	0.00101511	0.000693591	0	0.00383214	1554.81	2337.35	5	9422	
227	228	1	1	2	3	231837	399529012	319341	422147588	0.000876367	0.00084708	0	0.00408214	1321.93	2698.98	4	9422	
227	228	1	2	4	3	428103	529135215	494179	547034500	0.000916947	0.000667565	0	0.00408214	1106.96	2221.45	4	9422	
227	228	8	3	1	3	448250	530543106	543049	556483187	0.000864579	0.000662948	0	0.00458214	1024.74	2119.42	4	9422	
227	228	1	4	1	3	442386	599428155	525951	642862009	0.000894618	0.000673777	0	0.00408214	1222.28	2135.91	5	9422	
227	228	4	5	6	3	317297	490580491	400728	522763181	0.000872392	0.000762392	0	0.00408214	1304.53	2436.71	5	9422	
227	228	1	6	3	3	429734	500306657	497067	518269340	0.000904856	0.000657664	0	0.00408214	1042.65	2211.02	4	9422	
227	228	1	7	7	3	362469	596218130	401404	624535563	0.00101546	0.000694583	0	0.00383214	1555.88	2340.73	5	9422	
228	229	1	1	2	3	232066	400812336	319507	423424420	0.000877395	0.00084825	0	0.00408214	1325.24	2703.16	4	9422	
228	229	6	2	2	3	428246	530474003	494431	548505318	0.000917348	0.000668473	0	0.00408214	1109.37	2225.34	4	9422	
228	229	8	3	1	3	449512	533173529	544485	559325421	0.00086543	0.000663344	0	0.00458214	1027.26	2120.82	4	9422	
228	229	1	4	1	3	444200	601924717	528397	645599560	0.000894313	0.000674052	0	0.00408214	1221.81	2135.62	5	9422	
228	229	4	5	1	3	317947	492113596	401383	524293413	0.000873474	0.000763246	0	0.00408214	1306.22	2439.77	5	9422	
228	229	8	6	2	3	430098	501665912	497447	519638601	0.000905507	0.00065854	0	0.00433214	1044.61	2214.81	4	9422	
228	229	1	7	1	3	363501	597671348	402436	625988597	0.00101601	0.000694903	0	0.00383214	1555.5	2343.11	5	9422	
229	230	1	1	2	3	232277	402126860	319715	424748725	0.000878166	0.000849253	0	0.00408214	1328.52	2707.56	4	9422	
229	230	6	2	2	3	431891	534158535	498198	552232607	0.000917615	0.00066738	0	0.00408214	1108.46	2221.88	4	9422	
229	230	8	3	1	3	451946	535804053	547011	562010873	0.000865898	0.000662941	0	0.00458214	1027.42	2120.15	4	9422	
229	230	2	4	1	3	446796	604308042	531462	648082242	0.000894154	0.000673755	0	0.00408214	1219.43	2134.68	5	9422	
229	230	1	5	6	3	320178	495189353	404202	527644382	0.00087302	0.000762518	0	0.00408214	1305.4	2436.79	5	9422	
229	230	8	6	2	3	431641	503520593	499039	521496139	0.000905836	0.000658601	0	0.00433214	1045	2216.07	4	9422	
229	230	1	7	7	3	365988	600458885	405378	628829261	0.00101487	0.000694509	0	0.00383214	1551.22	2341.25	5	9422	
230	231	6	1	1	3	232420	403448037	320455	426107882	0.000877477	0.000850301	0	0.00408214	1329.7	2710.18	4	9422	
230	231	6	2	2	3	435530	539492163	501925	557623947	0.000917985	0.000666316	0	0.00408214	1110.97	2218.16	4	9422	
230	231	1	3	1	3	455063	538442178	550215	564674950	0.00086622	0.000662105	0	0.00458214	1026.28	2118.49	4	9422	
230	231	2	4	1	3	448012	606632537	533334	650853680	0.000893632	0.000674413	0	0.00408214	1220.35	2135.14	5	9422	
230	231	4	5	1	3	322004	496895341	406073	529347016	0.000873737	0.000762133	0	0.00408214	1303.58	2436.74	5	9422	
230	231	1	6	3	3	433433	505283267	501594	523428216	0.000905108	0.00065883	0	0.00433214	1043.53	2215.26	4	9422	
230	231	7	7	7	3	367561	603447555	408204	632334037	0.00101198	0.000695522	0	0.00383214	1549.06	2339.12	5	9422	
231	232	6	1	1	3	233169	404915363	321569	427608680	0.000877418	0.000850589	0	0.00408214	1329.76	2711.11	4	9422	
231	232	1	2	2	3	439241	543513252	505731	561696665	0.000918176	0.00066508	0	0.00408214	1110.66	2214.42	4	9422	
231	232	8	3	1	3	457119	541076268	552401	567393650	0.000866746	0.000661905	0	0.00458214	1027.14	2118.37	4	9422	
231	232	2	4	1	3	449514	608472383	535371	652903500	0.000893421	0.000674835	0	0.00408214	1219.53	2135.63	5	9422	
231	232	1	5	6	3	322959	498938067	407088	531401400	0.000874479	0.000762442	0	0.00408214	1305.37	2438.59	5	9422	
231	232	1	6	2	3	436291	507693062	504571	525867764	0.000905355	0.000658165	0	0.00433214	1042.21	2213.9	4	9422	
231	232	7	7	1	3	369576	606448415	411130	635887664	0.00100991	0.000695872	0	0.00383214	1546.68	2336.58	5	9422	
232	233	1	1	2	3	234562	406678819	323653	429453966	0.000876562	0.00085003	0	0.00408214	1326.9	2708.53	4	9422	
232	233	1	2	4	3	442547	546006187	509141	564203090	0.000918206	0.000664021	0	0.00408214	1108.15	2212.12	4	9422	
232	233	8	3	1	3	459415	543005978	554730	569329441	0.000867224	0.000661554	0	0.00458214	1026.32	2118.77	4	9422	
232	233	2	4	1	3	452340	612571791	538984	657361982	0.000892484	0.000674375	0	0.00408214	1219.63	2133.32	5	9422	
232	233	1	5	6	3	324677	501362413	409000	533867482	0.000874739	0.000761999	0	0.00408214	1305.3	2437.97	5	9422	
232	233	1	6	2	3	436648	509129737	504887	527312197	0.000905893	0.00065896	0	0.00433214	1044.42	2217.29	4	9422	
232	233	7	7	1	3	371592	609578375	414235	639613245	0.00100747	0.000696398	0	0.00383214	1544.08	2333.56	5	9422	
233	234	1	1	1	3	234797	408026877	323890	430801856	0.000877604	0.000851085	0	0.00408214	1330.09	2712.92	4	9422	
233	234	1	2	4	3	445146	548378703	511876	566605167	0.000918504	0.000663578	0	0.00408214	1106.92	2211.09	4	9422	
233	234	8	3	1	3	462636	545271037	558280	571673338	0.000867494	0.00066074	0	0.00458214	1023.99	2116.96	4	9422	
233	234	1	4	1	3	454035	615202365	541280	660312622	0.000892068	0.000674618	0	0.00408214	1219.91	2133.11	5	9422	
233	234	1	5	6	3	325064	502731613	409374	535235381	0.000875765	0.000763046	0	0.00408214	1307.45	2441.65	5	9422	
233	234	8	6	2	3	438856	511045775	508276	529411186	0.000904647	0.000659118	0	0.00433214	1041.58	2214.83	4	9422	
233	234	7	7	7	3	374511	614010970	417961	644720767	0.00100528	0.000695872	0	0.00383214	1542.54	2329.15	5	9422	
234	235	1	1	2	3	236273	410436418	325471	433213345	0.000878374	0.000850549	0	0.00408214	1331.04	2712.28	4	9422	
234	235	6	2	2	3	446503	549941244	513282	568182678	0.000919018	0.000663841	0	0.00408214	1106.96	2212.76	4	9422	
234	235	8	3	1	3	464655	546825734	560486	573247952	0.000868027	0.000660563	0	0.00458214	1022.77	2117.42	4	9422	
234	235	1	4	1	3	456337	617845278	543665	662980634	0.000892442	0.000674273	0	0.00408214	1219.47	2133	5	9422	
234	235	1	5	6	3	325297	504056094	409575	536556994	0.000876669	0.000764186	0	0.00408214	1310.03	2445.59	5	9422	
234	235	8	6	2	3	440218	512657844	510720	531139334	0.000903295	0.000659897	0	0.00433214	1039.98	2214.68	4	9422	
234	235	7	7	1	3	376190	617395592	420368	648862742	0.001004	0.000696263	0	0.00383214	1543.56	2326.89	5	9422	
235	236	1	1	2	3	239004	412635666	328521	435467361	0.000878796	0.000848471	0	0.00408214	1325.54	2706.49	4	9422	
235	236	6	2	2	3	448170	551517444	515113	569773767	0.000919361	0.000663854	0	0.00408214	1106.11	2213.78	4	9422	
235	236	1	3	5	3	466121	548369220	562942	574889430	0.000867316	0.000661039	0	0.00458214	1021.22	2117.67	4	9422	
235	236	2	4	1	3	458610	620477702	545978	665619659	0.000892867	0.000673942	0	0.00408214	1219.13	2132.81	5	9422	
235	236	4	5	1	3	326110	505527539	410604	538056261	0.000877209	0.000764835	0	0.00408214	1310.4	2447.57	5	9422	
235	236	8	6	2	3	442852	514509301	514017	533089543	0.000902824	0.000659604	0	0.00433214	1037.1	2212.78	4	9422	
235	236	1	7	1	3	378000	620024589	422333	651616622	0.00100435	0.000696165	0	0.00383214	1542.9	2326.55	5	9422	
236	237	6	1	1	3	240524	414188639	331089	437206559	0.000877369	0.000847931	0	0.00408214	1320.51	2702.69	4	9422	
236	237	6	2	2	3	450680	553249719	517737	571517468	0.000919502	0.000663328	0	0.00408214	1103.88	2213.46	4	9422	
236	237	8	3	1	3	468868	551100656	566001	577658258	0.000867515	0.000660642	0	0.00458214	1020.6	2116.86	4	9422	
236	237	1	4	1	3	461926	622894668	549389	668052291	0.000893212	0.00067299	0	0.00408214	1215.99	2131.32	5	9422	
236	237	1	5	6	3	327032	507453480	411774	540117327	0.000877526	0.00076522	0	0.00408214	1311.68	2449.02	5	9422	
236	237	1	6	3	3	444086	516380305	515477	534984026	0.000902955	0.000659927	0	0.00433214	1037.84	2214.13	4	9422	
236	237	1	7	7	3	379554	622409823	424006	654080548	0.00100462	0.000696186	0	0.00383214	1542.62	2326.68	5	9422	
237	238	1	1	2	3	243158	415991019	334292	439064203	0.000876848	0.000845878	0	0.00408214	1313.42	2696.58	4	9422	
237	238	6	2	2	3	453663	555174712	520838	573452914	0.000919495	0.0006625	0	0.00408214	1101.02	2211.95	4	9422	
237	238	1	3	1	3	471372	553682865	569657	580559037	0.000866377	0.000660569	0	0.00458214	1019.14	2114.7	4	9422	
237	238	2	4	1	3	464249	625741773	552100	671027322	0.000893066	0.000672792	0	0.00408214	1215.41	2130.81	5	9422	
237	238	1	5	6	3	328326	510621423	413154	543282623	0.000877978	0.000765151	0	0.00408214	1314.96	2450.02	5	9422	
237	238	1	6	3	3	446703	517943174	518199	536555207	0.00090315	0.000659297	0	0.00433214	1035.42	2213.31	4	9422	
237	238	7	7	1	3	381160	624222152	425702	655903696	0.00100487	0.000696188	0	0.00383214	1540.76	2327.2	5	9422	
238	239	6	1	1	3	243922	417465295	335283	440552059	0.000877199	0.000846116	0	0.00408214	1313.97	2697.95	4	9422	
238	239	1	2	4	3	456181	557814966	524269	576290322	0.000918518	0.000662527	0	0.00408214	1099.23	2209.49	4	9422	
238	239	8	3	1	3	473786	556939691	572296	583841786	0.000866532	0.000660258	0	0.00458214	1020.17	2114.23	4	9422	
238	239	2	4	1	3	466890	628350513	554819	673663156	0.000893643	0.000672373	0	0.00408214	1214.2	2130.05	5	9422	
238	239	1	5	6	3	328475	511932033	413395	544602651	0.000878536	0.000766088	0	0.00408214	1317.39	2453.75	5	9422	
238	239	8	6	2	3	448812	519733243	520425	538363339	0.000903476	0.000659052	0	0.00433214	1034.47	2213.16	4	9422	
238	239	1	7	7	3	382052	625724879	426817	657462247	0.00100493	0.000696807	0	0.00383214	1540.38	2329.47	5	9422	
239	240	1	1	2	3	246802	420095423	338328	443221746	0.000877864	0.000843913	0	0.00408214	1310.04	2692.42	4	9422	
239	240	6	2	2	3	457511	559264605	525707	577740044	0.000918939	0.000662728	0	0.00408214	1098.98	2211	4	9422	
239	240	8	3	1	3	477307	560094006	576033	587083466	0.000866755	0.000659278	0	0.00458214	1019.18	2112.1	4	9422	
239	240	1	4	1	3	467580	629694663	555544	675010633	0.000894291	0.000673015	0	0.00408214	1215.04	2132.46	5	9422	
239	240	4	5	1	3	328969	513779772	413937	546470738	0.000879202	0.000766771	0	0.00408214	1320.18	2456.54	5	9422	
239	240	1	6	3	3	451476	522076249	523478	540816531	0.000903229	0.000658529	0	0.00433214	1033.12	2211.68	4	9422	
239	240	7	7	1	3	383484	628161085	429125	660190043	0.00100335	0.00069757	0	0.00383214	1538.46	2328.62	5	9422	
240	241	1	1	2	3	247009	421421153	338516	444545462	0.00087883	0.000844983	0	0.00408214	1313.22	2696.67	4	9422	
240	241	6	2	2	3	459444	560933649	527691	579412762	0.000919375	0.000662592	0	0.00408214	1098.02	2211.42	4	9422	
240	241	8	3	1	3	480277	564760007	579277	591911129	0.000866926	0.000658696	0	0.00458214	1021.81	2110.97	4	9422	
240	241	1	4	1	3	468290	631085445	556262	676402101	0.000894922	0.000673633	0	0.00408214	1215.98	2135.14	5	9422	
240	241	4	5	6	3	332004	517102569	417678	550096201	0.000878357	0.000765301	0	0.00408214	1317.03	2450.85	5	9422	
240	241	8	6	2	3	452769	523523753	524887	542263781	0.000903606	0.000658753	0	0.00433214	1033.11	2213.18	4	9422	
240	241	7	7	1	3	385288	630969832	431475	663216050	0.00100242	0.000697781	0	0.00383214	1537.09	2327.42	5	9422	
241	242	1	1	2	3	247237	422709963	338683	445821560	0.000879715	0.00084596	0	0.00408214	1316.34	2700.69	4	9422	
241	242	1	2	4	3	459852	562291463	528158	580786931	0.000919899	0.00066336	0	0.00408214	1099.65	2214.63	4	9422	
241	242	8	3	1	3	482416	567384691	581525	594596544	0.000867448	0.000658536	0	0.00458214	1022.48	2111.11	4	9422	
241	242	1	4	1	3	469309	633438896	557374	678761596	0.00089533	0.000674008	0	0.00408214	1217.78	2137.4	5	9422	
241	242	4	5	1	3	333034	519345944	418835	552369188	0.000878846	0.000765486	0	0.00408214	1318.82	2452.33	5	9422	
241	242	1	6	3	3	453974	525004290	526217	543754488	0.000904006	0.00065905	0	0.00433214	1033.33	2214.79	4	9422	
241	242	7	7	1	3	388253	635789240	434911	668555224	0.00100111	0.000696966	0	0.00383214	1537.22	2323.13	5	9422	
242	243	1	1	2	3	247474	424018925	338903	447125750	0.000880755	0.000847116	0	0.00408214	1319.33	2704.63	4	9422	
242	243	6	2	2	3	460088	563608311	528339	582098059	0.000920564	0.000664341	0	0.00408214	1101.75	2218.26	4	9422	
242	243	8	3	1	3	485044	570027252	584284	597266147	0.000868057	0.00065826	0	0.00458214	1022.22	2110.59	4	9422	
242	243	2	4	1	3	472920	636840843	561094	682175189	0.0008955	0.000672881	0	0.00408214	1215.79	2135.46	5	9422	
242	243	1	5	1	3	334398	521018122	420237	554046019	0.000879702	0.0007655	0	0.00408214	1318.41	2453.41	5	9422	
242	243	1	6	2	3	454201	526289395	526405	545045785	0.0009046	0.000659903	0	0.00433214	1035.41	2218.39	4	9422	
242	243	1	7	1	3	390188	638416526	436905	671222444	0.00100115	0.000696663	0	0.00383214	1536.31	2322.76	5	9422	
243	244	6	1	1	3	249891	426675211	342075	449946132	0.000880011	0.000845659	0	0.00408214	1315.34	2698.87	4	9422	
243	244	6	2	4	3	460295	564924453	528557	583414456	0.000921117	0.000665191	0	0.00408214	1103.79	2221.86	4	9422	
243	244	8	3	1	3	487765	572332915	587402	599661588	0.000868028	0.000657822	0	0.00458214	1020.87	2109.55	4	9422	
243	244	2	4	1	3	476071	639171506	564318	684520879	0.000895693	0.000671957	0	0.00408214	1213.01	2134	5	9422	
243	244	1	5	1	3	336384	522919940	422283	555956819	0.000880366	0.000764878	0	0.00408214	1316.55	2452.97	5	9422	
243	244	1	6	3	3	456333	528813339	528920	547698952	0.000904403	0.000659732	0	0.00433214	1035.5	2217.52	4	9422	
243	244	7	7	1	3	392191	641054797	438983	673908756	0.00100136	0.000696386	0	0.00383214	1535.16	2322.2	5	9422	
244	245	6	1	1	3	250553	428460291	343095	451766709	0.000880142	0.000846101	0	0.00408214	1316.74	2700.12	4	9422	
244	245	1	2	4	3	461231	566492665	529926	585048668	0.00092093	0.000665833	0	0.00408214	1104.02	2223.59	4	9422	
244	245	1	3	5	3	489599	575038737	589592	602408614	0.000868163	0.000657983	0	0.00458214	1021.74	2110.07	4	9422	
244	245	2	4	1	3	479427	641440096	567720	686804359	0.000895944	0.000670939	0	0.00408214	1209.76	2132.59	5	9422	
244	245	4	5	1	3	337431	524467254	423349	557496493	0.00088124	0.00076529	0	0.00408214	1316.87	2454.92	5	9422	
244	245	8	6	2	3	457740	530326496	530452	549221969	0.000904762	0.000659923	0	0.00433214	1035.38	2218.69	4	9422	
244	245	1	7	7	3	393056	642804157	439858	675673453	0.00100199	0.000697008	0	0.00383214	1536.12	2324.49	5	9422	
245	246	6	1	1	3	251580	430288569	345557	453936206	0.000877641	0.000846201	0	0.00408214	1313.64	2696.05	4	9422	
245	246	1	2	4	3	462573	568847266	531466	587449851	0.000921089	0.00066611	0	0.00408214	1105.34	2224.83	4	9422	
245	246	8	3	1	3	490664	576489105	590823	603876202	0.000868472	0.000658365	0	0.00458214	1022.09	2112.15	4	9422	
245	246	2	4	1	3	482986	644747770	571366	690136183	0.000896141	0.000669847	0	0.00408214	1207.87	2130.57	5	9422	
245	246	1	5	6	3	339791	526513960	426459	559708950	0.000880474	0.000764541	0	0.00408214	1312.46	2451.96	5	9422	
245	246	1	6	3	3	459646	532377247	532454	551280714	0.000905088	0.000659824	0	0.00433214	1035.36	2219.09	4	9422	
245	246	7	7	1	3	394612	646196536	441517	679131202	0.00100213	0.000697019	0	0.00383214	1538.18	2324.67	5	9422	
246	247	6	1	1	3	253104	432212436	348894	456554224	0.000874078	0.000845618	0	0.00408214	1308.58	2689.1	4	9422	
246	247	6	2	2	3	465773	570863109	534894	589493291	0.000921048	0.000665183	0	0.00408214	1102.07	2222.87	4	9422	
246	247	8	3	5	3	492970	579515697	593226	606908299	0.000868802	0.000658086	0	0.00458214	1023.06	2112.6	4	9422	
246	247	2	4	1	3	485931	647936524	575149	693850349	0.000895201	0.000669437	0	0.00408214	1206.38	2127.94	5	9422	
246	247	4	5	1	3	340977	528841053	427615	562063174	0.000881248	0.000764651	0	0.00408214	1314.41	2453.61	5	9422	
246	247	1	6	2	3	460324	533990950	533187	552910318	0.000905595	0.000660492	0	0.00433214	1036.99	2221.75	4	9422	
246	247	7	7	1	3	397268	648933404	444319	681920054	0.00100189	0.000696243	0	0.00383214	1534.75	2323	5	9422	
247	248	1	1	1	3	256703	435892198	352671	460300235	0.000874631	0.000842567	0	0.00408214	1305.18	2680.2	4	9422	
247	248	6	2	2	3	467474	573209035	536733	591893875	0.000921153	0.000665178	0	0.00408214	1102.77	2223.29	4	9422	
247	248	8	3	1	3	496200	582552899	596588	609977111	0.000869132	0.000657314	0	0.00458214	1022.44	2110.83	4	9422	
247	248	2	4	1	3	487106	650368755	576446	696305928	0.000895459	0.000669683	0	0.00408214	1207.93	2129.77	5	9422	
247	248	1	5	6	3	341165	530190208	427816	563413524	0.000881884	0.000765571	0	0.00408214	1316.95	2457.52	5	9422	
247	248	1	6	3	3	461705	536025859	534677	554960618	0.00090586	0.000660646	0	0.00433214	1037.94	2222.65	4	9422	
247	248	7	7	1	3	399483	651568177	446888	684751347	0.00100139	0.000696048	0	0.00383214	1532.27	2321.23	5	9422	
248	249	6	1	1	3	259427	439312429	356291	464210470	0.000873432	0.000840523	0	0.00408214	1302.9	2671.98	4	9422	
248	249	1	2	4	3	470755	575246387	540286	593984210	0.000921111	0.000664201	0	0.00408214	1099.39	2221.19	4	9422	
248	249	8	3	1	3	499498	584392737	600142	611850172	0.000869215	0.000656474	0	0.00458214	1019.51	2108.93	4	9422	
248	249	1	4	1	3	489649	653158672	579096	699121220	0.000895691	0.000669187	0	0.00408214	1207.26	2129.54	5	9422	
248	249	1	5	6	3	341311	531490429	428044	564722100	0.000882443	0.000766483	0	0.00408214	1319.31	2461.1	5	9422	
248	249	8	6	2	3	464387	538067274	538276	557122148	0.000904702	0.000660439	0	0.00433214	1035.01	2220.09	4	9422	
248	249	7	7	1	3	401118	654199361	448581	687432468	0.00100156	0.000695919	0	0.00383214	1532.46	2321.59	5	9422	
249	250	1	1	2	3	261405	442591419	359398	468179306	0.000871832	0.00083954	0	0.00408214	1302.68	2665.56	4	9422	
249	250	1	2	4	3	472552	577536054	542225	596310473	0.00092134	0.00066409	0	0.00408214	1099.75	2221.46	4	9422	
249	250	1	3	5	3	501265	586027871	602067	613502074	0.000869505	0.000656418	0	0.00458214	1018.99	2109.88	4	9422	
249	250	2	4	1	3	492399	655325184	581901	701285282	0.000895978	0.000668546	0	0.00408214	1205.16	2128.99	5	9422	
249	250	1	5	1	3	342014	533069442	429290	566515216	0.000882134	0.000767123	0	0.00408214	1319.66	2462.42	5	9422	
249	250	1	6	2	3	467916	540411180	541947	559500706	0.000904814	0.000659378	0	0.00433214	1032.39	2217.58	4	9422	
249	250	1	7	1	3	402384	656836976	449949	690202310	0.00100192	0.000696014	0	0.00383214	1533.96	2322.3	5	9422	
250	251	1	1	2	3	262578	444364089	361228	470277589	0.00087134	0.000839597	0	0.00408214	1301.89	2664.42	4	9422	
250	251	1	2	4	3	472737	578808119	542426	597583486	0.000921839	0.000664937	0	0.00408214	1101.69	2224.73	4	9422	
250	251	8	3	1	3	504545	588224093	605469	615714891	0.000869789	0.000655635	0	0.00458214	1016.92	2108.51	4	9422	
250	251	2	4	1	3	496233	658105469	585883	704097449	0.000896026	0.000667335	0	0.00408214	1201.77	2126.65	5	9422	
250	251	1	5	1	3	342937	535006417	430218	568452230	0.000882986	0.000767515	0	0.00408214	1321.31	2464.28	5	9422	
250	251	8	6	2	3	469968	542093921	544209	561203984	0.00090499	0.000659164	0	0.00433214	1031.23	2217.8	4	9422	
250	251	7	7	1	3	404654	659463634	452267	692843867	0.00100194	0.000695519	0	0.00383214	1531.94	2321.24	5	9422	
251	252	6	1	1	3	263598	445995244	362624	471953309	0.000871361	0.000839627	0	0.00408214	1301.49	2664.9	4	9422	
251	252	1	2	4	3	475403	580755876	545360	599568836	0.00092175	0.000664441	0	0.00408214	1099.4	2223.71	4	9422	
251	252	1	3	1	3	507750	590614132	608799	618125371	0.000870066	0.000654882	0	0.00458214	1015.32	2107.32	4	9422	
251	252	2	4	1	3	499730	661437405	589704	707512510	0.000895804	0.00066638	0	0.00408214	1199.78	2124.65	5	9422	
251	252	4	5	1	3	345998	538551250	433951	572511994	0.000882209	0.000766095	0	0.00408214	1319.3	2458.73	5	9422	
251	252	8	6	2	3	472111	543757494	546481	562877980	0.000905229	0.000658881	0	0.00433214	1030	2218.03	4	9422	
251	252	7	7	1	3	407148	662098207	454821	695497574	0.00100179	0.000694829	0	0.00383214	1529.17	2319.88	5	9422	
252	253	6	1	1	3	267020	448598355	366207	474584386	0.000872017	0.000837011	0	0.00408214	1295.95	2658.12	4	9422	
252	253	1	2	4	3	477142	582430110	547182	601250736	0.000922022	0.000664349	0	0.00408214	1098.81	2224.66	4	9422	
252	253	8	3	1	3	510752	593502365	612578	621252247	0.000869456	0.000654402	0	0.00458214	1014.16	2104.82	4	9422	
252	253	2	4	1	3	502241	663442368	592727	709595709	0.000895352	0.000666067	0	0.00408214	1197.17	2123.73	5	9422	
252	253	4	5	1	3	348551	541739896	437714	576064529	0.000880322	0.000765223	0	0.00408214	1316.08	2453.63	5	9422	
252	253	8	6	2	3	475590	546984787	550066	566144799	0.00090519	0.000657788	0	0.00433214	1029.23	2215.3	4	9422	
252	253	1	7	7	3	409796	664472506	457485	697885624	0.00100167	0.000693974	0	0.00383214	1525.48	2318.49	5	9422	
253	254	1	1	2	3	267738	450319688	367007	476331887	0.000872756	0.000837325	0	0.00408214	1297.88	2660.09	4	9422	
253	254	1	2	4	3	480246	585317154	550335	604135008	0.000922175	0.000663491	0	0.00408214	1097.76	2223.1	4	9422	
253	254	8	3	1	3	512325	596382189	616069	625230815	0.000867328	0.000655191	0	0.00458214	1014.87	2102.95	4	9422	
253	254	2	4	1	3	505155	666544005	596162	712899189	0.000894947	0.000665591	0	0.00408214	1195.81	2121.98	5	9422	
253	254	4	5	1	3	351928	545513116	441602	580017315	0.000879841	0.000763508	0	0.00408214	1313.44	2447.87	5	9422	
253	254	1	6	3	3	478399	549225189	553106	568406435	0.000905164	0.000657186	0	0.00433214	1027.66	2214.11	4	9422	
253	254	7	7	1	3	411527	667347689	459263	700802666	0.00100173	0.000693767	0	0.00383214	1525.93	2318.75	5	9422	
254	255	1	1	1	3	268642	452369026	368009	478391902	0.000873454	0.000837515	0	0.00408214	1299.95	2661.71	4	9422	
254	255	6	2	2	3	481660	586858767	551768	605684961	0.00092261	0.000663609	0	0.00408214	1097.72	2224.38	4	9422	
254	255	8	3	1	3	514603	600597158	619566	630051785	0.000866506	0.000655537	0	0.00458214	1016.92	2101.33	4	9422	
254	255	2	4	1	3	508460	669382798	599910	715873216	0.000894657	0.000664866	0	0.00408214	1193.3	2119.7	5	9422	
254	255	4	5	1	3	355419	549486704	445212	584016195	0.000880117	0.000761613	0	0.00408214	1311.77	2443.57	5	9422	
254	255	1	6	3	3	480080	551079043	554876	570267931	0.000905492	0.000657166	0	0.00433214	1027.74	2214.93	4	9422	
254	255	1	7	7	3	413204	669753154	460991	703225508	0.00100176	0.00069362	0	0.00383214	1525.46	2319.17	5	9422	
255	256	6	1	1	3	269318	454057012	368790	480109456	0.000874169	0.000837876	0	0.00408214	1301.85	2663.57	4	9422	
255	256	6	2	2	3	484826	589160837	554998	607999104	0.000922846	0.000662792	0	0.00408214	1095.5	2222.5	4	9422	
255	256	8	3	1	3	517590	604238940	622666	633766682	0.000866947	0.000655017	0	0.00458214	1017.83	2100.34	4	9422	
255	256	1	4	1	3	510317	671334134	602485	718024839	0.000894131	0.000665092	0	0.00408214	1191.77	2119.35	5	9422	
255	256	1	5	6	3	357198	551175327	447030	585709794	0.000880719	0.000761246	0	0.00408214	1310.22	2443.84	5	9422	
255	256	1	6	3	3	480639	552785385	555437	571976498	0.00090599	0.000657786	0	0.00433214	1029.78	2217.76	4	9422	
255	256	7	7	1	3	415522	672389177	463363	705872157	0.00100152	0.000692994	0	0.00383214	1523.37	2318.37	5	9422	
256	257	6	1	2	3	271984	456822520	371808	483004197	0.000874405	0.000836225	0	0.00408214	1299.07	2658.43	4	9422	
256	257	1	2	4	3	485211	590481020	555385	609319314	0.000923437	0.000663497	0	0.00408214	1097.11	2225.59	4	9422	
256	257	8	3	1	3	520105	606874615	625208	636408739	0.000867512	0.000654716	0	0.00458214	1017.92	2100.45	4	9422	
256	257	2	4	1	3	513031	673975315	605554	720744970	0.000894028	0.000664676	0	0.00408214	1190.22	2118.6	5	9422	
256	257	1	5	6	3	359624	553236324	449538	587781293	0.000881278	0.000760325	0	0.00408214	1307.52	2442.42	5	9422	
256	257	1	6	3	3	480878	554098321	555634	573295717	0.000906571	0.000658626	0	0.00433214	1031.79	2221.3	4	9422	
256	257	1	7	1	3	417628	674731257	466614	708582979	0.000999159	0.000693391	0	0.00383214	1518.56	2315.97	5	9422	
257	258	6	1	1	3	275362	459089095	375275	485291874	0.000875024	0.000833691	0	0.00408214	1293.16	2652.47	4	9422	
257	258	1	2	4	3	485744	592162186	556002	611016099	0.000923833	0.000664121	0	0.00408214	1098.95	2228.41	4	9422	
257	258	8	3	1	3	523322	609522697	628658	639125769	0.000867871	0.000654047	0	0.00458214	1016.65	2099.07	4	9422	
257	258	2	4	1	3	515585	676882562	609030	723838184	0.000893149	0.000664601	0	0.00408214	1188.51	2117.48	5	9422	
257	258	1	5	6	3	361416	555500129	452329	590249363	0.000880182	0.000760248	0	0.00408214	1304.91	2440.19	5	9422	
257	258	8	6	2	3	483339	555918389	558578	575169552	0.000906389	0.000658346	0	0.00433214	1029.7	2220.08	4	9422	
257	258	7	7	7	3	420361	677743994	469896	711710892	0.000997842	0.00069287	0	0.00383214	1514.61	2313.42	5	9422	
258	259	6	1	1	3	277273	461598760	377209	487821093	0.000875874	0.000832803	0	0.00408214	1293.24	2651.11	4	9422	
258	259	6	2	2	3	486275	593547214	556606	612408685	0.000924267	0.000664813	0	0.00408214	1100.26	2231.31	4	9422	
258	259	1	3	1	3	526383	612175733	631970	641839804	0.000868159	0.000653498	0	0.00458214	1015.62	2097.95	4	9422	
258	259	2	4	1	3	518256	678994492	611761	725966789	0.0008936	0.0006642	0	0.00408214	1186.68	2117.15	5	9422	
258	259	4	5	1	3	363051	558067637	454864	593029852	0.00087904	0.000760108	0	0.00408214	1303.75	2438.19	5	9422	
258	259	1	6	3	3	484882	557434275	560720	576735099	0.000905986	0.00065865	0	0.00433214	1028.56	2220.55	4	9422	
258	259	7	7	7	3	421845	679552975	472568	713766677	0.000995594	0.000693682	0	0.00383214	1510.4	2312.23	5	9422	
259	260	1	1	2	3	277698	462923575	377732	489160337	0.000876483	0.000833473	0	0.00408214	1294.99	2653.79	4	9422	
259	260	1	2	4	3	486512	594864651	556776	613719023	0.00092484	0.000665635	0	0.00408214	1102.27	2234.74	4	9422	
259	260	8	3	1	3	529585	614662030	635464	644399340	0.00086836	0.000652836	0	0.00458214	1014.06	2096.13	4	9422	
259	260	2	4	1	3	520175	681386845	614496	728554715	0.000892919	0.000664409	0	0.00408214	1185.61	2116.77	5	9422	
259	260	4	5	6	3	364552	560363343	456487	595344334	0.000879552	0.000759965	0	0.00408214	1304.19	2438.68	5	9422	
259	260	8	6	2	3	487856	559316574	563815	578633918	0.000906083	0.000657884	0	0.00433214	1026.28	2218.91	4	9422	
259	260	7	7	1	3	422066	680892415	472879	715128436	0.000995903	0.000694658	0	0.00383214	1512.29	2315.65	5	9422	
260	261	1	1	2	3	277933	464212910	377903	490443225	0.000877396	0.00083449	0	0.00408214	1297.8	2657.47	4	9422	
260	261	1	2	4	3	486692	596187355	556918	615029970	0.000925369	0.000666374	0	0.00408214	1104.35	2238.25	4	9422	
260	261	8	3	1	3	532734	617255264	638881	647061500	0.000868533	0.000652177	0	0.00458214	1012.8	2094.72	4	9422	
260	261	2	4	1	3	523032	684295920	618354	732057506	0.0008918	0.000664164	0	0.00408214	1183.88	2114.24	5	9422	
260	261	4	5	1	3	366831	562341355	459289	597452613	0.000879247	0.000759325	0	0.00408214	1300.82	2436.29	5	9422	
260	261	1	6	2	3	491397	561716945	567596	581087786	0.000906052	0.000656887	0	0.00433214	1023.77	2215.89	4	9422	
260	261	7	7	1	3	423484	684402325	474802	718828437	0.000995085	0.000695029	0	0.00383214	1513.95	2315.77	5	9422	
261	262	1	1	1	3	279479	466389006	379808	492687808	0.000877249	0.000834012	0	0.00408214	1297.2	2655.66	4	9422	
261	262	1	2	4	3	486977	597611748	557362	616465747	0.000925525	0.000667215	0	0.00408214	1106.04	2241.16	4	9422	
261	262	8	3	1	3	535661	619637326	642091	649506472	0.000868651	0.000651615	0	0.00458214	1011.55	2093.65	4	9422	
261	262	2	4	1	3	526324	686794428	622051	734627733	0.000891543	0.00066343	0	0.00408214	1180.98	2112.65	5	9422	
261	262	1	5	6	3	367343	563708780	459763	598816480	0.000879961	0.000759994	0	0.00408214	1302.45	2439.21	5	9422	
261	262	1	6	3	3	494147	563933217	570541	583315073	0.000906088	0.00065632	0	0.00433214	1022.39	2214.72	4	9422	
261	262	7	7	1	3	426422	688398190	478457	723200444	0.000993521	0.000694538	0	0.00383214	1511.53	2311.96	5	9422	
262	263	1	1	2	3	282250	470177084	382768	496520157	0.000877788	0.000832241	0	0.00408214	1297.18	2650.46	4	9422	
262	263	6	2	2	3	488244	599161773	559025	618055968	0.000925285	0.000667549	0	0.00408214	1105.6	2241.99	4	9422	
262	263	8	3	1	3	538770	622427858	645716	652491085	0.000868573	0.000651125	0	0.00458214	1010.49	2092.05	4	9422	
262	263	1	4	1	3	528674	689185875	625072	737264828	0.000891016	0.000663327	0	0.00408214	1179.49	2111.53	5	9422	
262	263	1	5	6	3	367952	565826665	460392	600934722	0.00088067	0.000760557	0	0.00408214	1305.27	2441.66	5	9422	
262	263	8	6	3	3	496598	565679864	573521	585135163	0.000905832	0.000656054	0	0.00433214	1020.25	2213.61	4	9422	
262	263	1	7	1	3	428690	690833732	480752	725648556	0.00099351	0.000694008	0	0.00383214	1509.4	2311.12	5	9422	
263	264	6	1	1	3	282951	471565529	383675	497922616	0.000878202	0.000832578	0	0.00408214	1297.77	2652.33	4	9422	
263	264	6	2	2	3	490492	601174639	561500	620094652	0.000925407	0.000667351	0	0.00408214	1104.35	2241.69	4	9422	
263	264	8	3	1	3	542370	624575323	649483	654660553	0.000868795	0.000650212	0	0.00458214	1007.97	2090.29	4	9422	
263	264	2	4	1	3	529766	691501321	626263	739583242	0.00089147	0.000663724	0	0.00408214	1180.95	2113.49	5	9422	
263	264	1	5	6	3	368095	567132597	460630	602249639	0.000881146	0.000761382	0	0.00408214	1307.45	2445.02	5	9422	
263	264	8	6	2	3	498904	567889629	576639	587509935	0.000904872	0.000656019	0	0.00433214	1018.85	2212.05	4	9422	
263	264	1	7	1	3	431834	693653869	483976	728498591	0.000993236	0.000692924	0	0.00383214	1505.24	2308.74	5	9422	
264	265	1	1	2	3	283189	472885148	383906	499251947	0.000879111	0.000833467	0	0.00408214	1300.45	2656.08	4	9422	
264	265	6	2	2	3	492697	603009943	564123	621984935	0.000925068	0.000667222	0	0.00408214	1102.57	2240.96	4	9422	
264	265	8	3	1	3	545527	627974553	652701	658073716	0.000869173	0.000649586	0	0.00458214	1008.23	2089.46	4	9422	
264	265	2	4	1	3	530776	693008573	627517	741124297	0.000891735	0.000664202	0	0.00408214	1181.04	2115.41	5	9422	
264	265	1	5	6	3	368949	569217824	461638	604357210	0.000881558	0.000761723	0	0.00408214	1309.16	2446.77	5	9422	
264	265	1	6	3	3	499099	569237670	576842	588857953	0.000905334	0.000656827	0	0.00433214	1020.83	2215.62	4	9422	
264	265	7	7	1	3	434194	695846525	486811	730779954	0.000992293	0.000692596	0	0.00383214	1501.16	2307.36	5	9422	
265	266	1	1	2	3	283427	474237161	384065	500600028	0.000879938	0.00083433	0	0.00408214	1303.43	2660.16	4	9422	
265	266	6	2	2	3	496288	607619908	567808	626639428	0.0009254	0.000666323	0	0.00408214	1103.61	2237.53	4	9422	
265	266	1	3	1	3	546786	630601911	654063	660832401	0.000869722	0.000649882	0	0.00458214	1010.35	2090.78	4	9422	
265	266	1	4	1	3	531116	694327518	627850	742451860	0.00089235	0.000664973	0	0.00408214	1182.53	2118.38	5	9422	
265	266	4	5	1	3	370315	570813733	463346	606000341	0.000881557	0.000761677	0	0.00408214	1307.88	2447.16	5	9422	
265	266	1	6	3	3	499294	570535696	577006	590153749	0.000905852	0.000657617	0	0.00433214	1022.79	2218.96	4	9422	
265	266	7	7	1	3	436500	698921955	489506	734029449	0.000991767	0.000692258	0	0.00383214	1499.53	2306.13	5	9422	
266	267	6	1	2	3	285606	476427803	386987	502928672	0.000879173	0.000833119	0	0.00408214	1299.6	2655.92	4	9422	
266	267	1	2	4	3	498673	609690279	571103	629009694	0.000924355	0.000666274	0	0.00408214	1101.39	2235.54	4	9422	
266	267	8	3	1	3	549048	633230138	656463	663495225	0.00087015	0.000649723	0	0.00458214	1010.71	2090.9	4	9422	
266	267	1	4	1	3	532696	696692006	629604	744834016	0.000892677	0.000665163	0	0.00408214	1183.02	2119.45	5	9422	
266	267	1	5	6	3	370641	572301413	463933	607515720	0.000881744	0.000762473	0	0.00408214	1309.49	2449.97	5	9422	
266	267	1	6	3	3	499844	571923325	577878	591565093	0.000905804	0.000658357	0	0.00433214	1023.69	2221.32	4	9422	
266	267	7	7	1	3	438657	701505144	491728	736671644	0.000991847	0.000691882	0	0.00383214	1498.13	2305.78	5	9422	
267	268	6	1	1	3	288039	478173441	390043	504765648	0.000878582	0.0008316	0	0.00408214	1294.13	2651.74	4	9422	
267	268	6	2	2	3	502246	613169229	574880	632579876	0.000924172	0.000665241	0	0.00408214	1100.37	2232.47	4	9422	
267	268	8	3	1	3	551001	635875146	658565	666261568	0.000870649	0.00064969	0	0.00458214	1011.69	2091.38	4	9422	
267	268	1	4	1	3	533860	698270126	630885	746422753	0.000893006	0.000665419	0	0.00408214	1183.14	2121.29	5	9422	
267	268	1	5	6	3	371711	573831925	465167	609078311	0.000882165	0.000762653	0	0.00408214	1309.38	2451.45	5	9422	
267	268	1	6	2	3	501625	574205739	579804	593862028	0.000905898	0.000658372	0	0.00433214	1024.25	2222	4	9422	
267	268	7	7	1	3	440878	704195474	493988	739384738	0.000991856	0.000691422	0	0.00383214	1496.77	2305.22	5	9422	
268	269	1	1	1	3	291208	480364768	393665	507054786	0.000878395	0.000829357	0	0.00408214	1288.04	2645.36	4	9422	
268	269	6	2	2	3	505553	615556649	578451	635036413	0.000924025	0.000664333	0	0.00408214	1097.82	2229.79	4	9422	
268	269	8	3	1	3	553221	638118377	660928	668593569	0.00087106	0.000649502	0	0.00458214	1011.6	2091.62	4	9422	
268	269	1	4	1	3	535457	700642684	633186	749166520	0.000892485	0.000665728	0	0.00408214	1183.17	2121.48	5	9422	
268	269	4	5	1	3	371989	575153851	465427	610398675	0.000882964	0.000763563	0	0.00408214	1311.48	2454.73	5	9422	
268	269	1	6	3	3	503981	576762322	582578	596502916	0.000905696	0.000658179	0	0.00433214	1023.9	2220.96	4	9422	
268	269	7	7	1	3	443407	706832804	496587	742042403	0.000991835	0.000690855	0	0.00383214	1494.28	2303.95	5	9422	
269	270	6	1	1	3	293509	482202071	396210	508920440	0.000878775	0.000828072	0	0.00408214	1284.47	2642.2	4	9422	
269	270	1	2	4	3	507397	617064735	580436	636566225	0.000924248	0.000664224	0	0.00408214	1096.7	2230.23	4	9422	
269	270	8	3	1	3	554988	641140009	662771	671665394	0.000871477	0.000649543	0	0.00458214	1013.42	2092.28	4	9422	
269	270	1	4	1	3	535645	701994755	633349	750515881	0.000892969	0.00066647	0	0.00408214	1185	2124.82	5	9422	
269	270	1	5	6	3	374494	578144509	468490	613717045	0.000882576	0.00076272	0	0.00408214	1309.99	2451.36	5	9422	
269	270	8	6	2	3	505513	579138794	584672	599070087	0.000905312	0.000658501	0	0.00433214	1024.63	2220.81	4	9422	
269	270	7	7	1	3	445949	709227542	499234	744457583	0.000991668	0.000690241	0	0.00383214	1491.2	2303.12	5	9422	
270	271	1	1	2	3	293749	483505848	396372	510219867	0.000879622	0.000829003	0	0.00408214	1287.22	2645.87	4	9422	
270	271	6	2	2	3	508181	619770586	581178	639263187	0.000924668	0.000664635	0	0.00408214	1099.94	2232.88	4	9422	
270	271	8	3	1	3	556593	643764997	664524	674432303	0.000872012	0.000649677	0	0.00458214	1014.91	2093.19	4	9422	
270	271	2	4	1	3	537337	704773519	635812	753553157	0.000892288	0.000666708	0	0.00408214	1185.18	2124.69	5	9422	
270	271	4	5	6	3	376373	580241005	472122	616344395	0.000879893	0.000762632	0	0.00408214	1305.48	2447.24	5	9422	
270	271	1	6	3	3	506552	581129104	585968	601097266	0.000905403	0.000658931	0	0.00433214	1025.82	2222.42	4	9422	
270	271	1	7	1	3	447944	712100007	502343	747993612	0.000989683	0.00069066	0	0.00383214	1489.01	2300.46	5	9422	
271	272	1	1	2	3	294554	485228563	397926	512082951	0.000878669	0.000829306	0	0.00408214	1286.88	2645.51	4	9422	
271	272	1	2	4	3	510318	621426888	583587	640958011	0.000924709	0.000664532	0	0.00408214	1098.31	2232.61	4	9422	
271	272	8	3	1	3	558636	646372233	666680	677121265	0.00087251	0.000649656	0	0.00458214	1015.66	2093.56	4	9422	
271	272	2	4	1	3	539005	707864178	638219	756842314	0.000891661	0.000666939	0	0.00408214	1185.87	2124.61	5	9422	
271	272	1	5	6	3	377277	581720960	473192	617855686	0.00088024	0.000763039	0	0.00408214	1305.72	2449.05	5	9422	
271	272	1	6	3	3	507361	582523872	586860	602497927	0.000905841	0.000659425	0	0.00433214	1026.65	2224.61	4	9422	
271	272	7	7	1	3	450359	714563742	504858	750476492	0.000989917	0.000690258	0	0.00383214	1486.51	2299.49	5	9422	
272	273	1	1	2	3	294771	486567050	398115	513419577	0.000879556	0.000830328	0	0.00408214	1289.63	2649.3	4	9422	
272	273	6	2	2	3	511238	623676849	584616	643229173	0.00092512	0.000665028	0	0.00408214	1100.26	2234.8	4	9422	
272	273	1	3	1	3	560587	649034570	668740	679861432	0.000872984	0.000649685	0	0.00458214	1016.63	2093.9	4	9422	
272	273	2	4	1	3	541268	711562962	641906	761385728	0.000890034	0.000667115	0	0.00408214	1186.13	2122.45	5	9422	
272	273	1	5	6	3	377567	583077985	473425	619197762	0.000881016	0.000763981	0	0.00408214	1307.91	2452.49	5	9422	
272	273	8	6	2	3	507795	583938454	587275	603907779	0.00090635	0.000660101	0	0.00433214	1028.32	2227.76	4	9422	
272	273	7	7	1	3	452490	717188519	507303	753156076	0.000989606	0.000690105	0	0.00383214	1484.63	2298.74	5	9422	
273	274	6	1	1	3	296233	488220966	400074	515118111	0.00087925	0.000829889	0	0.00408214	1287.56	2648.31	4	9422	
273	274	1	2	2	3	514523	627042317	588289	646753967	0.000924794	0.000664302	0	0.00408214	1099.38	2232.07	4	9422	
273	274	8	3	1	3	562151	651651526	670408	682563360	0.000873438	0.000649824	0	0.00458214	1018.13	2094.69	4	9422	
273	274	2	4	1	3	544481	715008712	645769	765095901	0.000889432	0.000666521	0	0.00408214	1184.78	2120.01	5	9422	
273	274	4	5	6	3	379945	585832285	476141	622005616	0.000880976	0.000763192	0	0.00408214	1306.35	2450.08	5	9422	
273	274	1	6	3	3	508286	585494937	587693	605459665	0.00090686	0.000660713	0	0.00433214	1030.23	2230.71	4	9422	
273	274	1	7	1	3	453478	718973349	509072	755097970	0.000988558	0.000690911	0	0.00383214	1483.28	2299.52	5	9422	
274	275	6	1	1	3	297082	489770948	402583	517025892	0.000876543	0.000830178	0	0.00408214	1284.27	2645.48	4	9422	
274	275	6	2	2	3	517948	631347380	591898	651170143	0.000924812	0.000663389	0	0.00408214	1100.14	2228.93	4	9422	
274	275	1	3	5	3	564244	654285817	672614	685259576	0.000873874	0.000649738	0	0.00458214	1018.8	2094.97	4	9422	
274	275	1	4	1	3	545869	718556183	648149	769393393	0.000888557	0.000667019	0	0.00408214	1187.06	2119.93	5	9422	
274	275	4	5	1	3	382384	589437261	479836	626354410	0.0008792	0.000762531	0	0.00408214	1305.35	2445.07	5	9422	
274	275	1	6	2	3	508549	586841934	588803	606963624	0.000905987	0.000661839	0	0.00433214	1030.84	2232.64	4	9422	
274	275	1	7	7	3	453621	720288550	509339	756429233	0.000988882	0.000691723	0	0.00383214	1485.12	2302.68	5	9422	
275	276	1	1	2	3	298608	491261547	404396	518541063	0.000876893	0.000829624	0	0.00408214	1282.26	2644.75	4	9422	
275	276	1	2	4	3	520535	634352143	594708	654249275	0.0009249	0.000662963	0	0.00408214	1100.12	2227.99	4	9422	
275	276	8	3	1	3	566563	656909548	675122	687998632	0.000874332	0.000649519	0	0.00458214	1019.07	2094.87	4	9422	
275	276	2	4	1	3	547816	723033568	651021	774448472	0.000887775	0.000667265	0	0.00408214	1189.59	2119.26	5	9422	
275	276	4	5	1	3	384391	592012699	482987	629277294	0.000877711	0.000762174	0	0.00408214	1302.89	2441.68	5	9422	
275	276	8	6	3	3	511755	589532669	592336	609725827	0.000905972	0.000661197	0	0.00433214	1029.36	2230.1	4	9422	
275	276	7	7	1	3	455471	723541550	511673	759947537	0.000988188	0.000691771	0	0.00383214	1485.22	2301.76	5	9422	
276	277	6	1	1	3	299427	492679771	405268	519953315	0.000877741	0.000829964	0	0.00408214	1282.99	2646.68	4	9422	
276	277	6	2	4	3	522402	636546669	596969	656512202	0.000924807	0.000663062	0	0.00408214	1099.74	2227.78	4	9422	
276	277	8	3	1	3	568644	659540993	677375	690744232	0.00087486	0.000649435	0	0.00458214	1019.74	2095	4	9422	
276	277	1	4	1	3	548128	724548987	651505	775990234	0.00088801	0.000667926	0	0.00408214	1191.07	2122.03	5	9422	
276	277	4	5	1	3	388272	595628475	486990	632931614	0.000877912	0.000760112	0	0.00408214	1299.68	2436.48	5	9422	
276	277	8	6	2	3	515278	592557901	596120	612821141	0.000905982	0.000660363	0	0.00433214	1028.02	2227.58	4	9422	
276	277	7	7	1	3	457766	727867499	515327	765634979	0.000985666	0.000692131	0	0.00383214	1485.73	2297.6	5	9422	
277	278	6	1	1	3	302397	495091527	408433	522408570	0.00087825	0.000828101	0	0.00408214	1279.06	2641.63	4	9422	
277	278	6	2	2	3	523845	638072619	599324	658132603	0.000923859	0.000663559	0	0.00408214	1098.12	2227.7	4	9422	
277	278	8	3	1	3	570631	662179007	679482	693475396	0.000875265	0.000649344	0	0.00458214	1020.59	2095.25	4	9422	
277	278	2	4	1	3	548782	726939405	652268	778406774	0.000888379	0.000668421	0	0.00408214	1193.38	2124.31	5	9422	
277	278	1	5	6	3	391024	599310652	490257	636799916	0.000877563	0.000759096	0	0.00408214	1298.91	2433.11	5	9422	
277	278	8	6	2	3	518076	595181867	599152	615502969	0.000906034	0.000659878	0	0.00433214	1027.29	2226.28	4	9422	
277	278	1	7	7	3	459055	729647391	516645	767422765	0.000985882	0.000692193	0	0.00383214	1485.4	2298.81	5	9422	
278	279	6	1	1	3	305413	498048975	412020	525681391	0.000878077	0.00082622	0	0.00408214	1275.86	2635.4	4	9422	
278	279	6	2	2	3	526589	639936639	602313	660029538	0.000923924	0.000662988	0	0.00408214	1095.82	2226.74	4	9422	
278	279	8	3	1	3	573208	664803038	682182	696157337	0.000875611	0.000648983	0	0.00458214	1020.49	2094.72	4	9422	
278	279	2	4	1	3	550526	729745802	655830	782534739	0.00088633	0.000669021	0	0.00408214	1193.2	2122.16	5	9422	
278	279	1	5	1	3	391200	600611129	490449	638101988	0.00087815	0.000759913	0	0.00408214	1301.06	2436.32	5	9422	
278	279	8	6	2	3	521407	597366501	602812	617729584	0.000905836	0.00065914	0	0.00433214	1024.75	2223.93	4	9422	
278	279	7	7	1	3	461166	732256106	518822	770034654	0.000985931	0.000691897	0	0.00383214	1484.2	2298.33	5	9422	
279	280	1	1	2	3	307683	502029026	415035	530345785	0.000877444	0.000825148	0	0.00408214	1277.83	2630.62	4	9422	
279	280	6	2	2	3	528437	641546041	604266	661647740	0.000924217	0.000662903	0	0.00408214	1094.96	2227.43	4	9422	
279	280	1	3	1	3	576103	667452760	685166	698838264	0.000875787	0.000648432	0	0.00458214	1019.95	2093.81	4	9422	
279	280	2	4	1	3	554157	733892018	659802	786858202	0.000886166	0.000668106	0	0.00408214	1192.57	2119.45	5	9422	
279	280	1	5	6	3	391891	602885299	491956	640625571	0.000877263	0.000760466	0	0.00408214	1302.2	2436.99	5	9422	
279	280	1	6	3	3	524420	599711994	606046	620106624	0.000905698	0.000658495	0	0.00433214	1023.2	2222.13	4	9422	
279	280	1	7	7	3	461409	733613870	518982	771383785	0.000986557	0.000692743	0	0.00383214	1486.34	2301.76	5	9422	
280	281	6	1	1	3	308161	503408361	415574	531730042	0.000878132	0.00082572	0	0.00408214	1279.51	2633.31	4	9422	
280	281	1	2	4	3	529364	643986042	605183	664080616	0.000924634	0.000663258	0	0.00408214	1097.32	2229.77	4	9422	
280	281	8	3	1	3	578579	670079273	687704	701475819	0.000876038	0.000648109	0	0.00458214	1020.03	2093.36	4	9422	
280	281	2	4	1	3	557302	736545060	663352	789668301	0.000886023	0.000667517	0	0.00408214	1190.42	2117.77	5	9422	
280	281	4	5	6	3	392455	604608487	492538	642356233	0.00087785	0.000761016	0	0.00408214	1304.18	2439.44	5	9422	
280	281	1	6	3	3	525459	601095721	607196	621498657	0.00090601	0.000658817	0	0.00433214	1023.56	2223.82	4	9422	
280	281	1	7	7	3	461648	734941558	519144	772712951	0.00098715	0.000693521	0	0.00383214	1488.44	2305.07	5	9422	
281	282	1	1	2	3	310244	505570262	417719	533900208	0.000879035	0.000824912	0	0.00408214	1278.13	2631.52	4	9422	
281	282	1	2	4	3	529572	645334112	605338	665415344	0.000925118	0.000663959	0	0.00408214	1099.25	2233.11	4	9422	
281	282	8	3	1	3	580330	672691044	689542	704149985	0.000876422	0.000648106	0	0.00458214	1021.19	2094.14	4	9422	
281	282	2	4	1	3	559719	741175527	666455	795230771	0.000885559	0.000667398	0	0.00408214	1193.23	2116.98	5	9422	
281	282	4	5	1	3	393143	606090658	493601	643941381	0.000877878	0.000761549	0	0.00408214	1304.58	2440.78	5	9422	
281	282	1	6	2	3	527386	603259016	609217	623681861	0.000906297	0.000658741	0	0.00433214	1023.74	2224.11	4	9422	
281	282	7	7	1	3	462145	736350353	519836	774141451	0.00098737	0.000694355	0	0.00383214	1489.2	2307.7	5	9422	
282	283	1	1	1	3	311765	507441733	420636	536228372	0.000877145	0.000824693	0	0.00408214	1274.8	2627.51	4	9422	
282	283	1	2	4	3	530108	646683761	606409	666807658	0.000924788	0.000664708	0	0.00408214	1099.6	2234.97	4	9422	
282	283	8	3	1	3	582368	675333293	691678	706854331	0.000876871	0.000648123	0	0.00458214	1021.94	2094.48	4	9422	
282	283	2	4	1	3	561099	744154900	668539	799048069	0.000885268	0.0006678	0	0.00408214	1195.22	2117.24	5	9422	
282	283	4	5	1	3	395047	607979308	496093	645977729	0.00087774	0.00076133	0	0.00408214	1302.13	2439.38	5	9422	
282	283	1	6	3	3	527802	604953045	609730	625410826	0.000906728	0.000659395	0	0.00433214	1025.72	2226.81	4	9422	
282	283	7	7	7	3	463787	739287026	521882	777147036	0.000986841	0.000694453	0	0.00383214	1489.12	2307.98	5	9422	
283	284	1	1	2	3	312573	509068241	421945	537943798	0.000876905	0.00082494	0	0.00408214	1274.91	2627.94	4	9422	
283	284	1	2	4	3	531476	648211492	608170	668372533	0.000924612	0.00066502	0	0.00408214	1098.99	2235.93	4	9422	
283	284	8	3	1	3	585356	677967946	694760	709517016	0.000877086	0.00064756	0	0.00458214	1021.24	2093.57	4	9422	
283	284	1	4	1	3	562975	746271639	671000	801303019	0.000884978	0.000667896	0	0.00408214	1194.19	2117.28	5	9422	
283	284	4	5	1	3	396657	609959875	498777	648188055	0.000876601	0.000761376	0	0.00408214	1299.55	2437.65	5	9422	
283	284	1	6	3	3	530354	607227562	612738	627790271	0.000906475	0.000659095	0	0.00433214	1024.57	2225.29	4	9422	
283	284	7	7	1	3	466505	741566540	524692	779441892	0.000986724	0.000693736	0	0.00383214	1485.52	2306.77	5	9422	
284	285	1	1	2	3	312970	510453125	422421	539339240	0.000877633	0.000825699	0	0.00408214	1276.78	2630.93	4	9422	
284	285	1	2	2	3	531717	649519667	608396	669679215	0.000925267	0.000665934	0	0.00408214	1100.73	2238.94	4	9422	
284	285	8	3	1	3	587816	680598689	697306	712198081	0.000877453	0.00064729	0	0.00458214	1021.36	2093.42	4	9422	
284	285	2	4	1	3	565437	749419537	673811	804527879	0.000885039	0.000667697	0	0.00408214	1194	2116.89	5	9422	
284	285	4	5	6	3	399491	612942246	502420	651474729	0.000875927	0.000760459	0	0.00408214	1296.67	2433.59	5	9422	
284	285	8	6	2	3	531603	608694672	614199	629286050	0.000906697	0.00065935	0	0.00433214	1024.56	2226.5	4	9422	
284	285	1	7	1	3	469283	744622026	527658	782528120	0.000986341	0.000692985	0	0.00383214	1483.02	2305.42	5	9422	
285	286	1	1	2	3	313476	512271551	422901	541178606	0.000878465	0.000826316	0	0.00408214	1279.68	2633.62	4	9422	
285	286	6	2	2	3	532326	651505376	609022	671668351	0.000925851	0.000666591	0	0.00408214	1102.86	2241.29	4	9422	
285	286	8	3	1	3	590622	683156562	700348	714834751	0.000877729	0.000646866	0	0.00458214	1020.69	2092.62	4	9422	
285	286	2	4	1	3	567790	752057663	676221	807196174	0.000885547	0.000667491	0	0.00408214	1193.69	2116.82	5	9422	
285	286	1	5	1	3	401413	614654518	504906	653324713	0.00087554	0.000760091	0	0.00408214	1293.95	2432.15	5	9422	
285	286	8	6	2	3	534773	610740186	617632	631365654	0.000906763	0.000658668	0	0.00433214	1022.24	2224.77	4	9422	
285	286	7	7	1	3	472372	747294125	531331	785329280	0.000985137	0.00069231	0	0.00383214	1478.04	2302.56	5	9422	
286	287	1	1	2	3	314945	514166179	424810	543132618	0.000878345	0.000825935	0	0.00408214	1278.53	2632.58	4	9422	
286	287	6	2	2	3	534827	653861077	611952	674082291	0.000925415	0.000666283	0	0.00408214	1101.53	2240.09	4	9422	
286	287	1	3	1	3	593141	685757632	703457	717544677	0.000877472	0.000646807	0	0.00458214	1020.03	2091.82	4	9422	
286	287	1	4	1	3	568595	753565622	677101	808719818	0.000885958	0.000667966	0	0.00408214	1194.39	2118.88	5	9422	
286	287	4	5	6	3	404692	617307412	508594	656080147	0.000875295	0.000758622	0	0.00408214	1289.99	2428.24	5	9422	
286	287	8	6	2	3	535336	612102240	618239	632730588	0.000907252	0.000659245	0	0.00433214	1023.44	2227.39	4	9422	
286	287	7	7	1	3	473833	749678291	534197	788178709	0.000982891	0.00069319	0	0.00383214	1475.45	2301.3	5	9422	
287	288	6	1	1	3	316792	515999127	426844	544989863	0.000878714	0.000825146	0	0.00408214	1276.79	2631.24	4	9422	
287	288	1	2	2	3	538635	657556559	615840	677809119	0.000925309	0.000665144	0	0.00408214	1100.63	2236.97	4	9422	
287	288	1	3	5	3	595837	688374601	706314	720174705	0.00087762	0.000646438	0	0.00458214	1019.62	2091.38	4	9422	
287	288	1	4	1	3	570450	756290035	679744	811619008	0.000885331	0.00066813	0	0.00408214	1194.01	2118.68	5	9422	
287	288	4	5	6	3	407506	621407407	512115	660505446	0.000874665	0.000757641	0	0.00408214	1289.76	2424.24	5	9422	
287	288	8	6	2	3	536755	614349875	619822	634999848	0.000907405	0.000659385	0	0.00433214	1024.49	2228.44	4	9422	
287	288	1	7	7	3	476122	751850188	536970	790459827	0.000982181	0.000692982	0	0.00383214	1472.07	2300.13	5	9422	
288	289	1	1	2	3	317968	517442431	428404	546480467	0.000878648	0.000825039	0	0.00408214	1275.62	2631.16	4	9422	
288	289	6	2	2	3	542220	660833370	619576	681129327	0.000925375	0.000664235	0	0.00408214	1099.35	2234.06	4	9422	
288	289	8	3	1	3	598785	690779472	709382	722606786	0.000877852	0.000645974	0	0.00458214	1018.64	2090.32	4	9422	
288	289	2	4	1	3	572334	758764889	681763	814112822	0.000885576	0.000668043	0	0.00408214	1194.13	2119.3	5	9422	
288	289	1	5	6	3	409501	623638888	515052	663169358	0.000873666	0.000757325	0	0.00408214	1287.58	2421.95	5	9422	
288	289	1	6	2	3	537945	615871865	621136	636533108	0.000907636	0.000659613	0	0.00433214	1024.79	2229.98	4	9422	
288	289	7	7	1	3	478767	755535061	539686	794165404	0.000982147	0.000692305	0	0.00383214	1471.53	2298.45	5	9422	
289	290	1	1	1	3	319429	519057098	430640	548182708	0.000877933	0.000824692	0	0.00408214	1272.95	2629.53	4	9422	
289	290	6	2	2	3	545620	663867637	623177	684223032	0.000925492	0.000663439	0	0.00408214	1097.96	2231.35	4	9422	
289	290	1	3	5	3	602078	693184697	712948	725081708	0.000877856	0.000645338	0	0.00458214	1017.02	2089.06	4	9422	
289	290	2	4	1	3	575780	761353280	685331	816725469	0.000885717	0.000667187	0	0.00408214	1191.72	2117.94	5	9422	
289	290	4	5	1	3	411537	626164589	518704	666279385	0.00087145	0.000757081	0	0.00408214	1284.51	2417.91	5	9422	
289	290	8	6	2	3	540970	617877421	624289	638544543	0.000907652	0.000658901	0	0.00433214	1022.83	2228.57	4	9422	
289	290	7	7	1	3	481612	758891973	543079	797668653	0.000981207	0.00069182	0	0.00383214	1468.79	2295.75	5	9422	
290	291	1	1	2	3	320272	520479959	431575	549601885	0.000878589	0.000824967	0	0.00408214	1273.48	2631.31	4	9422	
290	291	1	2	4	3	548640	667629378	626276	688023052	0.000925654	0.000662815	0	0.00408214	1098.59	2229.54	4	9422	
290	291	8	3	1	3	604166	696409178	715367	728360518	0.000877916	0.000645357	0	0.00458214	1018.16	2089.33	4	9422	
290	291	1	4	1	3	578009	763823544	687647	819201500	0.000885995	0.000666931	0	0.00408214	1191.31	2118.46	5	9422	
290	291	4	5	6	3	413951	630148068	522291	671158246	0.000870195	0.000756571	0	0.00408214	1285.03	2413.55	5	9422	
290	291	1	6	3	3	541994	619852760	625379	640524407	0.000907991	0.000659227	0	0.00433214	1024.22	2230.26	4	9422	
290	291	7	7	7	3	484032	762986415	545548	801770907	0.000981331	0.0006913	0	0.00383214	1469.66	2294.82	5	9422	
291	292	1	1	2	3	321083	522827142	432423	551961130	0.000879259	0.000825249	0	0.00408214	1276.44	2633.1	4	9422	
291	292	1	2	4	3	549187	669395690	626769	689793320	0.000926062	0.000663389	0	0.00408214	1100.55	2232.05	4	9422	
291	292	8	3	1	3	605405	699042257	716700	731106704	0.000878372	0.000645611	0	0.00458214	1020.1	2090.56	4	9422	
291	292	2	4	1	3	579514	766772931	689504	822205051	0.000886053	0.000667161	0	0.00408214	1192.46	2119.27	5	9422	
291	292	4	5	1	3	416753	633649245	525996	675320162	0.000869216	0.000755638	0	0.00408214	1283.89	2409.29	5	9422	
291	292	1	6	2	3	542153	621103274	625643	641793462	0.00090833	0.00065996	0	0.00433214	1025.81	2233.01	4	9422	
291	292	1	7	1	3	485617	765110524	548739	804513503	0.000978785	0.0006922	0	0.00383214	1466.11	2292.88	5	9422	
292	293	6	1	1	3	323084	526559306	434742	555959312	0.000879625	0.000824678	0	0.00408214	1278.83	2630.57	4	9422	
292	293	1	2	4	3	549424	670736282	626913	691126989	0.000926533	0.000664053	0	0.00408214	1102.43	2235.26	4	9422	
292	293	8	3	1	3	606583	701644284	718047	733914726	0.000878941	0.000645974	0	0.00458214	1022.1	2091.86	4	9422	
292	293	1	4	1	3	582084	770477068	693017	826704232	0.000885195	0.00066702	0	0.00408214	1192.91	2117.42	5	9422	
292	293	1	5	1	3	419900	635821866	529325	677529493	0.000869484	0.000754379	0	0.00408214	1279.99	2406.72	5	9422	
292	293	1	6	3	3	542375	622432594	625802	643117523	0.000908792	0.000660649	0	0.00433214	1027.67	2236.22	4	9422	
292	293	7	7	7	3	487789	766974938	551558	806532533	0.000977693	0.000692108	0	0.00383214	1462.28	2292.14	5	9422	
293	294	6	1	1	3	326257	531762136	438297	561470231	0.000879924	0.000823017	0	0.00408214	1281.03	2624.41	4	9422	
293	294	6	2	4	3	549567	672025571	627287	692653268	0.000926665	0.000664831	0	0.00408214	1104.2	2237.84	4	9422	
293	294	1	3	1	3	607717	704231031	719296	736648420	0.00087941	0.000646295	0	0.00458214	1024.12	2093.46	4	9422	
293	294	2	4	1	3	584459	773093882	695434	829347791	0.000885521	0.000666711	0	0.00408214	1192.56	2117.39	5	9422	
293	294	4	5	1	3	423686	639711073	533197	681429219	0.000869872	0.000752662	0	0.00408214	1278.01	2402.79	5	9422	
293	294	1	6	3	3	542557	623767548	625992	644453198	0.00090922	0.000661352	0	0.00433214	1029.49	2239.41	4	9422	
293	294	1	7	7	3	488532	768398997	552349	807960802	0.000978103	0.000692526	0	0.00383214	1462.77	2294.19	5	9422	
294	295	6	1	1	3	328891	534610552	441415	564665880	0.000879825	0.000821792	0	0.00408214	1279.22	2619.69	4	9422	
294	295	1	2	4	3	549710	673335075	627610	694036639	0.000926872	0.000665581	0	0.00408214	1105.84	2240.65	4	9422	
294	295	8	3	1	3	609263	706918334	720974	739480387	0.000879884	0.000646468	0	0.00458214	1025.67	2094.36	4	9422	
294	295	2	4	1	3	586248	775754510	697312	832028928	0.000885828	0.000666668	0	0.00408214	1193.19	2118.16	5	9422	
294	295	4	5	1	3	426621	644196039	536883	686354941	0.000869342	0.000751758	0	0.00408214	1278.41	2398.79	5	9422	
294	295	1	6	3	3	543276	625845453	627013	646664681	0.000909206	0.000661938	0	0.00433214	1031.34	2240.99	4	9422	
294	295	7	7	1	3	489162	769770420	552979	809340998	0.000978632	0.000693025	0	0.00383214	1463.6	2296.57	5	9422	
295	296	1	1	2	3	330928	537629740	443500	567699823	0.000880419	0.00082096	0	0.00408214	1280.04	2618.29	4	9422	
295	296	1	2	4	3	550276	674722686	628850	695591255	0.000926365	0.000666395	0	0.00408214	1106.13	2241.95	4	9422	
295	296	8	3	1	3	611020	709544309	722816	742164732	0.00088025	0.00064657	0	0.00458214	1026.77	2095.13	4	9422	
295	296	2	4	1	3	588652	778388347	700209	834826083	0.000885695	0.000666568	0	0.00408214	1192.25	2117.38	5	9422	
295	296	4	5	6	3	428927	647266922	540440	690291825	0.000867925	0.000751323	0	0.00408214	1277.28	2395.04	5	9422	
295	296	1	6	2	3	544129	627323673	628022	648158065	0.00090943	0.000662358	0	0.00433214	1032.06	2242.75	4	9422	
295	296	7	7	1	3	491441	771608822	555322	811187776	0.000978697	0.000692566	0	0.00383214	1460.75	2296.36	5	9422	
296	297	1	1	2	3	331404	538979918	443989	569049484	0.000881114	0.000821573	0	0.00408214	1281.67	2620.98	4	9422	
296	297	1	2	4	3	551542	676667529	630113	697540590	0.000926748	0.000666583	0	0.00408214	1107.01	2243.36	4	9422	
296	297	1	3	5	3	613066	711887886	724965	744551697	0.000880434	0.000646436	0	0.00458214	1027.02	2095.04	4	9422	
296	297	2	4	1	3	591274	780911669	703254	837562183	0.000885594	0.000666286	0	0.00408214	1190.98	2116.56	5	9422	
296	297	1	5	6	3	431294	649821250	543933	693270424	0.000866783	0.000750873	0	0.00408214	1274.55	2391.73	5	9422	
296	297	1	6	3	3	546423	629049066	630484	649891145	0.000909613	0.000662085	0	0.00433214	1030.78	2242.52	4	9422	
296	297	7	7	1	3	494313	774925168	559036	814830741	0.000977164	0.000692187	0	0.00383214	1457.56	2293.52	5	9422	
297	298	6	1	1	3	331647	540264929	444144	570319982	0.000881815	0.000822327	0	0.00408214	1284.09	2624.16	4	9422	
297	298	1	2	4	3	553972	678989616	633019	699943991	0.000926424	0.000666441	0	0.00408214	1105.72	2242.42	4	9422	
297	298	8	3	1	3	615047	714811802	727028	747513330	0.000880768	0.000646364	0	0.00458214	1028.18	2095.59	4	9422	
297	298	1	4	1	3	593267	783656284	705829	840517859	0.000885348	0.000666326	0	0.00408214	1190.82	2116.32	5	9422	
297	298	1	5	6	3	432929	651541555	545661	695000603	0.000867269	0.000750662	0	0.00408214	1273.69	2392.24	5	9422	
297	298	1	6	3	3	548322	630729131	632512	651588033	0.000909897	0.000661993	0	0.00433214	1030.16	2242.92	4	9422	
297	298	7	7	1	3	496912	779195876	562646	819838427	0.000975504	0.000692091	0	0.00383214	1457.11	2290	5	9422	
298	299	1	1	2	3	331877	541583876	444376	571638910	0.00088253	0.00082316	0	0.00408214	1286.39	2627.37	4	9422	
298	299	6	2	2	3	555317	681887554	634459	702851592	0.000926744	0.000666642	0	0.00408214	1107.8	2243.95	4	9422	
298	299	8	3	1	3	617185	717438465	729266	750171691	0.000880936	0.000646171	0	0.00458214	1028.67	2095.78	4	9422	
298	299	2	4	1	3	595033	786246174	707699	843199518	0.000885871	0.000666395	0	0.00408214	1191.47	2116.91	5	9422	
298	299	1	5	6	3	433148	652895742	545901	696356865	0.000867939	0.000751494	0	0.00408214	1275.61	2395.39	5	9422	
298	299	8	6	3	3	550287	632514290	634885	653433994	0.000909756	0.000661999	0	0.00433214	1029.22	2242.73	4	9422	
298	299	1	7	7	3	499513	782772348	566150	823970837	0.000974071	0.000692025	0	0.00383214	1455.39	2287.24	5	9422	
299	300	6	1	1	3	332104	542833902	444550	572900082	0.000883334	0.000824105	0	0.00408214	1288.72	2630.65	4	9422	
299	300	6	2	4	3	555598	683310104	634818	704290566	0.000927096	0.00066727	0	0.00408214	1109.44	2246.65	4	9422	
299	300	8	3	1	3	618815	719843815	731008	752654285	0.000881298	0.00064619	0	0.00458214	1029.61	2096.22	4	9422	
299	300	2	4	1	3	597554	788690583	710488	845706345	0.000886003	0.000666102	0	0.00408214	1190.32	2116.47	5	9422	
299	300	4	5	1	3	435323	655247301	548176	698720435	0.000868318	0.000750867	0	0.00408214	1274.63	2394.45	5	9422	
299	300	8	6	2	3	551811	633955482	636500	654885964	0.000910026	0.000662005	0	0.00433214	1028.89	2243.55	4	9422	
299	300	7	7	1	3	502222	787109763	569449	828471969	0.000973017	0.000691585	0	0.00383214	1454.87	2284.98	5	9422	
