% start	end	CellId	IMSI	RNTI	LCID	nTxPDUs	TxBytes	nRxPDUs	RxBytes	delay	stdDev	min	max	PduSize	stdDev	min	max
0	1	1	1	4	3	1336	1846728	2211	2238721	0.000735136	0.000801999	0	0.00383214	1012.54	2046.22	5	9422	
0	1	3	2	7	3	2055	1645680	2456	1693822	0.000874819	0.000617199	0	0.003	689.667	2034.37	5	9422	
0	1	7	3	1	3	1616	1926677	2580	2208488	0.00067337	0.000712124	0	0.003	856.003	1946.46	5	9422	
0	1	2	4	1	3	1113	2331388	1111	2320652	0.0010044	0.000715037	0.000635713	0.003	2088.8	2603.39	36	9422	
0	1	1	5	6	3	342	1153569	359	1145084	0.00173672	0.00105435	0	0.003	3189.65	4239.97	22	9422	
0	1	1	6	2	3	1630	1297187	1723	1303877	0.000998213	0.000645915	0	0.00383214	756.748	2306.47	9	9422	
0	1	1	7	3	3	218	1182690	129	1175199	0.00298909	0.00013138	0.00151071	0.00308214	9110.07	1299.92	31	9422	
1	2	1	1	4	3	2550	3426371	3739	3898442	0.000820494	0.000809829	0	0.00383214	1042.64	2276.81	5	9422	
1	2	1	2	7	3	3948	4666861	4899	4827829	0.000853876	0.000658673	0	0.003	985.472	2120.02	5	9422	
1	2	7	3	1	3	3653	4738642	5363	5221774	0.000712296	0.000691757	0	0.00383214	973.667	1958.53	5	9422	
1	2	2	4	1	3	2925	4951424	2923	4941966	0.000960706	0.000651639	0.000635713	0.003	1690.72	2422.09	36	9422	
1	2	2	5	2	3	2039	3464367	2317	3492826	0.00105406	0.000807551	0	0.003	1507.48	2814.53	9	9422	
1	2	1	6	2	3	2107	2663188	2235	2671625	0.00111149	0.000775992	0	0.00383214	1195.36	2916.76	9	9422	
1	2	1	7	3	3	793	2902117	900	2921350	0.0013654	0.00117194	0	0.00383214	3245.94	3947.98	13	9422	
2	3	1	1	4	3	3824	4953846	5067	5427300	0.000890149	0.000801052	0	0.00383214	1071.11	2409.56	5	9422	
2	3	1	2	7	3	4122	6015583	5168	6187692	0.000897829	0.000742876	0	0.003	1197.31	2489.36	5	9422	
2	3	1	3	1	3	6564	7531440	8736	8184783	0.000763355	0.000651689	0	0.00383214	936.903	1906.41	5	9422	
2	3	2	4	1	3	4930	7578402	4927	7575802	0.000946216	0.000623248	0.000635713	0.003	1537.61	2350.79	36	9422	
2	3	1	5	6	3	4655	5284861	5434	5366248	0.00093613	0.000699928	0	0.003	987.532	2373.7	5	9422	
2	3	1	6	2	3	2416	4024176	2554	4033454	0.00122242	0.00085964	0	0.00383214	1579.27	3338.63	9	9422	
2	3	2	7	3	3	936	4205607	2345	4340994	0.000705697	0.0011356	0	0.00383214	1851.17	3415.72	5	9422	
3	4	1	1	4	3	4227	6340267	5481	6824748	0.000951909	0.000858647	0	0.00383214	1245.16	2654.57	5	9422	
3	4	1	2	7	3	4621	7328550	5841	7519771	0.00092562	0.00079448	0	0.00383214	1287.41	2659.3	5	9422	
3	4	1	3	1	3	9005	9949190	11671	10736388	0.000785716	0.000647533	0	0.00383214	919.92	1898.51	5	9422	
3	4	2	4	1	3	6532	10206380	6530	10203816	0.000948841	0.000627878	0.000635713	0.003	1562.61	2363.35	36	9422	
3	4	2	5	6	3	5379	7262507	6950	7456176	0.000870548	0.000759052	0	0.00383214	1072.83	2438.68	5	9422	
3	4	3	6	2	3	3422	6325366	3747	6409404	0.00118105	0.000855177	0	0.00383214	1710.54	3199.67	9	9422	
3	4	2	7	3	3	1302	5756951	3019	5966561	0.000746973	0.00114069	0	0.00383214	1976.34	3467.95	4	9422	
4	5	1	1	4	3	4370	7667814	5725	8162181	0.000986273	0.000908542	0	0.00383214	1425.71	2891.41	5	9422	
4	5	1	2	7	3	5251	9081831	6680	9303633	0.000944098	0.000825025	0	0.00383214	1392.76	2753.41	5	9422	
4	5	7	3	1	3	11227	12860805	13946	13654839	0.000820297	0.000644552	0	0.00383214	979.122	1937.71	5	9422	
4	5	2	4	1	3	8655	12845241	8661	12850592	0.00094262	0.000613426	0.000635713	0.003	1483.73	2319	36	9422	
4	5	1	5	6	3	7079	9029547	8952	9247178	0.000885327	0.000741256	0	0.00383214	1032.97	2423.01	5	9422	
4	5	1	6	2	3	3565	7668789	3923	7775926	0.00123741	0.000909781	0	0.00383214	1982.14	3445.59	9	9422	
4	5	1	7	3	3	4188	7966303	6325	8261241	0.000808335	0.000894084	0	0.00383214	1306.13	2788.28	4	9422	
5	6	5	1	1	3	4799	9021214	6161	9516082	0.00103851	0.000942702	0	0.00383214	1544.57	3042.12	5	9422	
5	6	3	2	1	3	6806	10668194	8448	10903233	0.00095004	0.000801494	0	0.00383214	1290.63	2702.57	5	9422	
5	6	7	3	1	3	13443	15466965	16257	16303305	0.000844096	0.000639329	0	0.00383214	1002.85	1961	5	9422	
5	6	2	4	1	3	10853	15468809	10860	15475474	0.000935649	0.000602517	0.000635713	0.003	1425	2276.33	36	9422	
5	6	1	5	6	3	7250	10333685	9165	10552930	0.000914627	0.000781691	0	0.00383214	1151.44	2599.77	5	9422	
5	6	1	6	2	3	3707	8966762	5112	9211309	0.00103352	0.000996926	0	0.00383214	1801.9	3352.85	9	9422	
5	6	2	7	3	3	7745	11038272	10100	11398644	0.00084909	0.000773679	0	0.00383214	1128.58	2450.38	4	9422	
6	7	1	1	4	3	5072	10345391	6443	10841404	0.00108683	0.000977895	0	0.00383214	1682.66	3189.87	5	9422	
6	7	3	2	1	3	10392	13233464	12219	13509725	0.000933381	0.000718438	0	0.00383214	1105.63	2456.95	5	9422	
6	7	7	3	1	3	15813	18121036	18665	18984493	0.00086252	0.000632367	0	0.00383214	1017.12	1971.63	5	9422	
6	7	1	4	1	3	12333	18050339	12338	18055686	0.000940507	0.000610457	0.000635713	0.003	1463.42	2315.06	36	9422	
6	7	2	5	6	3	7528	11688159	9933	12010407	0.000900384	0.000818735	0	0.00383214	1209.14	2694.44	5	9422	
6	7	3	6	2	3	5720	10833479	8421	11287098	0.000881054	0.000903093	0	0.00383214	1340.35	2920.75	7	9422	
6	7	1	7	3	3	8660	13080243	11198	13459961	0.000866908	0.000784666	0	0.00383214	1202	2525.59	4	9422	
7	8	1	1	4	3	6144	12044948	7567	12535830	0.00109277	0.00095284	0	0.00383214	1656.64	3159.07	5	9422	
7	8	3	2	1	3	14142	16860646	16066	17178540	0.000931665	0.000666937	0	0.00383214	1069.25	2299.62	5	9422	
7	8	7	3	1	3	18024	20635030	20910	21515691	0.000876213	0.000628551	0	0.00383214	1028.97	1984.12	5	9422	
7	8	2	4	1	3	14352	20718109	14358	20715320	0.000939728	0.000605276	0.000635713	0.003	1442.77	2312.3	36	9422	
7	8	1	5	6	3	9441	14259220	13052	15009992	0.000847288	0.000799814	0	0.00383214	1150.01	2518.55	5	9422	
7	8	1	6	2	3	6920	12278748	9734	12741502	0.000900195	0.000885651	0	0.00383214	1308.97	2914.2	7	9422	
7	8	1	7	3	3	9058	14642677	11669	15055217	0.000887722	0.000807301	0	0.00383214	1290.19	2635.26	4	9422	
8	9	1	1	4	3	6287	13379341	7738	13863658	0.00112368	0.000978835	0	0.00383214	1791.63	3291.85	5	9422	
8	9	3	2	1	3	16601	19654607	19647	20382830	0.000889475	0.000668114	0	0.00383214	1037.45	2207.46	5	9422	
8	9	7	3	1	3	20690	23379744	23620	24277359	0.00088847	0.000619808	0	0.00383214	1027.83	1987.32	5	9422	
8	9	2	4	5	3	15841	23357656	15849	23357495	0.000943108	0.000611008	0.000635713	0.003	1473.75	2326.64	36	9422	
8	9	2	5	2	3	10104	16352094	14136	17393228	0.000846193	0.000814266	0	0.00383214	1230.42	2563.32	5	9422	
8	9	3	6	2	3	8349	13705511	11519	14196858	0.000903124	0.000863827	0	0.00383214	1232.47	2852.24	7	9422	
8	9	1	7	3	3	9296	15968563	11879	16378137	0.000913852	0.000836809	0	0.00383214	1378.75	2754.77	4	9422	
9	10	1	1	4	3	6430	14674554	8167	15308872	0.00111718	0.00100678	0	0.00383214	1874.48	3355.34	5	9422	
9	10	3	2	1	3	18965	22585154	22644	23552140	0.000880045	0.000664061	0	0.00383214	1040.11	2168.41	5	9422	
9	10	7	3	1	3	23825	25978080	26895	26908761	0.000894629	0.000608938	0	0.00383214	1000.51	1972.13	5	9422	
9	10	2	4	1	3	17589	25950123	17617	25984041	0.000945972	0.000612371	0	0.003	1474.94	2333.71	36	9422	
9	10	1	5	6	3	10461	17942147	14743	19117006	0.000853371	0.000832519	0	0.00383214	1296.68	2638.4	5	9422	
9	10	1	6	2	3	9968	16319896	13423	16971338	0.000906541	0.000841045	0	0.00383214	1264.35	2773.58	7	9422	
9	10	1	7	3	3	10655	17534799	13943	18024348	0.000894352	0.000830571	0	0.00383214	1292.72	2691.42	4	9422	
10	11	1	1	4	3	6572	16010593	8482	16676269	0.00112627	0.00103003	0	0.00383214	1966.08	3442.54	5	9422	
10	11	3	2	1	3	22409	27134551	26244	28174363	0.000890096	0.000646176	0	0.00383214	1073.55	2118.78	5	9422	
10	11	1	3	1	3	25729	28629384	29225	29731233	0.000892324	0.000614936	0	0.00383214	1017.32	1987.07	5	9422	
10	11	2	4	1	3	19483	28617598	19604	28718870	0.000951901	0.000612747	0	0.003	1464.95	2329.34	7	9422	
10	11	1	5	6	3	10702	19273126	15204	20605691	0.000859543	0.00085361	0	0.00383214	1355.28	2704.78	5	9422	
10	11	1	6	2	3	10111	17641394	13946	18448822	0.00090309	0.00086481	0	0.00383214	1322.88	2841.43	7	9422	
10	11	2	7	3	3	11945	19198001	16648	19923579	0.000841654	0.000829495	0	0.00383214	1196.76	2600.27	4	9422	
11	12	5	1	1	3	7262	17445068	9549	18164564	0.00110526	0.00102858	0	0.00383214	1902.25	3411.71	5	9422	
11	12	1	2	1	3	25809	30759019	29941	31928251	0.000893243	0.000633904	0	0.00383214	1066.37	2071.85	5	9422	
11	12	7	3	1	3	27417	31222712	31078	32369806	0.000898909	0.000620009	0	0.00383214	1041.57	2012.14	5	9422	
11	12	2	4	1	3	21226	31247664	21377	31370953	0.000952978	0.000613885	0	0.003	1467.51	2327.11	7	9422	
11	12	1	5	6	3	10856	20600940	15432	21938216	0.000875887	0.000874339	0	0.00383214	1421.61	2792.62	5	9422	
11	12	1	6	2	3	10254	18947320	14217	19762780	0.000916051	0.000886028	0	0.00383214	1390.08	2924.28	7	9422	
11	12	2	7	3	3	13958	20946256	18801	21704577	0.000861835	0.000811627	0	0.00408214	1154.44	2562.53	4	9422	
12	13	5	1	1	3	8117	18898518	10479	19624406	0.00112146	0.00101839	0	0.00383214	1872.74	3392.02	5	9422	
12	13	1	2	7	3	28732	33784309	32977	34978662	0.000902278	0.000627614	0	0.00383214	1060.7	2055.39	5	9422	
12	13	7	3	1	3	28999	33885177	33270	35420870	0.000897966	0.000632618	0	0.00383214	1064.65	2025.96	5	9422	
12	13	2	4	1	3	22638	33872059	22844	34049870	0.000958508	0.000619459	0	0.003	1490.54	2338.18	7	9422	
12	13	1	5	6	3	11474	22040267	16318	23397513	0.000881445	0.000881644	0	0.00383214	1433.85	2828.33	5	9422	
12	13	1	6	2	3	10396	20258098	14428	21085401	0.000932388	0.000905703	0	0.00383214	1461.42	3006.82	7	9422	
12	13	1	7	3	3	14185	22295788	18986	23050612	0.000879624	0.000831834	0	0.00408214	1214.08	2648.25	4	9422	
13	14	1	1	4	3	8542	20407313	11820	21306643	0.00105374	0.00102821	0	0.00383214	1802.59	3328.96	5	9422	
13	14	1	2	7	3	31273	36503517	36008	37955996	0.00089856	0.000627499	0	0.00383214	1054.1	2040.85	5	9422	
13	14	7	3	1	3	30945	36530312	35639	38295340	0.000900665	0.000638109	0	0.00383214	1074.53	2029.63	5	9422	
13	14	1	4	1	3	24428	36505231	24733	36775225	0.000962205	0.000621028	0	0.003	1486.89	2335.17	7	9422	
13	14	2	5	2	3	13312	24262697	18279	25639582	0.000893562	0.000859385	0	0.00383214	1402.68	2778.51	5	9422	
13	14	1	6	2	3	10539	21582694	14589	22410861	0.000951504	0.000924044	0	0.00383214	1536.15	3088.4	7	9422	
13	14	1	7	3	3	14745	23998840	19537	24751523	0.000894805	0.000843394	0	0.00408214	1266.91	2700.96	4	9422	
14	15	1	1	4	3	9774	21977350	13696	23043623	0.00101427	0.0010051	0	0.00383214	1682.51	3225.95	5	9422	
14	15	3	2	1	3	33033	38335533	37792	39798763	0.000906016	0.000628914	0	0.00383214	1053.1	2064.39	5	9422	
14	15	7	3	1	3	32275	39152237	37086	41044236	0.0009094	0.000642584	0	0.00383214	1106.73	2056.06	5	9422	
14	15	2	4	1	3	26458	39120496	26873	39454656	0.000964817	0.00061942	0	0.003	1468.19	2319.86	7	9422	
14	15	1	5	6	3	13595	25628685	18463	27002944	0.000909761	0.000874912	0	0.00383214	1462.54	2844.39	5	9422	
14	15	1	6	2	3	10682	22909246	14734	23737513	0.000971257	0.000941232	0	0.00383214	1611.07	3165.89	7	9422	
14	15	2	7	3	3	17791	27642324	22886	28476237	0.000891239	0.000805619	0	0.00408214	1244.26	2582.5	4	9422	
15	16	5	1	1	3	10911	23574066	14896	24644551	0.00102275	0.000988385	0	0.00383214	1654.44	3201.48	5	9422	
15	16	1	2	7	3	34862	40741860	39649	42216583	0.000912637	0.000629673	0	0.00383214	1064.76	2083.65	5	9422	
15	16	7	3	1	3	33401	41783041	38356	43870026	0.000919546	0.000648801	0	0.00383214	1143.76	2084.85	5	9422	
15	16	2	4	1	3	28595	41767396	29065	42141876	0.000964085	0.000616093	0	0.003	1449.92	2308.76	7	9422	
15	16	2	5	2	3	15053	27356203	20592	28799703	0.000894784	0.000863318	0	0.00383214	1398.59	2791.97	5	9422	
15	16	1	6	2	3	11024	24268115	15182	25107843	0.000985621	0.000952946	0	0.00383214	1653.79	3215.26	7	9422	
15	16	1	7	3	3	21246	30228751	26559	31118208	0.000890754	0.000770899	0	0.00408214	1171.66	2486.73	4	9422	
16	17	5	1	1	3	12559	25352732	17288	26580109	0.000986324	0.000962158	0	0.00383214	1537.49	3087.33	5	9422	
16	17	1	2	1	3	35064	42043866	39834	43516921	0.000920164	0.000641999	0	0.00383214	1092.46	2134.26	5	9422	
16	17	7	3	1	3	34491	44391916	39623	46726090	0.00092978	0.000655263	0	0.00383214	1179.27	2111.19	5	9422	
16	17	2	4	1	3	30727	44389160	31249	44806322	0.000963119	0.000613451	0	0.003	1433.85	2293.98	7	9422	
16	17	2	5	2	3	17857	29132641	23891	30645595	0.000885777	0.000829773	0	0.00383214	1282.73	2695.54	5	9422	
16	17	1	6	2	3	11279	25626698	15371	26459652	0.00100615	0.000968868	0	0.00383214	1721.4	3282.51	7	9422	
16	17	1	7	3	3	22764	31887598	28811	32832393	0.000881286	0.000768767	0	0.00408214	1139.58	2467.1	4	9422	
17	18	5	1	1	3	14715	28589899	20736	30790504	0.00093045	0.000929073	0	0.00383214	1484.88	2905.98	5	9422	
17	18	3	2	1	3	36491	43892484	41998	45465711	0.000911755	0.000650049	0	0.00383214	1082.57	2140.47	5	9422	
17	18	1	3	1	3	36252	47049529	41467	49457754	0.000934933	0.000656041	0	0.00383214	1192.7	2121.28	5	9422	
17	18	2	4	1	3	32319	47022858	32844	47442588	0.00096268	0.000615065	0	0.003	1444.48	2300.39	7	9422	
17	18	1	5	6	3	18636	30555761	25163	32114040	0.000883048	0.000835749	0	0.00383214	1276.24	2705.29	5	9422	
17	18	1	6	2	3	11805	27473203	15844	28295157	0.00102188	0.00097454	0	0.00383214	1785.86	3315.06	7	9422	
17	18	1	7	3	3	23251	33230261	29295	34174845	0.000892009	0.00077888	0	0.00408214	1166.58	2512.57	4	9422	
18	19	1	1	4	3	15906	30792237	22601	33382560	0.00091456	0.000920099	0	0.00383214	1477.04	2856.79	5	9422	
18	19	1	2	1	3	36709	45203915	42507	46811577	0.000912974	0.000662009	0	0.00383214	1101.27	2179.82	5	9422	
18	19	7	3	1	3	38708	49645481	44022	52110810	0.000939124	0.000651859	0	0.00383214	1183.74	2118.03	5	9422	
18	19	2	4	1	3	33902	49642325	34436	50076052	0.000963511	0.000616821	0	0.003	1454.18	2305.04	7	9422	
18	19	2	5	6	3	19290	32487772	26561	34311577	0.000871038	0.000844782	0	0.00433214	1291.8	2706.77	5	9422	
18	19	1	6	2	3	12023	28776258	16487	29679736	0.00101459	0.000991667	0	0.00383214	1800.19	3332.97	7	9422	
18	19	1	7	3	3	23462	34475733	29504	35429510	0.000902686	0.000791496	0	0.00408214	1200.84	2560.4	4	9422	
19	20	5	1	4	3	16049	32139583	23590	34878788	0.000894403	0.000931152	0	0.00383214	1478.54	2874.49	5	9422	
19	20	1	2	7	3	36852	46526702	43723	48305245	0.000897326	0.00067856	0	0.00383214	1104.8	2204.1	5	9422	
19	20	7	3	1	3	41499	52316415	46880	54816566	0.000939811	0.000644506	0	0.00383214	1169.3	2111.17	5	9422	
19	20	2	4	1	3	35962	52279446	36510	52722835	0.000961973	0.0006146	0	0.003	1444.07	2299.32	7	9422	
19	20	1	5	6	3	21131	34232028	29372	36217305	0.000858199	0.000834099	0	0.00433214	1233.06	2655.6	5	9422	
19	20	3	6	2	3	13878	30465937	18525	31392054	0.00100905	0.000960486	0	0.00383214	1694.58	3251.69	7	9422	
19	20	2	7	3	3	24922	36336469	31188	37321563	0.000901649	0.000787924	0	0.00408214	1196.66	2558.48	4	9422	
20	21	5	1	1	3	17140	33754778	25192	36584241	0.000887987	0.00092558	0	0.00383214	1452.22	2860.15	5	9422	
20	21	3	2	1	3	38435	48313459	46227	50266730	0.000886065	0.000682761	0	0.00383214	1087.39	2200.27	5	9422	
20	21	7	3	1	3	43579	54936809	49019	57476339	0.000943039	0.000643799	0	0.00383214	1172.53	2114.37	5	9422	
20	21	1	4	1	3	38147	54911278	38711	55366921	0.000959955	0.000611703	0	0.003	1430.26	2291.41	7	9422	
20	21	2	5	2	3	21660	35833661	30894	37985421	0.000841088	0.00084068	0	0.00433214	1229.54	2656.34	5	9422	
20	21	3	6	2	3	14738	32212451	19408	33144675	0.00102014	0.000956836	0	0.00383214	1707.78	3250.77	7	9422	
20	21	2	7	3	3	28644	39345468	35069	40375833	0.000901796	0.000759567	0	0.00408214	1151.33	2481.58	4	9422	
21	22	1	1	4	3	19425	35970652	28379	39015105	0.000870863	0.000900658	0	0.00383214	1374.79	2776.45	5	9422	
21	22	3	2	1	3	39808	50895124	47763	52895579	0.000891191	0.000685401	0	0.00383214	1107.46	2212.98	5	9422	
21	22	1	3	1	3	45217	57457391	50689	60015151	0.000946468	0.000644394	0	0.00383214	1183.99	2127.39	5	9422	
21	22	2	4	1	3	40388	57541864	40970	57999763	0.000957959	0.000608611	0	0.003	1415.66	2280.91	7	9422	
21	22	2	5	2	3	24369	39122960	34550	41786986	0.000832428	0.000820289	0	0.00433214	1209.46	2576.49	5	9422	
21	22	1	6	2	3	14968	33566914	19561	34492851	0.00103468	0.000968713	0	0.00383214	1763.35	3304.27	7	9422	
21	22	1	7	3	3	31242	41347791	37863	42396729	0.000902511	0.000746102	0	0.00408214	1119.74	2453.68	4	9422	
22	23	1	1	4	3	20090	37394217	29063	40431550	0.000883561	0.000904928	0	0.00408214	1391.17	2803.33	5	9422	
22	23	3	2	1	3	42245	52880220	50858	54944897	0.000885989	0.000682964	0	0.00383214	1080.36	2193.34	5	9422	
22	23	7	3	1	3	46763	59164878	52907	61856075	0.000938167	0.000649595	0	0.00383214	1169.15	2131.32	5	9422	
22	23	2	4	1	3	42558	60164483	43160	60636974	0.000956596	0.000606351	0	0.003	1404.93	2273.59	7	9422	
22	23	1	5	6	3	27383	42965938	38184	45932039	0.000833895	0.000800842	0	0.00433214	1202.91	2505.86	5	9422	
22	23	1	6	2	3	15599	35569567	20477	36562960	0.00103073	0.000969902	0	0.00383214	1785.56	3297.85	7	9422	
22	23	1	7	3	3	33150	43579095	39851	44650914	0.000905248	0.000740132	0	0.00408214	1120.45	2444.64	4	9422	
23	24	1	1	4	3	20791	39574255	29744	42603329	0.000895065	0.000909498	0	0.00408214	1432.33	2823.23	5	9422	
23	24	1	2	7	3	44532	55524254	53251	57613359	0.000890637	0.000679481	0	0.00383214	1081.92	2188.94	5	9422	
23	24	7	3	1	3	49602	61506990	56253	64318741	0.000931912	0.000646219	0	0.00383214	1143.38	2117.63	5	9422	
23	24	2	4	1	3	44731	62790726	45414	63323493	0.000956427	0.000604913	0	0.003	1394.36	2265.72	7	9422	
23	24	2	5	2	3	30490	47898821	41973	51484372	0.000832794	0.000783688	0	0.00433214	1226.61	2442.07	5	9422	
23	24	1	6	2	3	16081	37452906	20942	38440224	0.00104023	0.000974156	0	0.00383214	1835.56	3319.5	7	9422	
23	24	1	7	3	3	33785	45068088	40553	46154460	0.00091079	0.000745494	0	0.00408214	1138.13	2470.59	4	9422	
24	25	5	1	1	3	21107	40888161	30165	43942065	0.000902773	0.000917544	0	0.00408214	1456.72	2855.11	5	9422	
24	25	3	2	1	3	46011	57103824	54762	59195078	0.000895221	0.000679882	0	0.00383214	1080.95	2204.95	5	9422	
24	25	1	3	1	3	53223	64010668	60001	66843849	0.000929779	0.00063607	0	0.00383214	1114.05	2099.53	5	9422	
24	25	2	4	1	3	46935	65430338	47633	65975817	0.000954957	0.000602888	0	0.003	1385.09	2259.72	7	9422	
24	25	1	5	6	3	33642	51337917	45392	55002595	0.000838261	0.000767261	0	0.00433214	1211.72	2398.18	4	9422	
24	25	1	6	2	3	16978	39184329	22150	40211951	0.00103323	0.000969667	0	0.00383214	1815.44	3295.93	7	9422	
24	25	2	7	3	3	34936	47190736	42216	48444950	0.000906296	0.000748072	0	0.00408214	1147.55	2469.9	4	9422	
25	26	1	1	4	3	21716	42244269	30877	45307772	0.000908644	0.000921658	0	0.00408214	1467.36	2872.71	5	9422	
25	26	1	2	7	3	48828	61802718	57630	63912474	0.000898133	0.000673748	0	0.00383214	1109.01	2198.3	5	9422	
25	26	7	3	1	3	55708	67671293	63032	70766593	0.000924074	0.000635196	0	0.00383214	1122.71	2089.65	5	9422	
25	26	2	4	1	3	49159	68060588	49888	68623508	0.000954338	0.000600921	0	0.003	1375.55	2252.89	7	9422	
25	26	2	5	2	3	35638	52964939	48642	56745951	0.000826356	0.000762552	0	0.00433214	1166.6	2370.7	4	9422	
25	26	1	6	2	3	18246	41545075	23702	42612878	0.0010259	0.000958141	0	0.00383214	1797.86	3256.41	5	9422	
25	26	2	7	3	3	37979	49748174	45899	51176152	0.000900553	0.000736056	0	0.00408214	1114.97	2422.55	4	9422	
26	27	1	1	4	3	21961	43538928	31020	46591721	0.000918285	0.000930381	0	0.00408214	1501.99	2911.87	5	9422	
26	27	3	2	1	3	52083	64716087	61118	66859878	0.000897177	0.000665265	0	0.00383214	1093.95	2178.41	5	9422	
26	27	7	3	1	3	58068	70721186	65883	74046143	0.000920538	0.000635233	0	0.00383214	1123.9	2084.56	5	9422	
26	27	2	4	1	3	51320	70685266	52061	71256475	0.000953372	0.000599336	0	0.003	1368.71	2249.84	7	9422	
26	27	1	5	2	3	36723	54873555	51177	58891872	0.00081092	0.000765212	0	0.00433214	1150.75	2360.5	4	9422	
26	27	1	6	2	3	20469	43157965	26084	44250238	0.00101917	0.000930154	0	0.00383214	1696.45	3191.17	5	9422	
26	27	2	7	3	3	41144	52319951	49384	53820404	0.000900381	0.00072352	0	0.00408214	1089.83	2385.25	4	9422	
27	28	1	1	1	3	22209	44866808	31163	47908576	0.000927837	0.000938846	0	0.00408214	1537.35	2951.84	5	9422	
27	28	3	2	1	3	55830	68839142	64991	71010620	0.000898502	0.000655236	0	0.00383214	1092.62	2152	5	9422	
27	28	7	3	1	3	60312	73318234	68213	76683917	0.000923106	0.000634003	0	0.00383214	1124.18	2086.78	5	9422	
27	28	1	4	1	3	53498	73319369	54286	73918397	0.000953484	0.000598307	0	0.003	1361.65	2244.6	7	9422	
27	28	1	5	6	3	38920	57795777	54225	62246314	0.000807293	0.000759293	0	0.00433214	1147.93	2334.85	4	9422	
27	28	1	6	2	3	20962	44741119	26586	45842544	0.00102766	0.000934452	0	0.00383214	1724.31	3212.04	5	9422	
27	28	2	7	3	3	44181	54329045	52674	55872106	0.000900277	0.000712609	0	0.00408214	1060.72	2355.28	4	9422	
28	29	1	1	4	3	22454	46181258	31313	49213051	0.000937918	0.000947865	0	0.00408214	1571.65	2989.61	5	9422	
28	29	3	2	1	3	58523	71982754	68312	74429072	0.000895814	0.000654487	0	0.00383214	1089.55	2136.8	5	9422	
28	29	1	3	1	3	61916	75417834	70299	78869148	0.000921435	0.000637598	0	0.00383214	1121.91	2095.06	5	9422	
28	29	2	4	1	3	55537	75941592	56362	76554268	0.000953542	0.000597921	0	0.003	1358.26	2242.83	7	9422	
28	29	2	5	2	3	40221	59266853	55989	63756491	0.00080831	0.000759605	0	0.00433214	1138.73	2341.96	4	9422	
28	29	3	6	2	3	21221	46061787	26906	47167848	0.0010352	0.000942023	0	0.00383214	1753.06	3242.12	5	9422	
28	29	2	7	3	3	47103	56761643	55797	58342105	0.000902611	0.000704521	0	0.00408214	1045.61	2332.49	4	9422	
29	30	1	1	4	3	22764	47579798	31736	50616758	0.000943805	0.000954688	0	0.00408214	1594.93	3014.31	5	9422	
29	30	3	2	1	3	62144	74885429	72059	77358881	0.000899333	0.000647343	0	0.00383214	1073.55	2116.33	5	9422	
29	30	1	3	1	3	64359	78505537	72855	82023736	0.000923898	0.00063587	0	0.00383214	1125.85	2095.44	5	9422	
29	30	2	4	1	3	57063	78574633	57941	79234661	0.000955207	0.000600214	0	0.003	1367.51	2246.85	7	9422	
29	30	1	5	6	3	41330	60624472	57154	65125528	0.000814608	0.000761133	0	0.00433214	1139.47	2353.8	4	9422	
29	30	3	6	2	3	21486	47415711	27801	48604833	0.0010213	0.000950353	0	0.00383214	1748.31	3247.25	5	9422	
29	30	1	7	3	3	47713	58149746	56553	59742526	0.000905938	0.000710307	0	0.00408214	1056.4	2356.65	4	9422	
30	31	1	1	4	3	22907	48913953	32054	51967637	0.000947825	0.000962339	0	0.00408214	1621.25	3045.38	5	9422	
30	31	3	2	1	3	64069	77652820	74547	80325927	0.000896852	0.000648733	0	0.00383214	1077.52	2116.2	5	9422	
30	31	7	3	1	3	65738	80085990	74306	83611005	0.000927317	0.000638195	0	0.00383214	1125.23	2109.14	5	9422	
30	31	2	4	1	3	58692	81193358	59641	81911666	0.000957038	0.000601771	0	0.003	1373.41	2251.47	7	9422	
30	31	2	5	2	3	41964	62176236	57807	66681222	0.000820358	0.000765532	0	0.00433214	1153.51	2374.96	4	9422	
30	31	1	6	2	3	22528	49073201	29419	50314970	0.00100678	0.000945951	0	0.00383214	1710.29	3219.65	5	9422	
30	31	2	7	3	3	48759	60204008	58323	62249125	0.000899954	0.000715244	0	0.00408214	1067.32	2355.94	4	9422	
31	32	5	1	1	3	23049	50173516	32240	53240923	0.000955663	0.00096983	0	0.00408214	1651.39	3076.39	5	9422	
31	32	3	2	1	3	65574	79750419	76494	82521396	0.000895283	0.000650896	0	0.00383214	1078.8	2122.34	5	9422	
31	32	1	3	1	3	68745	82661168	77820	86415338	0.00092352	0.000635739	0	0.00383214	1110.45	2096.65	5	9422	
31	32	2	4	1	3	60912	83839211	61937	84603896	0.000957331	0.000600819	0	0.003	1365.97	2246.71	7	9422	
31	32	2	5	2	3	45044	64751175	61539	69360512	0.000818899	0.000754681	0	0.00433214	1127.1	2343.54	4	9422	
31	32	1	6	2	3	25613	51404746	32573	52651010	0.0010006	0.0009122	0	0.00383214	1616.4	3129.96	5	9422	
31	32	2	7	3	3	51663	62145788	61602	64238279	0.000898239	0.00070754	0	0.00408214	1042.8	2332.69	4	9422	
32	33	1	1	4	3	24075	51749559	34016	54949400	0.000941447	0.000964586	0	0.00408214	1615.4	3050.39	5	9422	
32	33	1	2	7	3	67323	82044106	78296	84824771	0.000898494	0.000651229	0	0.00383214	1083.39	2129.36	5	9422	
32	33	7	3	1	3	71047	86534416	80172	90310431	0.000924634	0.00063371	0	0.00383214	1126.46	2096.27	5	9422	
32	33	1	4	1	3	63113	86452121	64205	87260068	0.000957461	0.000599887	0	0.003	1359.09	2242.25	7	9422	
32	33	2	5	2	3	48541	66815526	65275	71461932	0.00082417	0.000742704	0	0.00433214	1094.78	2316.09	4	9422	
32	33	1	6	2	3	26611	52863760	33659	54116574	0.0010045	0.000909381	0	0.00383214	1607.79	3130.25	5	9422	
32	33	2	7	3	3	53935	63740828	64169	65866313	0.00089987	0.00070332	0	0.00408214	1026.45	2325.63	4	9422	
33	34	5	1	1	3	25365	53503361	35343	56703854	0.000948401	0.000957758	0	0.00408214	1604.39	3041.06	5	9422	
33	34	3	2	1	3	67745	83332101	78688	86100876	0.000903071	0.000657619	0	0.00383214	1094.21	2150.27	5	9422	
33	34	7	3	1	3	73122	89161842	82314	92982302	0.000927749	0.000633787	0	0.00383214	1129.6	2097.22	5	9422	
33	34	2	4	5	3	65319	89101921	66485	89955434	0.000957633	0.000598978	0	0.003	1353.02	2239.19	7	9422	
33	34	1	5	6	3	51111	68345138	67967	73000067	0.00082889	0.000736161	0	0.00433214	1074.05	2308.37	4	9422	
33	34	1	6	2	3	26944	54152191	33995	55414454	0.00101531	0.000916942	0	0.00383214	1630.08	3153.67	5	9422	
33	34	2	7	3	3	57257	65701507	68022	67883276	0.000895636	0.000695135	0	0.00408214	997.961	2299.81	4	9422	
34	35	5	1	1	3	27513	56461456	38737	60180488	0.000923098	0.00094008	0	0.00408214	1553.57	2957.88	5	9422	
34	35	3	2	1	3	69697	85919368	80956	88837151	0.000902962	0.000657925	0	0.00408214	1097.35	2151.49	5	9422	
34	35	7	3	1	3	74436	91776128	83746	95730089	0.000930903	0.000636047	0	0.00383214	1143.1	2106.55	5	9422	
34	35	1	4	1	3	67533	91730134	68832	92656838	0.00095872	0.000598511	0	0.003	1346.13	2233.21	7	9422	
34	35	1	5	6	3	53290	70229097	70457	74892526	0.000830683	0.000732078	0	0.00433214	1062.95	2301.5	4	9422	
34	35	1	6	2	3	27361	55459135	34428	56721887	0.00102364	0.000921846	0	0.00383214	1647.55	3173.63	5	9422	
34	35	2	7	3	3	60311	67881954	71660	70165466	0.000893604	0.000689156	0	0.00408214	979.144	2275.91	4	9422	
35	36	1	1	4	3	28420	58500296	39978	62419808	0.000922309	0.000937945	0	0.00408214	1561.35	2951.48	5	9422	
35	36	1	2	7	3	72096	88129931	83991	91241844	0.000901302	0.000658146	0	0.00408214	1086.33	2144.71	5	9422	
35	36	7	3	1	3	76031	94397506	85430	98432734	0.000933398	0.000637088	0	0.00383214	1152.2	2113.95	5	9422	
35	36	2	4	1	3	69149	94352558	70460	95278902	0.000958908	0.000599539	0	0.003	1352.24	2238.61	7	9422	
35	36	1	5	6	3	53522	71555906	70651	76215998	0.000835628	0.000738788	0	0.00433214	1078.77	2327.83	4	9422	
35	36	1	6	2	3	27697	56717829	34775	57981487	0.00103204	0.000927276	0	0.00383214	1667.33	3193.67	4	9422	
35	36	1	7	3	3	61570	69435624	73351	71791854	0.000893169	0.000692032	0	0.00408214	978.744	2282.41	4	9422	
36	37	1	1	4	3	28563	59847642	40121	63757837	0.00092964	0.000944379	0	0.00408214	1589.14	2982.98	5	9422	
36	37	3	2	7	3	74172	90173246	87566	93664185	0.000889105	0.0006613	0	0.00408214	1069.64	2132.97	5	9422	
36	37	7	3	1	3	78075	97035929	87532	101133174	0.000935132	0.000636121	0	0.00383214	1155.39	2116.72	5	9422	
36	37	2	4	1	3	70806	96974529	72149	97930694	0.000959507	0.000600546	0	0.003	1357.34	2243.86	7	9422	
36	37	1	5	6	3	54846	73525710	72274	78229136	0.000837334	0.000739462	0	0.00433214	1082.4	2333.9	4	9422	
36	37	3	6	2	3	28565	58128458	35908	59418358	0.00102979	0.000926284	0	0.00383214	1654.74	3189.26	4	9422	
36	37	1	7	3	3	62084	70977441	74041	73393399	0.000894977	0.000697555	0	0.00408214	991.253	2302.87	4	9422	
37	38	1	1	4	3	28706	61154463	40561	65239000	0.000930132	0.000950588	0	0.00408214	1608.42	3002.01	5	9422	
37	38	3	2	1	3	77638	94501378	91250	98081415	0.000891181	0.000656226	0	0.00408214	1074.86	2118.64	5	9422	
37	38	7	3	1	3	79804	99677812	89322	103832900	0.000936717	0.000636265	0	0.00383214	1162.46	2121.68	5	9422	
37	38	2	4	1	3	72351	99606259	73739	100611266	0.000960397	0.000601907	0	0.003	1364.42	2247.58	7	9422	
37	38	2	5	6	3	55661	75795012	73112	80498594	0.000841119	0.000742487	0	0.00433214	1101.03	2349.86	4	9422	
37	38	1	6	2	3	29449	59820805	36931	61157979	0.00103264	0.000924158	0	0.00383214	1656.01	3184.76	4	9422	
37	38	1	7	3	3	62951	72412687	75011	74827748	0.000897974	0.000700288	0	0.00408214	997.557	2318.97	4	9422	
38	39	1	1	4	3	28848	62458083	40711	66552777	0.000937242	0.000956784	0	0.00408214	1634.76	3030.24	5	9422	
38	39	3	2	1	3	80128	97363825	94614	101284623	0.000887168	0.000656481	0	0.00408214	1070.5	2108.57	5	9422	
38	39	1	3	1	3	82148	102306819	91709	106478436	0.000938292	0.000634979	0	0.00383214	1161.05	2118.76	5	9422	
38	39	2	4	1	3	73658	102206732	75101	103269649	0.000962481	0.000604455	0	0.003	1375.08	2255.97	7	9422	
38	39	1	5	6	3	55870	77087731	73271	81788003	0.000845546	0.000748315	0	0.00433214	1116.24	2373.54	4	9422	
38	39	1	6	2	3	29958	61407917	37949	62963654	0.00102444	0.000927691	0	0.00383214	1659.17	3180.04	4	9422	
38	39	1	7	3	3	63769	74953778	75834	77382653	0.000901606	0.000703341	0	0.00408214	1020.42	2337.43	4	9422	
39	40	1	1	4	3	28991	63762323	40858	67857437	0.00094437	0.000962844	0	0.00408214	1660.81	3057.29	5	9422	
39	40	1	2	7	3	81779	99304797	97885	103657526	0.000876121	0.000660495	0	0.00408214	1058.97	2101.69	5	9422	
39	40	7	3	1	3	84885	104910314	94502	109088874	0.000939793	0.000632611	0	0.00383214	1154.36	2115.27	5	9422	
39	40	2	4	1	3	75607	104848483	77083	105936740	0.000962084	0.00060417	0	0.003	1374.32	2257.25	7	9422	
39	40	2	5	2	3	58435	80311884	76122	85119381	0.00084726	0.000742758	0	0.00433214	1118.2	2359.16	4	9422	
39	40	3	6	2	3	32858	63714003	41085	65325279	0.00101587	0.000903901	0	0.00383214	1590	3110.48	4	9422	
39	40	1	7	3	3	64208	76699478	76391	79164546	0.000904182	0.000707836	0	0.00408214	1036.31	2357.44	4	9422	
40	41	1	1	4	3	29134	65101169	41009	69197123	0.000951354	0.00096877	0	0.00408214	1687.36	3085.42	5	9422	
40	41	1	2	7	3	82547	100844649	99027	105223594	0.000876282	0.000663734	0	0.00408214	1062.57	2113.59	5	9422	
40	41	1	3	1	3	86564	107423298	96286	111689976	0.000941857	0.000633445	0	0.00383214	1159.98	2120.87	5	9422	
40	41	2	4	1	3	77675	107493335	79296	108680033	0.000963097	0.000604369	0	0.003	1370.56	2253.95	7	9422	
40	41	1	5	2	3	61178	82135943	79020	86962300	0.000851242	0.000736656	0	0.00433214	1100.51	2348	4	9422	
40	41	1	6	2	3	35622	66809332	43897	68440597	0.0010121	0.000884578	0	0.00383214	1559.12	3055.36	4	9422	
40	41	1	7	3	3	64388	78041000	77241	80871708	0.000900227	0.000714657	0	0.00408214	1047	2372.41	4	9422	
41	42	1	1	4	3	29277	66410982	41161	70507791	0.000958263	0.000974567	0	0.00408214	1712.98	3111.45	5	9422	
41	42	1	2	7	3	82690	102119130	99258	106501473	0.000878565	0.000668349	0	0.00408214	1072.98	2132.59	5	9422	
41	42	7	3	1	3	88498	109140326	98265	113422568	0.000943435	0.000633084	0	0.00383214	1154.25	2125.29	5	9422	
41	42	1	4	1	3	79639	110119567	81388	111390716	0.00096431	0.000604638	0	0.003	1368.64	2253	7	9422	
41	42	2	5	2	3	64326	84029674	82287	88860265	0.000854467	0.000729063	0	0.00433214	1079.88	2331.83	4	9422	
41	42	1	6	2	3	35842	68155205	44067	69781422	0.00101836	0.000890875	0	0.00383214	1583.53	3081.85	4	9422	
41	42	1	7	3	3	64742	79473636	77776	82426818	0.000901262	0.000719509	0	0.00408214	1059.8	2388.99	4	9422	
42	43	1	1	4	3	29420	67749062	41366	71852129	0.000963885	0.000980219	0	0.00408214	1736.99	3136.75	5	9422	
42	43	1	2	1	3	84035	104164647	100704	108576347	0.000881213	0.000670047	0	0.00408214	1078.17	2140.18	5	9422	
42	43	7	3	1	3	89713	110613531	99497	114898092	0.000946083	0.000634839	0	0.00383214	1154.79	2136.02	5	9422	
42	43	2	4	1	3	81716	112752269	83588	114082416	0.000964146	0.000604404	0	0.003	1364.82	2251.88	7	9422	
42	43	2	5	2	3	67996	86632253	86090	91490202	0.000858125	0.000720373	0	0.00433214	1062.73	2310.05	4	9422	
42	43	3	6	2	3	36176	69520711	44606	71172461	0.00101934	0.000895469	0	0.00383214	1595.58	3097.65	4	9422	
42	43	1	7	3	3	64981	80788397	77919	83737873	0.000905113	0.000724439	0	0.00408214	1074.68	2412.1	4	9422	
43	44	1	1	4	3	29563	69062740	41577	73163341	0.00096924	0.000985711	0	0.00408214	1759.71	3159.84	5	9422	
43	44	3	2	1	3	85925	106179846	102690	110618325	0.000883616	0.00066918	0	0.00408214	1077.21	2144.55	5	9422	
43	44	7	3	1	3	92211	112582359	102057	116873608	0.000946714	0.000632747	0	0.00383214	1145.18	2134.33	5	9422	
43	44	2	4	1	3	83739	115391122	85712	116780481	0.000964884	0.000604489	0	0.003	1362.48	2250.94	7	9422	
43	44	1	5	6	3	70924	89572306	89213	94475813	0.000861145	0.000715036	0	0.00433214	1058.99	2298.35	4	9422	
43	44	3	6	2	3	38697	71797781	48064	73687981	0.000998837	0.000881874	0	0.00383214	1533.12	3031	4	9422	
43	44	1	7	3	3	65483	82310278	78355	85264030	0.000908762	0.000728349	0	0.00408214	1088.18	2430.3	4	9422	
44	45	1	1	4	3	29811	70457723	42318	74756728	0.00096441	0.00098996	0	0.00408214	1766.55	3165.42	5	9422	
44	45	3	2	1	3	88944	107964198	105879	112421659	0.000884523	0.000664975	0	0.00408214	1061.79	2139.32	5	9422	
44	45	7	3	1	3	94692	116052368	105736	120739621	0.000936918	0.000634756	0	0.00383214	1141.9	2123.2	5	9422	
44	45	2	4	1	3	86097	118022392	88165	119468442	0.00096416	0.000603138	0	0.003	1355.06	2246.29	7	9422	
44	45	2	5	2	3	73647	93199772	92922	98512065	0.000856001	0.000711884	0	0.00433214	1060.16	2276.24	4	9422	
44	45	1	6	2	3	41443	73712907	51229	75684087	0.000989148	0.000866459	0	0.00383214	1477.37	2980.41	4	9422	
44	45	1	7	3	3	65648	83646978	78545	86591738	0.000912019	0.000733232	0	0.00408214	1102.45	2452.76	4	9422	
45	46	1	1	4	3	30037	71791740	42467	76091977	0.000971282	0.000995325	0	0.00408214	1791.79	3190.33	5	9422	
45	46	1	2	1	3	90930	109883697	107919	114349745	0.000887025	0.000664262	0	0.00408214	1059.59	2141.7	5	9422	
45	46	1	3	1	3	96785	120234042	107896	124967168	0.000937331	0.00063365	0	0.00383214	1158.22	2124.9	5	9422	
45	46	2	4	1	3	88265	120642838	90462	122167761	0.000964701	0.000602844	0	0.003	1350.49	2242.41	7	9422	
45	46	2	5	2	3	77224	97474952	96749	102925987	0.000858311	0.000704754	0	0.00433214	1063.85	2254.28	4	9422	
45	46	1	6	2	3	42083	75052307	51882	77014802	0.000994681	0.000868457	0	0.00383214	1484.42	2991.52	4	9422	
45	46	2	7	3	3	65849	84987426	80629	88080714	0.000894437	0.000742012	0	0.00408214	1092.42	2450.78	4	9422	
46	47	1	1	4	3	30180	73104911	42628	77406977	0.000977677	0.00100055	0	0.00408214	1815.87	3213.32	5	9422	
46	47	1	2	1	3	92157	111366344	109165	115834443	0.000889818	0.000665723	0	0.00408214	1061.1	2152.13	5	9422	
46	47	7	3	1	3	98381	123359290	109527	128107121	0.000938541	0.000634298	0	0.00383214	1169.64	2131.95	5	9422	
46	47	2	4	1	3	90387	123265829	92680	124854427	0.000964756	0.000602453	0	0.003	1347.16	2239.91	7	9422	
46	47	1	5	6	3	78553	99290116	98479	104828204	0.000858403	0.000705678	0	0.00433214	1064.47	2258.16	4	9422	
46	47	3	6	2	3	42685	77005279	52603	78985181	0.000997292	0.000870701	0	0.00383214	1501.53	3000.51	4	9422	
46	47	2	7	3	3	68942	87949147	84061	91118452	0.000894384	0.000734944	0	0.00408214	1083.96	2429.17	4	9422	
47	48	1	1	4	3	30323	74429217	42773	78731493	0.000984392	0.00100567	0	0.00408214	1840.68	3236.78	5	9422	
47	48	1	2	7	3	93943	112810018	111008	117272940	0.000891674	0.000665124	0	0.00408214	1056.44	2156.65	5	9422	
47	48	1	3	1	3	99603	125968626	110877	130870023	0.00094148	0.000636245	0	0.00383214	1180.32	2137.58	5	9422	
47	48	2	4	1	3	92368	125888875	94761	127558124	0.000965433	0.000602604	0	0.003	1346.1	2240.08	7	9422	
47	48	1	5	6	3	80004	100772943	100443	106362458	0.000857499	0.00070635	0	0.00433214	1058.93	2260	4	9422	
47	48	3	6	2	3	45926	79269621	55964	81273449	0.000994107	0.000853406	0	0.00383214	1452.25	2949.11	4	9422	
47	48	1	7	3	3	71841	89815658	87185	93012069	0.000895337	0.000728808	0	0.00408214	1066.84	2412.99	4	9422	
48	49	1	1	4	3	30466	75742674	42964	80049929	0.000990001	0.00101067	0	0.00408214	1863.19	3257.97	5	9422	
48	49	1	2	7	3	94186	114127612	111189	118584299	0.000894699	0.000669348	0	0.00408214	1066.51	2174.63	5	9422	
48	49	7	3	1	3	102084	128572409	113404	133510847	0.000942448	0.000634647	0	0.00383214	1177.3	2136.34	5	9422	
48	49	1	4	1	3	94391	128529729	96833	130222848	0.000964883	0.000602361	0	0.003	1344.82	2240.01	7	9422	
48	49	2	5	6	3	80677	102458685	101453	108056277	0.00085741	0.000709471	0	0.00433214	1065.09	2269.74	4	9422	
48	49	1	6	2	3	47298	80904747	57385	82915306	0.000997102	0.000850454	0	0.00383214	1444.9	2943.7	4	9422	
48	49	2	7	3	3	74720	91691738	90228	94906943	0.000896819	0.000723132	0	0.00408214	1051.86	2398.76	4	9422	
49	50	1	1	4	3	30609	77019803	43115	81327898	0.000996484	0.00101559	0	0.00408214	1886.3	3278.29	5	9422	
49	50	1	2	7	3	94430	115428281	111338	119884961	0.000897552	0.000673448	0	0.00408214	1076.77	2192.34	5	9422	
49	50	7	3	1	3	103550	131214624	114968	136259739	0.00094436	0.000635603	0	0.00383214	1185.2	2142.4	5	9422	
49	50	2	4	1	3	96528	131149537	99077	132899034	0.000965227	0.000601939	0	0.003	1341.37	2238.53	7	9422	
49	50	2	5	2	3	83673	104829078	105088	110593050	0.000856111	0.000705594	0	0.00433214	1052.39	2254.92	4	9422	
49	50	1	6	2	3	47848	82941766	57894	84941376	0.00100167	0.000853584	0	0.00383214	1467.19	2956.72	4	9422	
49	50	1	7	3	3	75828	93066492	91404	96285594	0.000899362	0.000723981	0	0.00408214	1053.41	2407.16	4	9422	
50	51	1	1	4	3	30867	78404162	43660	82827692	0.0009964	0.00101917	0	0.00408214	1897.11	3285.58	5	9422	
50	51	3	2	1	3	94684	116778571	111594	121234794	0.000900405	0.000677821	0	0.00408214	1086.39	2210.11	5	9422	
50	51	7	3	1	3	104981	133852774	116492	139004802	0.000946061	0.00063645	0	0.00383214	1193.26	2148.2	5	9422	
50	51	2	4	1	3	98826	133811902	101498	135617920	0.000965058	0.000601252	0	0.003	1336.16	2234.91	7	9422	
50	51	2	5	2	3	86720	107579879	108682	113529308	0.000856391	0.000702015	0	0.00433214	1044.6	2239.64	4	9422	
50	51	3	6	2	3	49547	84713343	59761	86734407	0.00100092	0.000848852	0	0.00383214	1451.35	2942.49	4	9422	
50	51	1	7	3	3	76100	94418321	91688	97637645	0.000902708	0.000727948	0	0.00408214	1064.89	2426.35	4	9422	
51	52	5	1	1	3	31784	79814761	44668	84247558	0.000999477	0.00101571	0	0.00408214	1886.08	3279.18	5	9422	
51	52	1	2	7	3	95081	118325790	112081	122787298	0.0009023	0.000681072	0	0.00408214	1095.52	2224.8	5	9422	
51	52	7	3	1	3	106026	136469619	117637	141712887	0.000947993	0.000638301	0	0.00383214	1204.66	2157.7	5	9422	
51	52	2	4	1	3	100995	136409285	103807	138307160	0.000965128	0.000600973	0	0.003	1332.35	2231.82	7	9422	
51	52	2	5	2	3	90462	110419357	112623	116425772	0.0008578	0.000695295	0	0.00433214	1033.77	2222.6	4	9422	
51	52	1	6	2	3	52930	87341231	63316	89393885	0.000998065	0.000833979	0	0.00383214	1411.87	2894.43	4	9422	
51	52	2	7	3	3	79065	96314957	94852	99548739	0.000902877	0.000721987	0	0.00408214	1049.52	2410.95	4	9422	
52	53	1	1	4	3	34174	82421880	47732	87190628	0.000985494	0.000996948	0	0.00408214	1826.67	3212.87	5	9422	
52	53	1	2	7	3	95224	119639017	112224	124100525	0.000904973	0.000684739	0	0.00408214	1105.83	2242.16	5	9422	
52	53	1	3	1	3	107691	139062646	119366	144369746	0.000949473	0.000638923	0	0.00383214	1209.47	2161.94	5	9422	
52	53	2	4	1	3	103085	139063614	105979	141005814	0.000965093	0.000600932	0	0.003	1330.51	2230.18	7	9422	
52	53	2	5	2	3	92057	112076961	114444	118099231	0.000859655	0.000695506	0	0.00433214	1031.94	2226.76	4	9422	
52	53	3	6	2	3	56472	89471411	66888	91522600	0.00099583	0.000818728	0	0.00383214	1368.3	2850.73	4	9422	
52	53	1	7	3	3	81089	98560899	97034	101817766	0.000904124	0.000719656	0	0.00408214	1049.3	2408.04	4	9422	
53	54	5	1	1	3	34496	84042476	48678	89287153	0.000978401	0.000999578	0	0.00408214	1834.24	3209.49	5	9422	
53	54	1	2	7	3	95398	120972446	113150	125710324	0.000901633	0.000689964	0	0.00408214	1111.01	2251.96	5	9422	
53	54	7	3	1	3	109235	141754800	121017	147166714	0.000951192	0.000639775	0	0.00383214	1216.08	2166.18	5	9422	
53	54	2	4	1	3	105261	141686180	108316	143723249	0.000966186	0.000600897	0	0.003	1326.89	2227.22	7	9422	
53	54	2	5	2	3	94736	114133838	117686	120259860	0.000859567	0.000693222	0	0.00433214	1021.87	2218.09	4	9422	
53	54	3	6	2	3	59132	91470432	69620	93529398	0.000995342	0.000809681	0	0.00383214	1343.43	2825.5	4	9422	
53	54	1	7	3	3	83599	100464808	99728	103761474	0.000905109	0.000716119	0	0.00408214	1040.44	2397.87	4	9422	
54	55	5	1	1	3	36902	88938573	52234	95663422	0.000958432	0.000982343	0	0.00408214	1831.44	3124.88	5	9422	
54	55	3	2	1	3	98775	126967387	116747	131861991	0.000903932	0.000686371	0	0.00408214	1129.47	2236.86	5	9422	
54	55	7	3	1	3	111301	144374258	123136	149813390	0.000952451	0.000639385	0	0.00383214	1216.65	2166.36	5	9422	
54	55	2	4	5	3	107462	144323332	110643	146433072	0.000966766	0.000600654	0	0.003	1323.47	2225.54	7	9422	
54	55	1	5	2	3	97331	116518889	121330	122992508	0.00085596	0.000692143	0	0.00433214	1013.7	2205.23	4	9422	
54	55	3	6	2	3	59434	92756157	69927	94824777	0.000999571	0.000813378	0	0.00383214	1356.05	2841.41	4	9422	
54	55	2	7	3	3	84925	101853181	101392	105173004	0.00090421	0.000716813	0	0.00408214	1037.29	2400.01	4	9422	
55	56	1	1	4	3	39431	91937560	55783	99211745	0.000941409	0.000965255	0	0.00408214	1778.53	3062.6	5	9422	
55	56	3	2	1	3	101475	130155804	120120	135378499	0.000901598	0.000684821	0	0.00408214	1127.03	2224.91	5	9422	
55	56	7	3	1	3	112944	146999945	124882	152555409	0.000954091	0.000639906	0	0.00383214	1221.6	2168.55	5	9422	
55	56	1	4	1	3	109752	146940444	113047	149120425	0.000966893	0.000600015	0	0.003	1319.1	2220.73	7	9422	
55	56	2	5	6	3	99673	118563490	124760	125233197	0.000852621	0.000691827	0	0.00433214	1003.79	2194.86	4	9422	
55	56	1	6	2	3	59676	94079815	70106	96144799	0.00100389	0.000817513	0	0.00383214	1371.42	2860.21	4	9422	
55	56	2	7	3	3	86766	103351655	103348	106680602	0.000905648	0.0007152	0	0.00408214	1032.25	2400.05	4	9422	
56	57	1	1	4	3	41619	93808049	58612	101190648	0.000934337	0.000953155	0	0.00408214	1726.45	3027.53	5	9422	
56	57	1	2	7	3	103548	134068456	122385	139326975	0.000902513	0.000683887	0	0.00408214	1138.43	2225.1	5	9422	
56	57	1	3	1	3	114297	149614129	126358	155317778	0.000956272	0.00064111	0	0.00383214	1229.19	2172.93	5	9422	
56	57	2	4	1	3	111748	149577473	115179	151842514	0.000967507	0.000600268	0	0.003	1318.32	2220.32	7	9422	
56	57	2	5	2	3	102436	120677418	127944	127431931	0.000852812	0.000689281	0	0.00433214	995.998	2187.01	4	9422	
56	57	1	6	2	3	60177	95823844	70561	97884155	0.00100725	0.000820216	0	0.00383214	1387.23	2872.25	4	9422	
56	57	1	7	3	3	88192	104891271	104851	108232120	0.000907514	0.000715023	0	0.00408214	1032.25	2402.88	4	9422	
57	58	1	1	4	3	41976	95165220	59249	102573797	0.000935383	0.000955982	0	0.00408214	1731.23	3037.3	5	9422	
57	58	3	2	1	3	105896	135950172	124933	141239371	0.000903892	0.000682549	0	0.00408214	1130.52	2222.31	5	9422	
57	58	7	3	1	3	115713	152240052	127873	158058212	0.000957965	0.000642208	0	0.00383214	1236.06	2177.17	5	9422	
57	58	2	4	1	3	113289	152221259	116806	154584767	0.000968724	0.000601452	0	0.003	1323.43	2223.51	7	9422	
57	58	1	5	6	3	103517	122586935	129203	129393974	0.000854842	0.000690698	0	0.00433214	1001.48	2195.08	4	9422	
57	58	1	6	2	3	60419	97125732	70713	99180075	0.00101142	0.000824351	0	0.00383214	1402.57	2890.14	4	9422	
57	58	1	7	3	3	88795	106498622	105379	109835695	0.000909888	0.000717619	0	0.00408214	1042.29	2416.1	4	9422	
58	59	1	1	4	3	42213	96507047	59467	103914105	0.000941681	0.000961328	0	0.00408214	1747.42	3055.07	5	9422	
58	59	1	2	7	3	107476	137606411	126714	142922514	0.000905603	0.000683223	0	0.00408214	1127.91	2225.63	5	9422	
58	59	1	3	1	3	117387	154885835	129632	160792006	0.000959061	0.000642635	0	0.00383214	1240.37	2178.83	5	9422	
58	59	2	4	1	3	114734	154844253	118352	157318307	0.000969976	0.000602906	0	0.003	1329.24	2226.91	7	9422	
58	59	2	5	2	3	103960	124404678	129958	131514654	0.000855018	0.000693781	0	0.00433214	1011.98	2205.82	4	9422	
58	59	1	6	2	3	60571	98383370	70859	100437303	0.00101539	0.00082835	0	0.00383214	1417.42	2906.79	4	9422	
58	59	1	7	3	3	88986	107825304	105816	111176258	0.000910413	0.00072184	0	0.00408214	1050.66	2430.41	4	9422	
59	60	1	1	4	3	42450	97766881	59633	105175653	0.000946844	0.000965614	0	0.00408214	1763.72	3071.04	5	9422	
59	60	3	2	1	3	108305	139002300	127571	144320906	0.000908358	0.000685296	0	0.00408214	1131.3	2235.26	5	9422	
59	60	1	3	1	3	119243	157519518	131583	163495175	0.000960076	0.000642871	0	0.00383214	1242.53	2179.64	5	9422	
59	60	2	4	1	3	116364	157451337	120142	160039746	0.000971187	0.00060395	0	0.003	1332.09	2228.33	7	9422	
59	60	2	5	6	3	104749	126081100	131135	133247049	0.000855196	0.000696228	0	0.00433214	1016.11	2214.7	4	9422	
59	60	3	6	2	3	60714	99694922	71157	101751612	0.00101713	0.000832711	0	0.00383214	1429.96	2922.17	4	9422	
59	60	1	7	3	3	89899	109307070	106919	112675287	0.000911389	0.000723485	0	0.00408214	1053.84	2438.61	4	9422	
60	61	1	1	4	3	42690	99098675	59790	106498978	0.000952168	0.000970244	0	0.00408214	1781.22	3088.94	5	9422	
60	61	1	2	1	3	108900	140339752	128179	145658901	0.000910652	0.000687575	0	0.00408214	1136.37	2246.37	5	9422	
60	61	7	3	1	3	120746	160152620	133179	166226129	0.000961578	0.000643503	0	0.00383214	1248.14	2182.88	5	9422	
60	61	2	4	1	3	118386	160096833	122309	162778427	0.000972037	0.000604044	0	0.003	1330.88	2227.99	7	9422	
60	61	2	5	2	3	108016	129952874	134617	137169104	0.00085619	0.000691982	0	0.00433214	1018.96	2204	4	9422	
60	61	3	6	2	3	61628	101702468	73593	104111190	0.000999893	0.000837053	0	0.00383214	1414.69	2900.93	4	9422	
60	61	1	7	3	3	90748	110840184	107843	114228444	0.000913368	0.000725039	0	0.00408214	1059.21	2446.72	4	9422	
61	62	5	1	1	3	42938	100438663	59933	107827941	0.000957054	0.000974223	0	0.00408214	1799.14	3107.13	5	9422	
61	62	1	2	7	3	111272	142175277	130642	147498312	0.000912088	0.000685634	0	0.00408214	1129.03	2242.26	5	9422	
61	62	7	3	1	3	122767	162785774	135249	168889424	0.00096207	0.000643067	0	0.00383214	1248.73	2183.35	5	9422	
61	62	2	4	1	3	120037	162734406	124034	165483664	0.000972459	0.000604762	0	0.003	1334.18	2228.77	7	9422	
61	62	1	5	6	3	108995	131509146	135936	138773311	0.00085671	0.000693758	0	0.00433214	1020.87	2210.05	4	9422	
61	62	3	6	2	3	61978	103054023	74226	105495208	0.00100023	0.000840761	0	0.00383214	1421.27	2911.39	4	9422	
61	62	1	7	3	3	90920	112172883	108063	115563566	0.000915815	0.000728915	0	0.00408214	1069.41	2462.76	4	9422	
62	63	1	1	4	3	43183	101785939	60076	109164507	0.000961917	0.000978142	0	0.00408214	1817.11	3125.23	5	9422	
62	63	1	2	7	3	111511	143480768	130844	148800759	0.000915156	0.000690035	0	0.00408214	1137.24	2256.14	5	9422	
62	63	7	3	1	3	124595	165403486	137133	171568506	0.000962812	0.000642853	0	0.00383214	1251.11	2185.58	5	9422	
62	63	1	4	1	3	121547	165344829	125660	168186455	0.000973716	0.000605929	0	0.003	1338.42	2231.78	7	9422	
62	63	1	5	6	3	110265	133137360	137409	140412632	0.000858302	0.000694794	0	0.00433214	1021.86	2215.53	4	9422	
62	63	1	6	2	3	62264	104359195	74615	106810021	0.0010026	0.000844067	0	0.00383214	1431.48	2924.03	4	9422	
62	63	1	7	3	3	91124	113481632	108306	116875234	0.000918072	0.000732555	0	0.00408214	1079.12	2477.67	4	9422	
63	64	1	1	4	3	43428	103071306	60219	110439164	0.000966757	0.000982003	0	0.00408214	1833.96	3141.08	5	9422	
63	64	3	2	1	3	113270	145912054	133286	151545322	0.000912586	0.00069081	0	0.00408214	1136.99	2252.69	5	9422	
63	64	1	3	1	3	126054	167967675	138738	174306837	0.000964719	0.000643892	0	0.00383214	1256.37	2187.86	5	9422	
63	64	2	4	1	3	122897	167975203	127101	170905756	0.000975178	0.000607412	0	0.003	1344.65	2236.13	7	9422	
63	64	2	5	6	3	110557	134686840	137981	142037316	0.000858586	0.000698053	0	0.00433214	1029.4	2227.85	4	9422	
63	64	1	6	2	3	62873	105707690	75302	108163679	0.00100575	0.000845747	0	0.00383214	1436.4	2932.31	4	9422	
63	64	1	7	3	3	91344	114786220	108461	118175668	0.000920785	0.000735986	0	0.00408214	1089.57	2493.15	4	9422	
64	65	5	1	1	3	45783	105802350	63673	113440627	0.000951036	0.000968772	0	0.00408214	1781.61	3088.75	5	9422	
64	65	3	2	1	3	115834	148066414	136723	153925170	0.000908511	0.000689714	0	0.00408214	1125.82	2244.54	5	9422	
64	65	1	3	1	3	128520	170099312	141289	176445012	0.000964799	0.000642455	0	0.00383214	1248.82	2186.07	5	9422	
64	65	2	4	1	3	124600	170609353	128927	173642917	0.000976283	0.000608092	0	0.003	1346.83	2237.12	7	9422	
64	65	2	5	2	3	111648	136591914	139247	144028411	0.000860166	0.000699251	0	0.00433214	1034.34	2232.84	4	9422	
64	65	3	6	2	3	64533	107226043	77094	109691417	0.00100581	0.000841905	0	0.00383214	1422.83	2924.79	4	9422	
64	65	1	7	3	3	91588	116072148	108604	119454704	0.000923523	0.000739356	0	0.00408214	1099.91	2508.07	4	9422	
65	66	5	1	4	3	46987	107629621	66437	115819137	0.000932515	0.000964599	0	0.00408214	1743.29	3054.23	5	9422	
65	66	3	2	1	3	116696	150487462	137698	156358941	0.000909719	0.000691311	0	0.00408214	1135.52	2253.98	5	9422	
65	66	7	3	1	3	130631	173197362	143991	179830340	0.000961239	0.000643007	0	0.00383214	1248.9	2182.81	5	9422	
65	66	2	4	1	3	125969	173243985	130374	176371841	0.000977298	0.00060937	0	0.003	1352.81	2240.55	7	9422	
65	66	2	5	2	3	112304	138006847	139964	145450947	0.000861943	0.000701482	0	0.00433214	1039.2	2243.54	4	9422	
65	66	1	6	2	3	65086	108609684	77648	111074569	0.00100907	0.000844399	0	0.00383214	1430.49	2936.08	4	9422	
65	66	1	7	3	3	91825	117375686	108760	120743883	0.000926317	0.000742782	0	0.00408214	1110.19	2523.02	4	9422	
66	67	1	1	4	3	47867	109404610	68243	117817110	0.000924037	0.000962874	0	0.00408214	1726.44	3038.73	5	9422	
66	67	3	2	1	3	120386	154898021	141467	160798024	0.000911023	0.000686776	0	0.00408214	1136.65	2239.93	5	9422	
66	67	1	3	1	3	133695	175919887	147330	182625015	0.000960213	0.000641189	0	0.00383214	1239.56	2175.9	5	9422	
66	67	2	4	1	3	127821	175868958	132293	179042703	0.000977422	0.000609558	0	0.003	1353.38	2240.48	7	9422	
66	67	2	5	2	3	113742	139476253	141737	146946519	0.000862281	0.000701797	0	0.00433214	1036.75	2247.29	4	9422	
66	67	1	6	2	3	65328	109961944	77793	112412643	0.00101276	0.00084793	0	0.00383214	1445.02	2953.13	4	9422	
66	67	2	7	3	3	93122	118869199	110932	122296764	0.000921692	0.000744022	0	0.00408214	1102.45	2517.78	4	9422	
67	68	1	1	4	3	49635	111867302	71159	120723037	0.000912672	0.00095538	0	0.00408214	1696.53	3004.05	5	9422	
67	68	1	2	1	3	123877	160268299	145100	166269690	0.000912682	0.000683277	0	0.00408214	1145.9	2226.51	5	9422	
67	68	7	3	1	3	136297	178516550	150031	185246906	0.000960416	0.000639906	0	0.00383214	1234.72	2172.16	5	9422	
67	68	2	4	5	3	129734	178487663	134283	181718549	0.000977589	0.000609597	0	0.003	1353.25	2240.66	7	9422	
67	68	2	5	2	3	114940	140908242	143020	148383581	0.000864066	0.000702428	0	0.00433214	1037.5	2253.35	4	9422	
67	68	1	6	2	3	65574	111314428	77936	113759988	0.00101641	0.00085141	0	0.00383214	1459.66	2970.1	4	9422	
67	68	2	7	3	3	95027	120541699	113371	124020982	0.000919899	0.00074291	0	0.00408214	1093.94	2510.99	4	9422	
68	69	5	1	1	3	51394	114514408	74755	124146741	0.000893919	0.000947879	0	0.00408214	1660.71	2958.09	5	9422	
68	69	3	2	1	3	126886	162694636	148511	168823703	0.000912509	0.000681284	0	0.00408214	1136.78	2218.54	5	9422	
68	69	7	3	1	3	138450	181193310	152232	187949350	0.000961288	0.000639352	0	0.00383214	1234.62	2172.51	5	9422	
68	69	2	4	1	3	131970	181125665	136615	184418953	0.000977475	0.000609044	0	0.003	1349.92	2238.05	7	9422	
68	69	1	5	2	3	116617	142554421	145561	150158330	0.00086219	0.000702913	0	0.00433214	1031.58	2250.45	4	9422	
68	69	1	6	2	3	65818	112625789	78081	115075459	0.00102008	0.000854869	0	0.00383214	1473.8	2985.9	4	9422	
68	69	2	7	3	3	98012	122445219	116563	125943432	0.000920394	0.000737773	0	0.00408214	1080.48	2497.85	4	9422	
69	70	1	1	4	3	52081	116023071	75965	125771552	0.000891672	0.000948026	0	0.00408214	1655.65	2958.38	5	9422	
69	70	3	2	1	3	129650	165489845	151730	171760621	0.000911933	0.000679981	0	0.00408214	1132.01	2211.16	5	9422	
69	70	7	3	1	3	140633	183824923	154462	190609796	0.000961607	0.00063881	0	0.00383214	1234.02	2172.23	5	9422	
69	70	1	4	1	3	134793	183762102	139602	187114380	0.000976287	0.000607491	0	0.003	1340.34	2231.46	7	9422	
69	70	2	5	2	3	118944	144623292	149166	152392948	0.000857615	0.000702372	0	0.00433214	1021.63	2240.58	4	9422	
69	70	1	6	2	3	66018	113935745	78352	116388378	0.00102303	0.000858371	0	0.00383214	1485.46	2999.4	4	9422	
69	70	1	7	3	3	100447	124324487	119421	127868713	0.000918494	0.000734829	0	0.00408214	1070.74	2488.22	4	9422	
70	71	1	1	1	3	52329	117306703	76108	127044159	0.000895633	0.000951525	0	0.00408214	1669.26	2972.61	5	9422	
70	71	3	2	1	3	132756	169325799	155333	175810437	0.000911077	0.000677929	0	0.00408214	1131.83	2202.18	5	9422	
70	71	1	3	1	3	142748	185766118	156643	192564636	0.00096264	0.000638535	0	0.00383214	1229.32	2172.63	5	9422	
70	71	2	4	1	3	136895	186385894	141810	189798549	0.000976616	0.000607282	0	0.003	1338.4	2229.89	7	9422	
70	71	1	5	6	3	120821	146960030	152340	155183881	0.000853507	0.000703263	0	0.00433214	1018.67	2233.35	4	9422	
70	71	1	6	2	3	66299	115260212	79256	117746561	0.00101852	0.000862409	0	0.00383214	1485.65	3003.31	4	9422	
70	71	1	7	3	3	100894	125664303	119927	129210663	0.000920575	0.000737317	0	0.00408214	1077.41	2499.34	4	9422	
71	72	1	1	4	3	52574	118660172	76250	128377496	0.000899552	0.000954958	0	0.00408214	1683.64	2988.46	5	9422	
71	72	3	2	1	3	136181	172167194	158996	178703649	0.00091145	0.000674447	0	0.00408214	1123.95	2192.52	5	9422	
71	72	7	3	1	3	144130	187645435	158428	194598615	0.000961535	0.000640111	0	0.00383214	1228.31	2175.35	5	9422	
71	72	1	4	5	3	138730	189029939	143742	192505054	0.000976963	0.000607623	0	0.003	1339.24	2230.63	7	9422	
71	72	1	5	6	3	121005	148257149	152555	156489981	0.000855187	0.000706083	0	0.00433214	1025.79	2245.77	4	9422	
71	72	1	6	2	3	67370	116955723	81254	119575320	0.00100982	0.000862673	0	0.00383214	1471.62	2990.71	4	9422	
71	72	1	7	3	3	102679	128014038	122335	131705670	0.000918828	0.000737006	0	0.00408214	1076.6	2493.1	4	9422	
72	73	5	1	1	3	52813	119971881	76441	129694082	0.000902916	0.000958341	0	0.00408214	1696.66	3002.36	5	9422	
72	73	1	2	7	3	137544	174004159	160403	180553207	0.000913671	0.000675746	0	0.00408214	1125.62	2197.95	5	9422	
72	73	7	3	1	3	145922	191714866	161453	200362030	0.000955535	0.000642729	0	0.00383214	1240.99	2169.71	5	9422	
72	73	2	4	1	3	140626	191655076	145754	195226158	0.000977517	0.000607875	0	0.003	1339.42	2230.39	7	9422	
72	73	2	5	2	3	123203	151046164	155134	159357603	0.000855803	0.000705122	0	0.00433214	1027.23	2241.99	4	9422	
72	73	1	6	2	3	67602	118310452	81397	120922666	0.00101332	0.000865935	0	0.00383214	1485.59	3006.57	4	9422	
72	73	1	7	3	3	102822	129317813	122985	133102371	0.000917435	0.000740806	0	0.00408214	1082.27	2502.24	4	9422	
73	74	5	1	1	3	52955	121309805	76979	131089809	0.000902179	0.000961432	0	0.00408214	1702.93	3012.43	5	9422	
73	74	3	2	1	3	138210	175594685	161089	182158274	0.0009158	0.00067817	0	0.00408214	1130.79	2207.54	5	9422	
73	74	1	3	1	3	147173	194094394	162824	202834905	0.000956674	0.000643732	0	0.00383214	1245.73	2174.21	5	9422	
73	74	2	4	1	3	142543	194267901	147836	197962718	0.000978524	0.000608382	0	0.003	1339.07	2229.76	7	9422	
73	74	1	5	6	3	125078	152915551	158142	161427310	0.000852397	0.000705567	0	0.00433214	1020.77	2236.21	4	9422	
73	74	3	6	2	3	68140	119952491	81890	122576109	0.00101624	0.000867625	0	0.00383214	1496.84	3013.23	4	9422	
73	74	1	7	3	3	102965	130617157	123133	134401918	0.000919817	0.000743774	0	0.00408214	1091.52	2515.79	4	9422	
74	75	1	1	4	3	53179	122624821	77158	132400264	0.000906451	0.000965173	0	0.00408214	1715.96	3026.31	5	9422	
74	75	1	2	7	3	139896	177609479	164089	184511097	0.000910525	0.000679924	0	0.00408214	1124.46	2202.97	5	9422	
74	75	7	3	1	3	149010	196904735	164858	205733719	0.000957221	0.000644304	0	0.00383214	1247.95	2175.49	5	9422	
74	75	2	4	1	3	144162	196848693	149557	200636160	0.000979237	0.000609204	0	0.003	1341.54	2231.84	7	9422	
74	75	1	5	6	3	127208	154719542	160390	163243252	0.000854509	0.000704581	0	0.00433214	1017.79	2236.26	4	9422	
74	75	3	6	2	3	69115	121543056	84042	124284529	0.001004	0.00086887	0	0.00383214	1478.84	2998.05	4	9422	
74	75	1	7	3	3	103117	131912583	123286	135706489	0.000922155	0.000746723	0	0.00408214	1100.75	2529.22	4	9422	
75	76	1	1	4	3	53783	124102733	78031	133922883	0.000907582	0.000965802	0	0.00408214	1716.28	3028.65	5	9422	
75	76	3	2	1	3	140397	178972709	165872	186106529	0.000905415	0.000683997	0	0.00408214	1121.99	2205.68	5	9422	
75	76	7	3	1	3	150210	198851675	168068	208581398	0.000947416	0.000649718	0	0.00383214	1241.05	2170.21	5	9422	
75	76	2	4	1	3	145891	199528349	151370	203392274	0.000979799	0.00060964	0	0.003	1343.68	2233.54	7	9422	
75	76	1	5	2	3	128624	156342156	162493	164963164	0.000852954	0.00070537	0	0.00433214	1015.2	2237.34	4	9422	
75	76	1	6	2	3	70802	123695944	86358	126523047	0.000998459	0.000865689	0	0.00383214	1465.1	2979.04	4	9422	
75	76	1	7	3	3	103416	133252513	123808	137059687	0.00092258	0.000749766	0	0.00408214	1107.03	2539.88	4	9422	
76	77	1	1	4	3	54145	125548384	78569	135436131	0.000908595	0.000968103	0	0.00408214	1723.79	3036.86	5	9422	
76	77	1	2	7	3	140702	180322448	166167	187455820	0.00090776	0.000687128	0	0.00408214	1128.12	2217.03	5	9422	
76	77	7	3	1	3	150352	200160913	171305	211468119	0.000932018	0.00065852	0	0.00383214	1234.45	2164.45	5	9422	
76	77	1	4	1	3	148063	202173054	153726	206141953	0.000979961	0.00060937	0	0.003	1340.97	2231.96	7	9422	
76	77	2	5	2	3	131228	158644250	165283	167293243	0.000853976	0.000703061	0	0.00433214	1012.16	2233.31	4	9422	
76	77	3	6	2	3	71043	125012041	86545	127833750	0.00100257	0.000869721	0	0.00408214	1477.08	2992.41	4	9422	
76	77	1	7	3	3	105157	134748736	125788	138570648	0.000923543	0.000748522	0	0.00408214	1101.62	2537.63	4	9422	
77	78	1	1	4	3	54724	127022824	79370	136942461	0.000911059	0.000970051	0	0.00408214	1725.37	3041.59	5	9422	
77	78	3	2	7	3	141382	182311042	166987	189617156	0.000908937	0.000689334	0	0.00408214	1135.52	2224.81	5	9422	
77	78	1	3	1	3	150495	201472637	172499	213300355	0.000928054	0.000662925	0	0.00383214	1236.53	2169.93	5	9422	
77	78	2	4	1	3	150210	204807578	156027	208856122	0.000980284	0.000609333	0	0.003	1338.59	2230.64	7	9422	
77	78	1	5	6	3	131981	160072860	166085	168724834	0.000855847	0.000704807	0	0.00433214	1015.89	2242.23	4	9422	
77	78	1	6	2	3	71283	126323073	86758	129143329	0.00100641	0.000873383	0	0.00408214	1488.55	3005.29	4	9422	
77	78	1	7	3	3	105926	136103875	126605	139928550	0.000925656	0.000749966	0	0.00408214	1105.24	2544.27	4	9422	
78	79	1	1	4	3	54867	128325078	79741	138266591	0.000912162	0.000973023	0	0.00408214	1733.95	3051.8	5	9422	
78	79	1	2	7	3	141874	184057602	167648	191382116	0.000909914	0.000691789	0	0.00408214	1141.57	2234.04	5	9422	
78	79	1	3	1	3	152686	205423322	174749	217291131	0.000928942	0.000661952	0	0.00383214	1243.45	2170.62	5	9422	
78	79	2	4	5	3	152116	207426430	158068	211569792	0.000980635	0.000609532	0	0.003	1338.47	2230.54	7	9422	
78	79	2	5	2	3	134345	161990415	168620	170679869	0.000857132	0.000703124	0	0.00433214	1012.22	2240.55	4	9422	
78	79	1	6	2	3	71586	127661223	87079	130483705	0.00100979	0.000876297	0	0.00408214	1498.45	3016.8	4	9422	
78	79	1	7	3	3	107011	137625423	127769	141457849	0.000927329	0.00075057	0	0.00408214	1107.14	2549.12	4	9422	
79	80	1	1	4	3	55010	129646374	79943	139593748	0.000915224	0.000976107	0	0.00408214	1746.17	3064.84	5	9422	
79	80	3	2	1	3	144941	186867015	170809	194211660	0.000910922	0.00068897	0	0.00408214	1137.01	2227.68	5	9422	
79	80	7	3	1	3	155152	210111876	177937	222979997	0.000926133	0.000661722	0	0.00383214	1253.14	2165.18	5	9422	
79	80	2	4	1	3	153907	210027408	159934	214238634	0.000980834	0.000609785	0	0.003	1339.54	2232.16	7	9422	
79	80	2	5	2	3	136750	163908158	171434	172672955	0.000857434	0.000701862	0	0.00433214	1007.23	2237.47	4	9422	
79	80	1	6	2	3	71996	129131026	87836	132037483	0.00100836	0.000879145	0	0.00408214	1503.23	3020.83	4	9422	
79	80	1	7	3	3	107250	138977942	128020	142800969	0.00092977	0.000753538	0	0.00408214	1115.46	2561.8	4	9422	
80	81	1	1	4	3	55152	130974517	80086	140931313	0.000918946	0.000979198	0	0.00408214	1759.75	3078.95	5	9422	
80	81	3	2	7	3	148636	189994192	174620	197372463	0.0009118	0.000685164	0	0.00408214	1130.3	2216.92	5	9422	
80	81	1	3	1	3	156895	212747913	179764	225682321	0.000927357	0.000661842	0	0.00383214	1255.44	2166.89	5	9422	
80	81	2	4	1	3	155828	212664805	162055	217023224	0.000981486	0.000610027	0	0.003	1339.19	2231.92	7	9422	
80	81	2	5	6	3	137597	165806418	173435	174746325	0.000853992	0.000704245	0	0.00433214	1007.56	2239.22	4	9422	
80	81	1	6	2	3	72517	130731250	88315	133639710	0.00101094	0.000880727	0	0.00408214	1513.22	3028.36	4	9422	
80	81	1	7	3	3	108668	140662400	129576	144501657	0.00093052	0.000753089	0	0.00408214	1115.19	2563.07	4	9422	
81	82	1	1	4	3	55295	132321863	80229	142278659	0.000922655	0.000982256	0	0.00408214	1773.41	3093.14	5	9422	
81	82	1	2	7	3	150233	191863576	176291	199266785	0.000912756	0.000685019	0	0.00408214	1130.33	2220.11	5	9422	
81	82	7	3	1	3	158897	215373394	181824	228338703	0.000928211	0.000661394	0	0.00383214	1255.82	2167.69	5	9422	
81	82	2	4	1	3	157733	215290350	164056	219726626	0.000982302	0.00061046	0	0.003	1339.34	2232.56	7	9422	
81	82	1	5	2	3	138832	167950937	174912	176936796	0.000854735	0.00070499	0	0.00433214	1011.58	2243.76	4	9422	
81	82	3	6	2	3	75185	133945950	91606	137068386	0.00100535	0.000873447	0	0.00408214	1496.28	2994.38	4	9422	
81	82	1	7	3	3	108941	142008049	129793	145852991	0.000932986	0.000755826	0	0.00408214	1123.74	2575.84	4	9422	
82	83	1	1	4	3	55438	133662063	80612	143707792	0.000923594	0.000985105	0	0.00408214	1782.71	3103.33	5	9422	
82	83	1	2	7	3	150468	193182067	176437	200568081	0.000914497	0.00068741	0	0.00408214	1136.77	2230.94	5	9422	
82	83	7	3	1	3	160406	218004593	183409	231049895	0.000929327	0.000661704	0	0.00383214	1259.75	2170.74	5	9422	
82	83	2	4	1	3	159314	217949454	165734	222483320	0.000982904	0.000611157	0	0.003	1342.41	2234.5	7	9422	
82	83	1	5	6	3	139480	169631490	175847	178653050	0.000855407	0.000706848	0	0.00433214	1015.96	2251.08	4	9422	
82	83	1	6	2	3	75475	135271605	92633	138521441	0.00100082	0.000877285	0	0.00408214	1495.38	2995.66	4	9422	
82	83	1	7	3	3	109378	143379782	130204	147222797	0.000935144	0.00075808	0	0.00408214	1130.71	2586.86	4	9422	
83	84	1	1	4	3	55581	134975336	80755	145021065	0.00092727	0.000988096	0	0.00408214	1795.82	3116.33	5	9422	
83	84	3	2	1	3	150668	194489190	176676	201878736	0.000915953	0.000689896	0	0.00408214	1142.65	2241.17	5	9422	
83	84	7	3	1	3	162278	220630159	185395	233793987	0.000930858	0.000661792	0	0.00383214	1261.06	2170.94	5	9422	
83	84	1	4	1	3	161822	220580946	168352	225168480	0.000982272	0.000610256	0	0.003	1337.49	2230.7	7	9422	
83	84	2	5	2	3	141751	171358577	178973	180460361	0.000853853	0.000706143	0	0.00433214	1008.31	2245.69	4	9422	
83	84	1	6	2	3	75704	136610738	92819	139856806	0.00100437	0.000880737	0	0.00408214	1506.77	3008.54	4	9422	
83	84	2	7	3	3	110628	145053237	132000	148946952	0.000933357	0.000758593	0	0.00408214	1128.39	2585.69	4	9422	
84	85	1	1	4	3	56083	136381996	81341	146436347	0.000930378	0.000989242	0	0.00408214	1800.28	3123.52	5	9422	
84	85	1	2	7	3	150939	195779323	176894	203172513	0.000917805	0.000692462	0	0.00408214	1148.56	2251.15	5	9422	
84	85	7	3	1	3	164315	223264924	187493	236477075	0.000931876	0.000661411	0	0.00383214	1261.26	2171.1	5	9422	
84	85	2	4	1	3	164478	223210697	171098	227830010	0.000981522	0.00060916	0	0.003	1331.58	2226.77	7	9422	
84	85	2	5	2	3	143799	172871601	181239	181989865	0.000855165	0.000705054	0	0.00433214	1004.14	2245.39	4	9422	
84	85	1	6	2	3	76007	137937582	93129	141184326	0.00100742	0.000883507	0	0.00408214	1516.01	3019.04	4	9422	
84	85	2	7	3	3	113741	148171792	135811	152415053	0.00092931	0.000754319	0	0.00408214	1122.26	2565.21	4	9422	
85	86	1	1	4	3	56327	137716166	81504	147753023	0.000934502	0.000992722	0	0.00408214	1812.83	3136.13	5	9422	
85	86	3	2	1	3	151184	197080686	177115	204470687	0.00091987	0.000695426	0	0.00408214	1154.45	2261.1	5	9422	
85	86	7	3	1	3	166594	225895361	189861	239148887	0.000932575	0.000660498	0	0.00383214	1259.6	2170.38	5	9422	
85	86	2	4	1	3	166900	225848455	173578	230497677	0.00098073	0.000608303	0	0.003	1327.92	2224.66	7	9422	
85	86	2	5	2	3	145303	174684980	183796	183959293	0.000852827	0.000705946	0	0.00433214	1000.89	2243.93	4	9422	
85	86	3	6	2	3	76453	139665641	93661	142930976	0.00100845	0.000885583	0	0.00408214	1526.05	3025.62	4	9422	
85	86	1	7	3	3	115334	150032266	137518	154292890	0.000929546	0.000753326	0	0.00408214	1121.98	2564.44	4	9422	
86	87	1	1	4	3	56842	139434824	81951	149458413	0.000938482	0.0009943	0	0.00408214	1823.75	3143.61	5	9422	
86	87	3	2	1	3	151840	198618357	178379	206181405	0.000918033	0.000697775	0	0.00408214	1155.86	2266.28	5	9422	
86	87	7	3	1	3	168458	228526114	191771	241795954	0.000933139	0.000660226	0	0.00383214	1260.86	2171.35	5	9422	
86	87	2	4	1	3	169108	228472356	175879	233170259	0.000980395	0.00060787	0	0.003	1325.74	2223.09	7	9422	
86	87	2	5	2	3	147990	177059985	187004	186422355	0.00085296	0.000704437	0	0.00433214	996.89	2238.15	4	9422	
86	87	1	6	2	3	77732	141256737	96376	145029599	0.000994874	0.000885245	0	0.00408214	1504.83	3004.76	4	9422	
86	87	1	7	3	3	115863	151341344	138100	155595248	0.00093137	0.000755038	0	0.00408214	1126.69	2572.18	4	9422	
87	88	1	1	4	3	57041	140711910	82094	150738936	0.000942073	0.000997146	0	0.00408214	1836.17	3155.19	5	9422	
87	88	3	2	1	3	153894	200540454	180555	208122449	0.000918721	0.000696799	0	0.00408214	1152.68	2266	5	9422	
87	88	1	3	1	3	170032	231148602	193437	244507580	0.000934322	0.000660415	0	0.00383214	1264.02	2173.34	5	9422	
87	88	2	4	1	3	171236	231095691	178152	235891266	0.00098083	0.000607656	0	0.003	1324.1	2222.06	7	9422	
87	88	1	5	6	3	151573	179737904	190806	189151463	0.00085419	0.000700869	0	0.00433214	991.329	2228.72	4	9422	
87	88	3	6	2	3	79785	142888214	98548	146666385	0.000994284	0.000879957	0	0.00408214	1488.27	2991.33	4	9422	
87	88	2	7	3	3	117344	152891513	139882	157170686	0.000930497	0.000754668	0	0.00408214	1123.59	2570.52	4	9422	
88	89	1	1	4	3	57184	142052370	82569	152328396	0.000941849	0.000999742	0	0.00408214	1844.86	3162.73	5	9422	
88	89	1	2	1	3	156907	203603303	183868	211304581	0.000918537	0.000694702	0	0.00408214	1149.22	2259.39	5	9422	
88	89	7	3	1	3	172860	233527248	196356	246890387	0.000934389	0.00065854	0	0.00383214	1257.36	2170.91	5	9422	
88	89	2	4	1	3	173239	233722464	180261	238585088	0.000980877	0.000607661	0	0.003	1323.55	2221.78	7	9422	
88	89	2	5	2	3	154523	181551221	193952	190983281	0.000855665	0.000698695	0	0.00433214	984.694	2224.41	4	9422	
88	89	1	6	2	3	80044	144158153	98753	147929817	0.000997459	0.000882648	0	0.00408214	1497.98	3001.74	4	9422	
88	89	1	7	3	3	117896	154246797	140468	158537178	0.000932438	0.000756387	0	0.00408214	1128.64	2579.24	4	9422	
89	90	1	1	4	3	57327	143378796	82712	153654822	0.000945408	0.00100253	0	0.00408214	1857.71	3175.18	5	9422	
89	90	1	2	7	3	157730	205785581	184624	213478389	0.000919992	0.000695862	0	0.00408214	1156.29	2266.27	5	9422	
89	90	7	3	1	3	175533	236290076	199144	249669098	0.000934579	0.000657031	0	0.00383214	1253.71	2169.49	5	9422	
89	90	2	4	1	3	175258	236359381	182407	241314516	0.000980982	0.000607691	0	0.003	1322.95	2220.77	7	9422	
89	90	1	5	6	3	155946	183816129	195724	193273986	0.000855851	0.000699098	0	0.00433214	987.482	2226.85	4	9422	
89	90	1	6	2	3	80318	145476378	99026	149256649	0.00100068	0.000885539	0	0.00408214	1507.25	3012.42	4	9422	
89	90	2	7	3	3	120331	156006538	143090	160315044	0.000932934	0.000753742	0	0.00408214	1120.38	2571.08	4	9422	
90	91	1	1	4	3	57470	144726142	82869	155003566	0.000948794	0.00100528	0	0.00408214	1870.47	3187.75	5	9422	
90	91	1	2	7	3	157976	207122141	184773	214808441	0.000921649	0.000698033	0	0.00408214	1162.55	2276.7	5	9422	
90	91	7	3	1	3	177877	239051968	201579	252478145	0.000935147	0.000656266	0	0.00383214	1252.5	2167.92	5	9422	
90	91	1	4	1	3	177071	238967311	184347	244037903	0.000981523	0.000608037	0	0.003	1323.8	2220.9	7	9422	
90	91	1	5	6	3	156460	185197166	196446	194673056	0.000856547	0.000700909	0	0.00433214	990.975	2234.1	4	9422	
90	91	3	6	2	3	82809	147549653	101715	151350763	0.000998775	0.000879095	0	0.00408214	1487.99	2991.41	4	9422	
90	91	2	7	3	3	121967	158355466	144810	162676245	0.000934139	0.000753193	0	0.00408214	1123.38	2570.03	4	9422	
91	92	1	1	1	3	58254	146506694	83871	156840359	0.000950322	0.00100464	0	0.00408214	1870.02	3186.99	5	9422	
91	92	1	2	7	3	158158	208449525	185059	216151280	0.000922738	0.000700276	0	0.00408214	1168.01	2286.51	5	9422	
91	92	7	3	1	3	179539	241677781	203297	255154550	0.000936018	0.000656363	0	0.00383214	1255.08	2169.91	5	9422	
91	92	2	4	1	3	179171	241627294	186564	246743661	0.000981524	0.000608011	0	0.003	1322.57	2220.95	5	9422	
91	92	2	5	2	3	156941	186572209	197366	196093820	0.00085626	0.000703301	0	0.00433214	993.554	2241.11	4	9422	
91	92	3	6	2	3	86369	150634302	105370	154466802	0.000997607	0.000868798	0	0.00408214	1465.95	2958.25	4	9422	
91	92	1	7	3	3	122201	159642240	145141	163968533	0.000935501	0.000755632	0	0.00408214	1129.72	2579.44	4	9422	
92	93	5	1	1	3	58605	148100102	85085	158592482	0.000943974	0.00100559	0	0.00408214	1863.93	3183.32	5	9422	
92	93	1	2	7	3	158587	209785810	186101	217533894	0.000921256	0.000702693	0	0.00408214	1168.9	2291.9	4	9422	
92	93	7	3	1	3	181162	244286510	204992	257793693	0.000936838	0.000656553	0	0.00383214	1257.58	2172.29	5	9422	
92	93	2	4	1	3	180573	244244800	188092	249497326	0.000982335	0.000608972	0	0.003	1326.46	2222.43	5	9422	
92	93	1	5	6	3	157483	188376003	197886	197914868	0.000858055	0.000705221	0	0.00433214	1000.15	2248.92	4	9422	
92	93	3	6	2	3	89468	153084204	109007	156993725	0.000992425	0.000860983	0	0.00408214	1440.22	2928.58	4	9422	
92	93	1	7	3	3	122381	160968798	145338	165295492	0.000937322	0.000758219	0	0.00408214	1137.32	2590.41	4	9422	
93	94	1	1	4	3	59182	150151824	85606	160640118	0.000947069	0.00100636	0	0.00408214	1876.51	3188.39	5	9422	
93	94	1	2	7	3	159083	211127170	186704	218880514	0.000922394	0.000704362	0	0.00408214	1172.34	2299.63	4	9422	
93	94	7	3	1	3	183586	246946469	207515	260487390	0.000937162	0.000655646	0	0.00383214	1255.27	2170.82	5	9422	
93	94	2	4	1	3	182725	246867330	190342	252180628	0.000982036	0.000608689	0	0.003	1324.88	2221.58	5	9422	
93	94	1	5	6	3	157702	189666696	198040	199202147	0.000859606	0.00070733	0	0.00433214	1005.87	2258.47	4	9422	
93	94	1	6	2	3	92665	155712516	112699	159787022	0.00098778	0.000853307	0	0.00408214	1417.82	2898.31	4	9422	
93	94	1	7	3	3	123001	162371173	146509	166746218	0.000935784	0.000760222	0	0.00408214	1138.13	2594.16	4	9422	
94	95	1	1	4	3	59485	151444987	86035	161958478	0.000948918	0.00100805	0	0.00408214	1882.47	3195.32	5	9422	
94	95	1	2	7	3	160811	212856912	188577	220626586	0.000923637	0.000704169	0	0.00408214	1169.95	2300.5	4	9422	
94	95	1	3	1	3	185688	249571507	209749	263195650	0.000938146	0.000655318	0	0.00383214	1254.81	2170.66	5	9422	
94	95	2	4	1	3	184536	249507661	192225	254872056	0.000982166	0.000608878	0	0.003	1325.9	2222.39	5	9422	
94	95	1	5	6	3	157845	190993002	198791	200865707	0.000858516	0.000709915	0	0.00433214	1010.44	2265.56	4	9422	
94	95	1	6	2	3	94094	157174163	114234	161250334	0.000989221	0.000851538	0	0.00408214	1411.58	2894.46	4	9422	
94	95	1	7	3	3	123185	163715849	146735	168094973	0.000937636	0.000762829	0	0.00408214	1145.57	2605.03	4	9422	
95	96	1	1	4	3	59914	153369239	86478	163884282	0.000951831	0.00100904	0	0.00408214	1895.1	3201.18	5	9422	
95	96	1	2	7	3	161123	214206504	189657	222108457	0.000921536	0.000707029	0	0.00408214	1171.11	2305.66	4	9422	
95	96	7	3	1	3	187872	252210019	212392	266033113	0.000937266	0.000655206	0	0.00383214	1252.56	2168.61	5	9422	
95	96	2	4	1	3	186066	252129492	193832	257567869	0.00098269	0.000609453	0	0.003	1328.82	2224.2	5	9422	
95	96	2	5	2	3	158686	192463843	200254	202402923	0.000857602	0.000711373	0	0.00433214	1010.73	2269.16	4	9422	
95	96	1	6	2	3	94483	158436786	114651	162513320	0.000991832	0.000853758	0	0.00408214	1417.46	2901.7	4	9422	
95	96	1	7	3	3	123391	165059021	146956	169446677	0.00093969	0.000765613	0	0.00408214	1153.04	2615.95	4	9422	
96	97	1	1	4	3	60057	154676825	86630	165192813	0.000955113	0.00101163	0	0.00408214	1906.88	3212.07	5	9422	
96	97	1	2	7	3	161412	215565868	189959	223459801	0.000923385	0.00070921	0	0.00408214	1176.36	2314.97	4	9422	
96	97	7	3	1	3	189022	254831742	213657	268802936	0.000938711	0.000656086	0	0.00383214	1258.1	2172.22	5	9422	
96	97	2	4	1	3	188102	254746780	195932	260233048	0.000982612	0.000609279	0	0.003	1328.18	2224.35	5	9422	
96	97	1	5	6	3	160846	194411329	203766	204653128	0.000854298	0.000711273	0	0.00433214	1004.35	2262.13	4	9422	
96	97	1	6	2	3	94723	159753419	114806	163829269	0.00099445	0.000856318	0	0.00408214	1427.01	2912.8	4	9422	
96	97	1	7	3	3	123989	166354761	147628	170745041	0.000941028	0.000766998	0	0.00408214	1156.59	2622.13	4	9422	
97	98	1	1	4	3	60200	155995841	86872	166521587	0.000957391	0.00101413	0	0.00408214	1916.86	3221.96	5	9422	
97	98	3	2	1	3	162330	217614661	190897	225509304	0.00092501	0.000710242	0	0.00408214	1181.31	2320.55	4	9422	
97	98	7	3	1	3	191543	257450860	216209	271442006	0.000939067	0.000654885	0	0.00383214	1255.46	2170.57	5	9422	
97	98	1	4	1	3	189969	257403996	197907	262966913	0.000982766	0.000609477	0	0.003	1328.74	2224.92	5	9422	
97	98	1	5	6	3	162186	196473848	205216	206717886	0.000855507	0.000711539	0	0.00433214	1007.32	2265.93	4	9422	
97	98	1	6	2	3	95289	161210165	115966	165351494	0.000991883	0.000858439	0	0.00408214	1425.86	2914.03	4	9422	
97	98	2	7	3	3	125567	168022269	149569	172441840	0.000940265	0.000766477	0	0.00408214	1152.93	2618.68	4	9422	
98	99	1	1	4	3	60434	157275565	87076	167798489	0.000961396	0.00101706	0	0.00408214	1927.03	3231.25	5	9422	
98	99	1	2	7	3	164537	219412439	193296	227348758	0.000925736	0.000709165	0	0.00408214	1176.17	2318.89	4	9422	
98	99	7	3	1	3	193899	260092158	218598	274097566	0.000939633	0.000654085	0	0.00383214	1253.89	2169.66	5	9422	
98	99	2	4	1	3	191895	260033866	199998	265699644	0.000983094	0.00060961	0	0.003	1328.51	2223.8	5	9422	
98	99	1	5	6	3	162850	198437661	206080	208706527	0.00085603	0.00071291	0	0.00433214	1012.75	2272.72	4	9422	
98	99	3	6	2	3	96243	162766959	117622	166967975	0.000987528	0.000858829	0	0.00408214	1419.53	2909.03	4	9422	
98	99	2	7	3	3	127737	169795282	151874	174230998	0.000941026	0.000764252	0	0.00408214	1147.21	2613.14	4	9422	
99	100	1	1	4	3	60716	158615884	87284	169121967	0.000964836	0.00101944	0	0.00408214	1937.61	3241.37	5	9422	
99	100	1	2	7	3	165112	221259707	193895	229193630	0.000927171	0.000710735	0	0.00408214	1182.05	2325.98	4	9422	
99	100	7	3	1	3	195761	262716651	220540	276793097	0.000940514	0.000654028	0	0.00383214	1255.07	2170.81	5	9422	
99	100	2	4	5	3	194109	262664606	202329	268406056	0.000983078	0.000609378	0	0.003	1326.58	2221.92	5	9422	
99	100	2	5	2	3	164481	200037498	208079	210344290	0.000856075	0.000712747	0	0.00433214	1010.89	2273.37	4	9422	
99	100	1	6	2	3	97471	164890665	119339	169377567	0.000985509	0.000858179	0	0.00408214	1419.3	2901.6	4	9422	
99	100	1	7	3	3	130645	171935069	155289	176465099	0.000938823	0.000760842	0	0.00408214	1136.37	2599.64	4	9422	
100	101	1	1	4	3	60958	159930726	87441	170428130	0.000968534	0.00102233	0	0.00408214	1949.06	3251.74	5	9422	
100	101	1	2	7	3	165684	223231247	194392	231165249	0.000928583	0.000712204	0	0.00408214	1189.17	2333.49	4	9422	
100	101	7	3	1	3	198071	265349509	222901	279446381	0.000940992	0.000653289	0	0.00383214	1253.68	2169.8	5	9422	
100	101	2	4	1	3	196267	265279671	204709	271174251	0.000983475	0.000609357	0	0.003	1324.68	2219.93	5	9422	
100	101	2	5	2	3	167730	202597698	211478	212941154	0.000857291	0.000710004	0	0.00433214	1006.92	2266.66	4	9422	
100	101	1	6	2	3	97614	166214568	119526	170705637	0.000987556	0.000860539	0	0.00408214	1428.19	2912.15	4	9422	
100	101	1	7	3	3	132134	173758036	156873	178291485	0.000939261	0.000760133	0	0.00408214	1136.53	2599.67	4	9422	
101	102	1	1	4	3	61201	161232342	87591	171729380	0.000972068	0.00102504	0	0.00408214	1960.58	3262.05	5	9422	
101	102	1	2	7	3	165903	224542002	194615	232477736	0.000930307	0.000714603	0	0.00408214	1194.55	2342.27	4	9422	
101	102	1	3	1	3	199994	267937269	224878	282076817	0.000941558	0.000652988	0	0.00383214	1254.35	2170.76	5	9422	
101	102	2	4	1	3	198268	267914469	206854	273910167	0.000983744	0.000609464	0	0.003	1324.17	2219.55	5	9422	
101	102	2	5	2	3	170344	204867069	214325	215249344	0.000858412	0.000708442	0	0.00433214	1004.31	2263.99	4	9422	
101	102	1	6	2	3	97757	167516019	119672	171998040	0.000989911	0.000862819	0	0.00408214	1437.25	2922.53	4	9422	
101	102	1	7	3	3	132766	175353056	157586	179925730	0.000940245	0.000761742	0	0.00408214	1141.76	2605.88	4	9422	
102	103	1	1	4	3	61443	162531481	87739	173018895	0.000975513	0.00102761	0	0.00408214	1971.97	3272.06	5	9422	
102	103	1	2	7	3	166064	225843698	194786	233780728	0.000931769	0.00071662	0	0.00408214	1200.19	2351.13	4	9422	
102	103	7	3	1	3	202386	270617397	227384	284793042	0.000941969	0.000652278	0	0.00383214	1252.48	2169.79	5	9422	
102	103	2	4	1	3	199995	270550331	208762	276674714	0.000984341	0.000609953	0	0.003	1325.31	2219.95	5	9422	
102	103	1	5	6	3	171523	206936994	215474	217315403	0.000859663	0.000708877	0	0.00433214	1008.55	2268.79	4	9422	
102	103	1	6	2	3	97900	168855778	119840	173340332	0.000992103	0.000865121	0	0.00408214	1446.43	2933.38	4	9422	
102	103	2	7	3	3	133272	177045276	158502	181759409	0.000939571	0.000763725	0	0.00408214	1146.73	2609.72	4	9422	
103	104	1	1	4	3	61671	163886806	87983	174376392	0.00097916	0.00103012	0	0.00408214	1981.93	3281.89	5	9422	
103	104	3	2	1	3	166207	227164137	194940	235096203	0.000933218	0.000718544	0	0.00408214	1205.99	2360.28	4	9422	
103	104	7	3	1	3	205793	273051213	230845	287239172	0.000942073	0.000650017	0	0.00383214	1244.29	2165.53	5	9422	
103	104	2	4	1	3	201620	273163760	210517	279381951	0.000984692	0.000610431	0	0.003	1327.12	2221.2	5	9422	
103	104	1	5	6	3	171721	208212027	215742	218595614	0.000860819	0.000710798	0	0.00433214	1013.23	2276.69	4	9422	
103	104	3	6	2	3	98196	170386830	120346	174987372	0.000992746	0.000867154	0	0.00408214	1454.04	2939.99	4	9422	
103	104	2	7	3	3	134539	178450284	159848	183170842	0.000941015	0.00076365	0	0.00408214	1145.91	2610.63	4	9422	
104	105	1	1	4	3	61914	165158211	88678	175692293	0.000977365	0.00103217	0	0.00408214	1981.24	3284.19	5	9422	
104	105	1	2	7	3	166350	228460240	195588	236685900	0.00093232	0.000721087	0	0.00408214	1210.12	2366.39	4	9422	
104	105	7	3	1	3	207829	275866018	232959	290118355	0.000942601	0.000649711	0	0.00383214	1245.36	2166.17	5	9422	
104	105	1	4	1	3	203414	275799025	212419	282108009	0.000985151	0.000610728	0	0.003	1328.07	2221.71	5	9422	
104	105	2	5	2	3	172285	209560039	216778	219969126	0.000860358	0.000712486	0	0.00433214	1014.72	2281.48	4	9422	
104	105	3	6	2	3	100688	172612616	123533	177400241	0.000987982	0.000862577	0	0.00408214	1436.06	2919.51	4	9422	
104	105	1	7	3	3	135583	180008634	161046	184752270	0.000942132	0.000764047	0	0.00408214	1147.2	2613.67	4	9422	
105	106	1	1	4	3	62554	167306939	89454	177952793	0.00097892	0.00103242	0	0.00408214	1989.32	3284.02	5	9422	
105	106	1	2	7	3	166492	229781902	195742	238017907	0.000933778	0.000722999	0	0.00408214	1215.98	2375.62	4	9422	
105	106	7	3	1	3	209669	278498007	234847	292789617	0.000943168	0.000649553	0	0.00383214	1246.72	2167.27	5	9422	
105	106	2	4	1	3	205685	278427353	214799	284776391	0.000984814	0.000610367	0	0.003	1325.78	2220.92	5	9422	
105	106	2	5	2	3	175452	212183843	220489	222726015	0.000860359	0.000710294	0	0.00433214	1010.15	2273.55	4	9422	
105	106	1	6	2	3	101642	174039597	124510	178829517	0.000989842	0.000862573	0	0.00408214	1436.27	2921.42	4	9422	
105	106	1	7	3	3	136368	181398334	161977	186149098	0.000943047	0.000764979	0	0.00408214	1149.23	2618.64	4	9422	
106	107	1	1	4	3	62697	168589612	89651	179233221	0.000981521	0.0010347	0	0.00408214	1999.23	3292.68	5	9422	
106	107	3	2	1	3	166635	231123929	196265	239423386	0.000933475	0.00072535	0	0.00408214	1219.9	2383.13	4	9422	
106	107	7	3	1	3	210830	281130366	236175	295639721	0.000944653	0.00065052	0	0.00383214	1251.78	2170.55	5	9422	
106	107	2	4	1	3	207776	281068580	216980	287479219	0.000984809	0.000610201	0	0.003	1324.91	2220.83	5	9422	
106	107	1	5	6	3	179089	216534904	224295	227157379	0.000861359	0.000707109	0	0.00433214	1012.76	2264.35	4	9422	
106	107	1	6	2	3	103113	176255749	126060	181061151	0.000990531	0.000860766	0	0.00408214	1436.31	2918.2	4	9422	
106	107	1	7	3	3	137022	182756135	162710	187510282	0.000944361	0.000766138	0	0.00408214	1152.42	2624.62	4	9422	
107	108	1	1	4	3	62840	169863603	89853	180511543	0.000984089	0.00103697	0	0.00408214	2008.97	3301.08	5	9422	
107	108	3	2	1	3	168763	233597905	199323	242088761	0.000930311	0.000725215	0	0.00408214	1214.56	2377.2	4	9422	
107	108	7	3	1	3	211953	283746962	237433	298432019	0.000946064	0.000651397	0	0.00383214	1256.91	2174.09	5	9422	
107	108	2	4	1	3	209536	283680173	218785	290137897	0.000985044	0.000610417	0	0.003	1326.13	2222.19	5	9422	
107	108	1	5	6	3	179287	217903436	224694	228673630	0.000862004	0.000709175	0	0.00433214	1017.71	2271.89	4	9422	
107	108	1	6	2	3	103269	177562717	126294	182373032	0.000992194	0.000862999	0	0.00408214	1444.04	2927.37	4	9422	
107	108	1	7	3	3	137248	184089005	162877	188829777	0.000946222	0.000768312	0	0.00408214	1159.34	2634.33	4	9422	
108	109	1	1	4	3	62982	171200563	90045	181862840	0.000986754	0.00103923	0	0.00408214	2019.69	3311.03	5	9422	
108	109	1	2	7	3	169163	235005148	200200	243611297	0.00092967	0.000727263	0	0.00408214	1216.84	2382.37	4	9422	
108	109	1	3	1	3	213093	286374666	238758	301294056	0.00094766	0.000652414	0	0.00383214	1261.92	2177.21	5	9422	
108	109	2	4	1	3	211516	286316429	220931	292880596	0.000985503	0.000610606	0	0.003	1325.67	2221.73	5	9422	
108	109	1	5	6	3	180737	219875207	226779	230705785	0.000861039	0.000709645	0	0.00433214	1017.32	2272.39	4	9422	
108	109	1	6	2	3	103871	179720389	127014	184537559	0.000993163	0.000863963	0	0.00408214	1452.89	2931.73	4	9422	
108	109	1	7	3	3	137817	185590079	163443	190332373	0.000947683	0.00076977	0	0.00408214	1164.52	2641.42	4	9422	
109	110	1	1	4	3	64270	172789123	92090	183661060	0.000980497	0.00103487	0	0.00408214	1994.36	3295.76	5	9422	
109	110	1	2	7	3	169535	236386661	200621	244993916	0.000931025	0.000728915	0	0.00408214	1221.18	2389.72	4	9422	
109	110	7	3	1	3	215176	289003772	240921	303970850	0.000948425	0.000652247	0	0.00383214	1261.7	2177.47	5	9422	
109	110	2	4	5	3	213454	288955843	223011	295632168	0.000985948	0.000610694	0	0.003	1325.64	2221.76	5	9422	
109	110	2	5	2	3	182445	221446929	228656	232289645	0.000862225	0.00070947	0	0.00433214	1015.89	2274.09	4	9422	
109	110	1	6	2	3	104402	181763820	127682	186596323	0.000993971	0.000865117	0	0.00408214	1461.41	2936.46	4	9422	
109	110	2	7	3	3	139493	187301284	165424	192099899	0.000946733	0.000768983	0	0.00408214	1161.26	2638.72	4	9422	
110	111	5	1	4	3	65700	174456518	93997	185425027	0.000978385	0.00103041	0	0.00408214	1972.67	3282.88	5	9422	
110	111	1	2	7	3	169736	237668525	200823	246266571	0.000932505	0.000731011	0	0.00408214	1226.29	2397.52	4	9422	
110	111	7	3	1	3	217042	291658657	242861	306683891	0.000949038	0.000652197	0	0.00383214	1262.8	2178.31	5	9422	
110	111	2	4	1	3	215383	291579722	225124	298396971	0.000986288	0.000610902	0	0.003	1325.48	2220.89	5	9422	
110	111	1	5	6	3	183241	223111504	229535	233967603	0.000863418	0.000710512	0	0.00433214	1019.31	2279.74	4	9422	
110	111	1	6	2	3	104593	183021385	127859	187861735	0.000996257	0.000867553	0	0.00408214	1469.29	2945.06	4	9422	
110	111	2	7	3	3	140781	188905251	166777	193701397	0.000947808	0.00076879	0	0.00408214	1161.44	2640.4	4	9422	
111	112	1	1	4	3	66534	175975347	95239	187038388	0.000977297	0.00102963	0	0.00408214	1963.88	3278.58	5	9422	
111	112	1	2	7	3	170276	239617871	201315	248219658	0.000933833	0.000732303	0	0.00408214	1232.99	2403.98	4	9422	
111	112	7	3	1	3	220016	294205745	246289	309368510	0.000947699	0.000651224	0	0.00383214	1256.12	2174.06	5	9422	
111	112	1	4	1	3	218300	294220973	228232	301092088	0.000985143	0.00060987	0	0.003	1319.24	2217.55	5	9422	
111	112	2	5	2	3	184906	224672894	231752	235560232	0.00086288	0.000710434	0	0.00433214	1016.43	2279.63	4	9422	
111	112	1	6	2	3	104738	184292678	128062	189138700	0.000998056	0.00086971	0	0.00408214	1476.93	2953.57	4	9422	
111	112	2	7	3	3	143185	191443054	169626	196352439	0.000946149	0.000766415	0	0.00408214	1157.56	2629.84	4	9422	
112	113	1	1	1	3	67616	177503988	96408	188579572	0.00097839	0.00102738	0	0.00408214	1956.06	3275.45	5	9422	
112	113	3	2	7	3	170418	240933784	201576	249557244	0.000934752	0.000734242	0	0.00408214	1238.03	2412.14	4	9422	
112	113	7	3	1	3	221333	296902418	248154	312387433	0.00094716	0.000652368	0	0.00383214	1258.85	2174.84	5	9422	
112	113	2	4	1	3	220568	296856564	230663	303818914	0.000984933	0.000609553	0	0.003	1317.15	2215.34	5	9422	
112	113	1	5	6	3	186604	226453669	233623	237359348	0.000863714	0.000710176	0	0.00433214	1015.99	2281.08	4	9422	
112	113	3	6	2	3	104980	185652725	128209	190487478	0.00100028	0.000871777	0	0.00408214	1485.76	2963.78	4	9422	
112	113	1	7	3	3	146139	193578533	172699	198518584	0.000945703	0.000762638	0	0.00408214	1149.51	2619.5	4	9422	
113	114	5	1	1	3	70112	180030009	99711	191418292	0.000971104	0.00101747	0	0.00408214	1919.73	3243.35	5	9422	
113	114	3	2	1	3	170632	242263197	202765	251072853	0.0009317	0.00073699	0	0.00408214	1238.25	2415.8	4	9422	
113	114	7	3	1	3	222509	299522716	249419	315125435	0.000948097	0.000652943	0	0.00383214	1263.44	2177.45	5	9422	
113	114	2	4	1	3	222862	299383116	233474	306614587	0.000983885	0.000609872	0	0.003	1313.27	2212.26	5	9422	
113	114	2	5	2	3	187827	228066877	234987	238985975	0.000864724	0.000710529	0	0.00433214	1017.02	2284.28	4	9422	
113	114	3	6	2	3	107855	188307819	131848	193401154	0.00099403	0.000866258	0	0.00408214	1466.85	2939.63	4	9422	
113	114	1	7	3	3	148857	195717649	175571	200678349	0.000945638	0.000759587	0	0.00408214	1143	2610.87	4	9422	
114	115	1	1	4	3	71891	181754323	101544	193150832	0.000972061	0.0010121	0	0.00408214	1902.14	3233.28	5	9422	
114	115	1	2	7	3	170807	243574642	202989	252387737	0.00093286	0.000738858	0	0.00408214	1243.36	2423.78	4	9422	
114	115	1	3	1	3	224041	302165296	251090	317913864	0.000949247	0.000653366	0	0.00383214	1266.14	2179.01	5	9422	
114	115	2	4	1	3	224861	302047871	236431	309756457	0.000981017	0.000611379	0	0.003	1310.13	2208.84	5	9422	
114	115	1	5	6	3	188339	229873493	235525	240804234	0.000865823	0.000711857	0	0.00433214	1022.41	2291.1	4	9422	
114	115	1	6	2	3	109780	190623298	133806	195721131	0.000994889	0.000863281	0	0.00408214	1462.72	2932.32	4	9422	
114	115	2	7	3	3	152153	198018816	179025	202996484	0.000945034	0.00075531	0	0.00408214	1133.9	2598.02	4	9422	
115	116	1	1	4	3	72453	183441577	102105	194845474	0.000975106	0.00101312	0	0.00408214	1908.29	3236.18	5	9422	
115	116	1	2	7	3	172112	245279000	204645	254140401	0.000932482	0.000738972	0	0.00408214	1241.86	2424.82	4	9422	
115	116	1	3	1	3	225233	304782860	252427	320716350	0.000950485	0.000653991	0	0.00383214	1270.53	2181.69	5	9422	
115	116	2	4	5	3	226981	304363603	239404	312369291	0.000978347	0.000612415	0	0.003	1304.78	2205.97	5	9422	
115	116	1	5	6	3	188969	231188267	236402	242131042	0.000866344	0.000713061	0	0.00433214	1024.23	2295.97	4	9422	
115	116	3	6	2	3	113088	192790111	137248	197898940	0.000993191	0.000856053	0	0.00408214	1441.91	2911.93	4	9422	
115	116	2	7	3	3	155762	201719907	182792	206772510	0.000944398	0.00075059	0	0.00408214	1131.19	2582.88	4	9422	
116	117	1	1	4	3	73063	184776545	102857	196197891	0.000976549	0.00101323	0	0.00408214	1907.48	3237.74	5	9422	
116	117	1	2	1	3	174615	246920812	207314	255798805	0.000932804	0.000736861	0	0.00408214	1233.87	2421.25	4	9422	
116	117	7	3	1	3	226700	307422819	253974	323435919	0.000951277	0.000654255	0	0.00383214	1273.5	2183.82	5	9422	
116	117	2	4	1	3	229453	307376023	242484	315572626	0.000975725	0.000612762	0	0.003	1301.42	2201.42	5	9422	
116	117	2	5	2	3	190766	232870534	238747	243861537	0.000865794	0.000712737	0	0.00433214	1021.42	2295.15	4	9422	
116	117	3	6	2	3	116611	195776972	141020	200960660	0.000990919	0.000848586	0	0.00408214	1425.05	2887.49	4	9422	
116	117	2	7	3	3	159391	204130395	186659	209239409	0.000943562	0.000746195	0	0.00408214	1120.97	2569.06	4	9422	
117	118	1	1	4	3	73758	186335904	103875	197800234	0.000976398	0.00101287	0	0.00408214	1904.21	3237.11	5	9422	
117	118	3	2	1	3	177890	248954095	210832	257864240	0.000932702	0.00073368	0	0.00408214	1223.08	2413.39	4	9422	
117	118	7	3	1	3	228826	310048265	256144	326089061	0.000951615	0.000653842	0	0.00383214	1273.07	2183.25	5	9422	
117	118	2	4	5	3	231414	310009911	244546	318283212	0.000975999	0.000612752	0	0.003	1301.53	2201.58	5	9422	
117	118	1	5	2	3	192147	234347015	240798	245385037	0.000865119	0.000713203	0	0.00433214	1019.05	2295.32	4	9422	
117	118	1	6	2	3	118480	197563790	143710	202919715	0.00098652	0.0008464	0	0.00408214	1412.01	2875.34	4	9422	
117	118	1	7	3	3	160868	206256109	188784	211432245	0.000941564	0.000746447	0	0.00408214	1119.97	2566.34	4	9422	
118	119	1	1	4	3	74494	187886689	104680	199356442	0.000978584	0.00101275	0	0.00408214	1904.44	3238.98	5	9422	
118	119	1	2	7	3	178136	250269599	211086	259180190	0.000934193	0.000735385	0	0.00408214	1227.84	2421	4	9422	
118	119	7	3	1	3	231426	312545507	258792	328615662	0.000951801	0.000652734	0	0.00383214	1269.81	2182.14	5	9422	
118	119	1	4	1	3	233314	312626019	246561	320981849	0.000976459	0.000612975	0	0.003	1301.84	2201.12	5	9422	
118	119	1	5	6	3	193082	235771002	241976	246817476	0.000865827	0.000714084	0	0.00433214	1020.01	2299.19	4	9422	
118	119	3	6	2	3	120974	200672853	147189	206546067	0.000981294	0.000843434	0	0.00408214	1403.27	2853.99	4	9422	
118	119	1	7	3	3	161011	207591019	189798	212852341	0.000938793	0.000749306	0	0.00408214	1121.47	2570.35	4	9422	
119	120	1	1	4	3	74702	189219622	104856	200685800	0.000981187	0.00101489	0	0.00408214	1913.92	3247.91	5	9422	
119	120	1	2	7	3	178395	251572091	211317	260490654	0.000935783	0.000737111	0	0.00408214	1232.7	2428.64	4	9422	
119	120	7	3	1	3	234429	315313080	261869	331407775	0.000952202	0.000651466	0	0.00383214	1265.55	2178.91	5	9422	
119	120	2	4	1	3	234836	315267725	248224	323749866	0.000977031	0.000613539	0	0.003	1304.26	2202.57	5	9422	
119	120	1	5	6	3	194016	237409418	243037	248467657	0.000866705	0.000714781	0	0.00433214	1022.34	2303.43	4	9422	
119	120	3	6	2	3	123699	203850575	150715	210359346	0.000977	0.000839632	0	0.00408214	1395.74	2833.48	4	9422	
119	120	1	7	3	3	161312	208998822	190460	214358475	0.000938519	0.000751249	0	0.00408214	1125.48	2575.69	4	9422	
120	121	1	1	4	3	74876	190563033	105078	202024791	0.000983573	0.00101711	0	0.00408214	1922.62	3256.45	5	9422	
120	121	3	2	1	3	179065	253360224	212120	262313595	0.000936341	0.000738376	0	0.00408214	1236.63	2433.66	4	9422	
120	121	7	3	1	3	237592	317944666	265077	334046120	0.000952253	0.000649783	0	0.00383214	1260.19	2176.09	5	9422	
120	121	2	4	1	3	236983	317899391	250529	326476416	0.000977214	0.000613391	0	0.003	1303.15	2201.79	5	9422	
120	121	2	5	2	3	196480	239551201	245631	250631302	0.000867718	0.000713525	0	0.00433214	1020.36	2301.11	4	9422	
120	121	1	6	2	3	125804	206193700	152920	212727646	0.000977823	0.000836929	0	0.00408214	1391.1	2825.76	4	9422	
120	121	1	7	3	3	161822	210337961	191141	215710855	0.000939172	0.000752629	0	0.00408214	1128.54	2580.92	4	9422	
121	122	1	1	4	3	75379	192195579	105556	203653958	0.000986138	0.00101815	0	0.00408214	1929.35	3261.14	5	9422	
121	122	3	2	1	3	182348	255656095	215662	264633319	0.000935661	0.000735166	0	0.00408214	1227.07	2425.65	4	9422	
121	122	7	3	1	3	239404	320588518	266945	336732816	0.000952609	0.00064962	0	0.00383214	1261.43	2176.76	5	9422	
121	122	2	4	1	3	238994	320494518	252638	329141093	0.000977448	0.000613338	0	0.003	1302.82	2201.96	5	9422	
121	122	1	5	6	3	197605	241374298	246857	252461877	0.000868744	0.000713984	0	0.00433214	1022.7	2304.73	4	9422	
121	122	1	6	2	3	128268	208011366	155549	214576961	0.000977174	0.000832979	0	0.00408214	1379.48	2816.4	4	9422	
121	122	2	7	3	3	163172	212685934	193856	218659429	0.000934337	0.000753835	0	0.00408214	1127.95	2572.91	4	9422	
122	123	1	1	4	3	75561	193472853	105699	204936454	0.000988863	0.00102015	0	0.00408214	1938.87	3269.41	5	9422	
122	123	1	2	7	3	183305	257274956	216772	266260444	0.000936162	0.000735696	0	0.00408214	1228.3	2429.02	4	9422	
122	123	1	3	1	3	241906	323198437	269501	339375126	0.000952801	0.000648712	0	0.00383214	1259.27	2175.78	5	9422	
122	123	2	4	1	3	241095	323150299	254851	331869378	0.0009776	0.000613124	0	0.003	1302.21	2201.82	5	9422	
122	123	1	5	6	3	197841	242696232	247020	253780868	0.000869998	0.000715679	0	0.00433214	1027.37	2312.48	4	9422	
122	123	1	6	2	3	131654	212136468	159092	218732275	0.000975787	0.000827012	0	0.00408214	1374.88	2797.27	4	9422	
122	123	2	7	3	3	165021	215118100	197184	221610800	0.000929381	0.000754358	0	0.00408214	1123.88	2562.44	4	9422	
123	124	1	1	4	3	76150	195226213	106491	206739447	0.000989282	0.00102056	0	0.00408214	1941.38	3270.05	5	9422	
123	124	1	2	7	3	183690	258609543	217161	267595401	0.000937924	0.000737462	0	0.00408214	1232.24	2435.59	4	9422	
123	124	7	3	1	3	243981	325848860	271640	342051369	0.000953094	0.000648389	0	0.00383214	1259.21	2175.07	5	9422	
123	124	2	4	1	3	243257	325788909	257168	334604219	0.000977952	0.00061299	0	0.003	1301.11	2201.14	5	9422	
123	124	1	5	6	3	198848	244083648	248631	255198183	0.000869316	0.000716517	0	0.00433214	1026.41	2314.35	4	9422	
123	124	1	6	2	3	131891	213459465	159298	220051959	0.000977982	0.000829162	0	0.00408214	1381.39	2805.44	4	9422	
123	124	2	7	3	3	167290	217312288	200723	224134801	0.000924846	0.000753716	0	0.00408214	1116.64	2550.97	4	9422	
124	125	1	1	4	3	76395	196543160	106634	208045684	0.000991978	0.00102253	0	0.00408214	1951.03	3278.59	5	9422	
124	125	3	2	1	3	184692	260805115	218161	269774121	0.000939157	0.000737896	0	0.00408214	1236.58	2439.82	4	9422	
124	125	7	3	1	3	246126	328483694	273863	344738868	0.000953284	0.000647847	0	0.00383214	1258.8	2174.45	5	9422	
124	125	2	4	1	3	245462	328416501	259536	337312878	0.000978026	0.000612841	0	0.003	1299.68	2199.97	5	9422	
124	125	1	5	6	3	200207	245430880	250142	256553333	0.000870285	0.000716665	0	0.00433214	1025.63	2316.03	4	9422	
124	125	1	6	2	3	132243	214776295	159617	221374749	0.000979927	0.000830962	0	0.00408214	1386.91	2812.47	4	9422	
124	125	2	7	3	3	170111	219137963	203738	225984686	0.000925097	0.000751085	0	0.00408214	1109.19	2543.51	4	9422	
125	126	1	1	4	3	76598	197855534	106815	209355700	0.000994802	0.00102477	0	0.00408214	1959.98	3286.68	5	9422	
125	126	3	2	7	3	186970	263358496	220846	272402821	0.000938831	0.000736785	0	0.00408214	1233.45	2435.4	4	9422	
125	126	7	3	1	3	247259	331071200	275176	347571062	0.000954434	0.000648659	0	0.00383214	1263.09	2177.01	5	9422	
125	126	1	4	1	3	246759	331043853	260958	340080792	0.000978731	0.000613592	0	0.003	1303.2	2201.58	5	9422	
125	126	1	5	6	3	200445	246751266	250359	257862007	0.000871638	0.000718479	0	0.00433214	1029.97	2323.26	4	9422	
125	126	3	6	2	3	132937	216596039	160918	223245942	0.000977851	0.000831989	0	0.00408214	1387.33	2812.82	4	9422	
125	126	1	7	3	3	170358	220455672	203957	227299783	0.000926716	0.000752914	0	0.00408214	1114.45	2551.21	4	9422	
126	127	1	1	4	3	76958	199527153	107249	211076687	0.000996675	0.00102576	0	0.00408214	1968.1	3290.93	5	9422	
126	127	1	2	7	3	187831	265023320	223875	274826002	0.000931075	0.00073951	0	0.00408214	1227.59	2429.34	4	9422	
126	127	7	3	1	3	249313	333700885	277312	350270927	0.000955255	0.000648545	0	0.00383214	1263.09	2177.27	5	9422	
126	127	2	4	1	3	248323	333657642	262611	342773250	0.000979133	0.000613967	0	0.003	1305.25	2202.64	5	9422	
126	127	1	5	6	3	201087	248132292	251241	259259383	0.00087215	0.000719693	0	0.00433214	1031.92	2328.01	4	9422	
126	127	3	6	2	3	134526	218089215	163000	224782825	0.000976472	0.000830742	0	0.00408214	1379.04	2808.05	4	9422	
126	127	1	7	3	3	170992	222257896	204954	229189329	0.000926416	0.000754501	0	0.00408214	1118.25	2554.82	4	9422	
127	128	1	1	4	3	77101	200874499	107421	212417689	0.000999045	0.00102766	0	0.00408214	1977.43	3299.58	5	9422	
127	128	3	2	1	3	188415	266497974	225218	276411904	0.000929267	0.000741256	0	0.00408214	1227.31	2432.05	4	9422	
127	128	7	3	1	3	251043	336314088	279094	352921269	0.000955729	0.000648532	0	0.00383214	1264.52	2178.69	5	9422	
127	128	2	4	1	3	250551	336311157	264933	345485334	0.000978955	0.000613621	0	0.003	1304.05	2201.91	5	9422	
127	128	1	5	6	3	201737	249480901	251975	260622346	0.000873095	0.000720727	0	0.00433214	1034.32	2333.25	4	9422	
127	128	1	6	2	3	135728	220272445	164232	226966627	0.000977475	0.000830449	0	0.00408214	1381.99	2809.11	4	9422	
127	128	1	7	3	3	173042	224931861	207834	232107087	0.000924129	0.000753805	0	0.00408214	1116.79	2547.02	4	9422	
128	129	1	1	4	3	77244	202198784	107866	213909445	0.0009989	0.00102948	0	0.00408214	1983.1	3304.64	5	9422	
128	129	3	2	1	3	191550	269337297	228815	279369158	0.000928755	0.000738944	0	0.00408214	1220.94	2422.75	4	9422	
128	129	7	3	1	3	252313	338996249	280454	355716166	0.000956519	0.000649014	0	0.00383214	1268.36	2180.9	5	9422	
128	129	2	4	1	3	252656	338912293	267212	348201334	0.000979509	0.000613562	0	0.003	1303.09	2200.98	5	9422	
128	129	1	5	6	3	201974	250733964	252137	261872203	0.000874342	0.000722352	0	0.00433214	1038.61	2339.92	4	9422	
128	129	1	6	2	3	137267	221949356	166071	228697613	0.000976868	0.000829234	0	0.00408214	1377.11	2804.88	4	9422	
128	129	2	7	3	3	175314	227513820	210919	234908380	0.000922265	0.000752853	0	0.00408214	1113.74	2538.19	4	9422	
129	130	1	1	4	3	77478	203572632	108442	215500364	0.000998252	0.00103084	0	0.00408214	1987.24	3307.24	5	9422	
129	130	3	2	1	3	194422	271440868	231870	281499983	0.000929013	0.000736676	0	0.00408214	1214.04	2417.48	4	9422	
129	130	1	3	1	3	253423	341588095	281717	358507535	0.000957653	0.000649792	0	0.00383214	1272.58	2183.47	5	9422	
129	130	2	4	1	3	255165	341570432	269816	350905104	0.000979268	0.000612983	0	0.003	1300.53	2199.71	5	9422	
129	130	1	5	6	3	202267	252042095	252397	263178999	0.000875517	0.000723837	0	0.00433214	1042.72	2346.78	4	9422	
129	130	3	6	2	3	138989	223781381	168059	230564879	0.000976369	0.000827477	0	0.00408214	1371.93	2799.79	4	9422	
129	130	2	7	3	3	178760	230030755	214505	237452945	0.000922212	0.000749145	0	0.00408214	1106.98	2527.77	4	9422	
130	131	1	1	4	3	77621	204898622	108590	216826879	0.00100084	0.00103272	0	0.00408214	1996.75	3315.63	5	9422	
130	131	1	2	1	3	196206	273812984	233807	283887291	0.000929781	0.000736124	0	0.00408214	1214.2	2417.52	4	9422	
130	131	7	3	1	3	254827	344248436	283250	361315983	0.000958549	0.000650316	0	0.00383214	1275.61	2185.22	5	9422	
130	131	2	4	1	3	256912	344193547	271691	353648836	0.000979688	0.000613276	0	0.003	1301.66	2200.12	5	9422	
130	131	2	5	2	3	202519	253365922	252592	264499611	0.000876882	0.000725626	0	0.00458214	1047.14	2354.02	4	9422	
130	131	1	6	2	3	139946	226042781	169369	232918738	0.00097603	0.000827803	0	0.00408214	1375.21	2799.36	4	9422	
130	131	2	7	3	3	180498	231609725	216312	239047009	0.000922953	0.000748307	0	0.00408214	1105.1	2526.91	4	9422	
131	132	1	1	4	3	77764	206219751	108733	218148008	0.00100347	0.00103458	0	0.00408214	2006.27	3323.95	5	9422	
131	132	3	2	1	3	199764	277757996	237491	287873980	0.000930496	0.000733257	0	0.00408214	1212.15	2407.75	4	9422	
131	132	7	3	1	3	256897	346874603	285417	363970363	0.0009589	0.000650144	0	0.00383214	1275.22	2185.21	5	9422	
131	132	2	4	1	3	258798	346815226	273714	356381600	0.000980127	0.000613441	0	0.003	1302.02	2200.39	5	9422	
131	132	1	5	6	3	202810	254670425	253487	265841814	0.000876052	0.000727415	0	0.00458214	1048.74	2358.1	4	9422	
131	132	3	6	2	3	140088	227306416	169592	234195799	0.000977276	0.000829613	0	0.00408214	1380.94	2806.4	4	9422	
131	132	2	7	3	3	182374	233615081	218329	241078234	0.000923809	0.000747343	0	0.00408214	1104.2	2525.02	4	9422	
132	133	1	1	4	3	77907	207531473	108878	219459940	0.00100608	0.00103642	0	0.00408214	2015.65	3331.97	5	9422	
132	133	3	2	1	3	201513	280001171	240301	290383087	0.000928139	0.000733977	0	0.00408214	1208.41	2403.31	4	9422	
132	133	7	3	1	3	259491	349482934	288141	366648789	0.000959214	0.000649484	0	0.00383214	1272.46	2183.21	5	9422	
132	133	1	4	1	3	260488	349446984	275475	359075320	0.000980229	0.00061363	0	0.003	1303.48	2201.31	5	9422	
132	133	2	5	2	3	204244	256195998	254972	267362882	0.000877257	0.000727405	0	0.00458214	1048.6	2360.45	4	9422	
132	133	1	6	2	3	140231	228630216	169817	235524981	0.000978508	0.000831415	0	0.00408214	1386.93	2814.04	4	9422	
132	133	2	7	3	3	183381	235414435	219773	242937941	0.000923223	0.000748024	0	0.00408214	1105.4	2525.94	4	9422	
133	134	1	1	4	3	78050	208808441	109053	220740124	0.00100839	0.00103825	0	0.00408214	2024.15	3339.04	5	9422	
133	134	3	2	1	3	202985	281580035	241932	291981595	0.000928841	0.000733865	0	0.00408214	1206.87	2404.63	4	9422	
133	134	7	3	1	3	262235	352083392	290989	369263566	0.000959041	0.000648476	0	0.00383214	1268.99	2180.62	5	9422	
133	134	2	4	1	3	262738	352084979	277845	361774158	0.000980134	0.000613335	0	0.003	1302.07	2199.9	5	9422	
133	134	2	5	2	3	207652	258290919	258543	269481193	0.000877861	0.000724638	0	0.00458214	1042.31	2353.47	4	9422	
133	134	3	6	2	3	141495	230630031	172148	237709516	0.00097361	0.000831622	0	0.00408214	1380.84	2806.56	4	9422	
133	134	1	7	3	3	185247	237314708	221869	244877811	0.00092337	0.00074706	0	0.00408214	1103.7	2524.05	4	9422	
134	135	1	1	4	3	78224	210102199	109251	222028891	0.00101082	0.00104015	0	0.00408214	2032.28	3346.1	5	9422	
134	135	3	2	1	3	203655	283811393	242837	294236366	0.000929186	0.000735002	0	0.00408214	1211.66	2409.11	4	9422	
134	135	7	3	1	3	263984	354764882	292869	372093802	0.00095983	0.000648537	0	0.00383214	1270.51	2181.12	5	9422	
134	135	1	4	5	3	264794	354720437	280051	364522830	0.000980501	0.000613318	0	0.003	1301.63	2199.26	5	9422	
134	135	1	5	6	3	210646	261432673	261686	272663784	0.000878559	0.000722673	0	0.00458214	1041.95	2347.9	4	9422	
134	135	1	6	2	3	141996	232026420	172701	239112215	0.000975488	0.000832991	0	0.00408214	1384.54	2812.09	4	9422	
134	135	1	7	3	3	185452	238647010	222042	246208371	0.00092465	0.000748718	0	0.00408214	1108.84	2531.68	4	9422	
135	136	1	1	4	3	78467	211409327	109504	223335145	0.00101378	0.0010421	0	0.00408214	2039.52	3352.58	5	9422	
135	136	3	2	7	3	204895	285296245	245173	295873399	0.000926463	0.000735907	0	0.00408214	1206.79	2407.08	4	9422	
135	136	7	3	1	3	265636	357400896	294637	374854710	0.000960517	0.000648804	0	0.00383214	1272.26	2181.82	5	9422	
135	136	2	4	1	3	266463	357326810	281894	367264376	0.000981129	0.000613756	0	0.003	1302.85	2199.9	5	9422	
135	136	1	5	6	3	211594	263192948	263142	274597284	0.000878284	0.000723534	0	0.00458214	1043.53	2349.59	4	9422	
135	136	1	6	2	3	144474	234082389	175498	241211779	0.000974126	0.000829743	0	0.00408214	1374.44	2802.63	4	9422	
135	136	1	7	3	3	185690	239942699	222188	247489306	0.000925975	0.00075032	0	0.00408214	1113.87	2538.82	4	9422	
136	137	1	1	4	3	79667	213425958	111269	225469685	0.00101059	0.0010394	0	0.00408214	2026.35	3340.66	5	9422	
136	137	1	2	7	3	205470	286909577	245976	297523844	0.00092686	0.000736998	0	0.00408214	1209.56	2411.58	4	9422	
136	137	1	3	1	3	267293	360010751	296398	377562545	0.000961136	0.000649013	0	0.00383214	1273.84	2182.86	5	9422	
136	137	2	4	1	3	268062	359974429	283671	370071505	0.000981697	0.000614291	0	0.003	1304.58	2200.81	5	9422	
136	137	1	5	6	3	212690	264670813	264676	276122133	0.000878269	0.000724307	0	0.00458214	1043.25	2351.24	4	9422	
136	137	3	6	2	3	148203	237260268	179320	244403870	0.00097326	0.000823769	0	0.00408214	1362.95	2784.33	4	9422	
136	137	2	7	3	3	185889	241249946	222372	248794836	0.000927272	0.00075205	0	0.00408214	1118.82	2546.02	4	9422	
137	138	1	1	4	3	79810	214694871	111585	226759652	0.00101158	0.00104112	0	0.00408214	2032.17	3346.03	5	9422	
137	138	1	2	7	3	206192	288721535	247070	299433879	0.000926786	0.000737932	0	0.00408214	1211.94	2414.77	4	9422	
137	138	7	3	1	3	269152	362661428	298363	380286854	0.000961625	0.000649098	0	0.00383214	1274.58	2183.16	5	9422	
137	138	2	4	1	3	269285	362520231	284969	372706817	0.000982272	0.000614993	0	0.003	1307.89	2203.47	5	9422	
137	138	1	5	6	3	213142	266010392	265134	277461986	0.000879549	0.000725718	0	0.00458214	1046.5	2356.97	4	9422	
137	138	3	6	2	3	151718	240965511	182905	248131645	0.000972397	0.000818318	0	0.00408214	1356.61	2768.69	4	9422	
137	138	1	7	3	3	186112	242579813	222517	250128158	0.000928621	0.000753665	0	0.00408214	1124.09	2553.71	4	9422	
138	139	1	1	4	3	80102	216202092	112011	228320238	0.00101289	0.00104245	0	0.00408214	2038.37	3350.39	5	9422	
138	139	3	2	1	3	208517	290932156	250818	301906675	0.000922423	0.000737674	0	0.00408214	1203.69	2406.71	4	9422	
138	139	7	3	1	3	271246	365290533	300939	383090515	0.000960516	0.000649357	0	0.00383214	1272.98	2181.68	5	9422	
138	139	2	4	1	3	270608	365198206	286419	375534421	0.00098304	0.000615636	0	0.003	1311.14	2205.56	5	9422	
138	139	1	5	2	3	213422	267369679	265433	278821853	0.000880773	0.000727246	0	0.00458214	1050.44	2363.77	4	9422	
138	139	1	6	2	3	153105	242469906	184407	249656472	0.000973068	0.000817496	0	0.00408214	1353.83	2768.52	4	9422	
138	139	1	7	3	3	186255	243904153	222699	251455221	0.000929788	0.000755283	0	0.00408214	1129.13	2561.06	4	9422	
139	140	1	1	4	3	80448	217580228	112388	229720222	0.00101465	0.00104365	0	0.00408214	2043.99	3355.2	5	9422	
139	140	3	2	1	3	211360	292646146	253729	303628541	0.000922627	0.000735439	0	0.00408214	1196.66	2402.85	4	9422	
139	140	7	3	1	3	272813	367915864	302582	385795083	0.000960841	0.000649451	0	0.00383214	1275.01	2182.7	5	9422	
139	140	1	4	1	3	272582	367853744	288589	378338377	0.000983318	0.000615696	0	0.003	1310.99	2205.27	5	9422	
139	140	2	5	2	3	214534	268960482	267008	280452288	0.000880536	0.000727951	0	0.00458214	1050.35	2365.57	4	9422	
139	140	3	6	2	3	155155	244441687	186677	251669230	0.000972255	0.000815337	0	0.00408214	1348.15	2762.73	4	9422	
139	140	1	7	3	3	186398	245197859	223117	252770070	0.000929969	0.000757097	0	0.00408214	1132.9	2566.88	4	9422	
140	141	1	1	4	3	80591	218887052	112842	231151192	0.00101437	0.0010453	0	0.00408214	2048.45	3359.33	5	9422	
140	141	3	2	1	3	214232	296515044	256756	307535722	0.0009226	0.000733326	0	0.00408214	1197.77	2398.71	4	9422	
140	141	7	3	1	3	275020	370434876	304879	388370217	0.000961464	0.000649202	0	0.00383214	1273.85	2182.21	5	9422	
140	141	2	4	1	3	274222	370482602	290412	381107197	0.000983843	0.000616105	0	0.003	1312.3	2205.87	5	9422	
140	141	1	5	6	3	216008	271511763	268569	283021477	0.000881313	0.000727789	0	0.00458214	1053.81	2367.31	4	9422	
140	141	1	6	2	3	156507	245890923	188128	253125213	0.000972812	0.000814564	0	0.00408214	1345.49	2762.69	4	9422	
140	141	1	7	3	3	186541	246477869	223293	254051588	0.000931157	0.000758692	0	0.00408214	1137.75	2573.7	4	9422	
141	142	1	1	4	3	80734	220234398	112984	232489116	0.00101686	0.00104701	0	0.00408214	2057.72	3367.37	5	9422	
141	142	1	2	7	3	215523	299401015	258302	310483009	0.000922432	0.000733488	0	0.00408214	1202.02	2400.45	4	9422	
141	142	7	3	1	3	277442	373165283	307728	391379739	0.000960656	0.0006491	0	0.00383214	1271.84	2179.6	5	9422	
141	142	2	4	1	3	275697	373118433	292001	383852515	0.000984399	0.000616588	0	0.003	1314.56	2207.07	5	9422	
141	142	1	5	6	3	216173	272813629	268762	284335514	0.000882326	0.000729284	0	0.00458214	1057.95	2373.96	4	9422	
141	142	3	6	2	3	158446	247521721	190148	254763195	0.000973427	0.000812773	0	0.00408214	1339.82	2758.41	4	9422	
141	142	1	7	3	3	186684	247825215	223436	255398934	0.000932481	0.000760252	0	0.00408214	1143.05	2581.39	4	9422	
142	143	1	1	4	3	80877	221570671	113138	233826438	0.00101927	0.00104872	0	0.00408214	2066.74	3375.1	5	9422	
142	143	3	2	1	3	218480	301045439	261421	312141750	0.000922503	0.000731228	0	0.00408214	1194.02	2396.16	4	9422	
142	143	7	3	1	3	279799	375809377	310160	394070227	0.000961072	0.000648624	0	0.00383214	1270.54	2178.61	5	9422	
142	143	2	4	1	3	277649	375742393	294126	386616054	0.000984806	0.000616764	0	0.003	1314.46	2206.59	5	9422	
142	143	2	5	2	3	217193	274781473	270301	286569935	0.000881458	0.000730034	0	0.00458214	1060.19	2375.23	4	9422	
142	143	1	6	2	3	161151	249460572	193167	256753185	0.00097251	0.000809375	0	0.00408214	1329.18	2748.97	4	9422	
142	143	1	7	3	3	186827	249151235	223578	256715532	0.000933795	0.000761794	0	0.00408214	1148.21	2588.73	4	9422	
143	144	1	1	4	3	81019	222871206	113283	235136605	0.00102175	0.00105041	0	0.00408214	2075.66	3382.46	5	9422	
143	144	1	2	7	3	219150	302424376	262191	313527490	0.000923341	0.000732063	0	0.00408214	1195.8	2400.55	4	9422	
143	144	1	3	1	3	281010	378330987	311572	396792212	0.000962096	0.000649408	0	0.00383214	1273.52	2180.74	5	9422	
143	144	2	4	1	3	279619	378361848	296271	389365859	0.000985103	0.000616761	0	0.003	1314.22	2205.93	5	9422	
143	144	1	5	6	3	219014	277068948	272887	288987207	0.000880508	0.000730052	0	0.00458214	1059	2373	4	9422	
143	144	1	6	2	3	163589	252105688	195804	259413315	0.00097232	0.000806822	0	0.00408214	1324.86	2741.63	4	9422	
143	144	1	7	3	3	186970	250481304	223749	258046601	0.000934998	0.000763362	0	0.00408214	1153.29	2596	4	9422	
144	145	5	1	1	3	81178	224141891	113431	236406135	0.0010242	0.00105209	0	0.00408214	2084.14	3389.08	5	9422	
144	145	1	2	7	3	220260	303807672	263430	314920300	0.000924141	0.000732372	0	0.00408214	1195.46	2403	4	9422	
144	145	7	3	1	3	282529	380627123	314236	399586853	0.000959438	0.000650962	0	0.00383214	1271.61	2179.37	5	9422	
144	145	2	4	1	3	280956	380996380	297728	392145553	0.000985641	0.000617347	0	0.003	1317.13	2207.41	5	9422	
144	145	1	5	6	3	219259	278425243	273285	290356463	0.000881133	0.000731443	0	0.00458214	1062.47	2379.05	4	9422	
144	145	1	6	2	3	166043	254120085	198656	261490425	0.000971153	0.000804532	0	0.00408214	1316.3	2732.96	4	9422	
144	145	2	7	3	3	187126	251771287	223931	259347263	0.000936162	0.000764933	0	0.00408214	1158.16	2602.82	4	9422	
145	146	5	1	1	3	81384	225439703	113632	237703559	0.00102661	0.00105399	0	0.00408214	2091.87	3395.47	5	9422	
145	146	1	2	7	3	220756	305600755	263893	316697230	0.000925166	0.000733473	0	0.00408214	1200.1	2408.11	4	9422	
145	146	7	3	1	3	284239	383688598	316566	403478509	0.000958159	0.000651644	0	0.00383214	1274.55	2179.4	5	9422	
145	146	2	4	1	3	282885	383621180	299802	394887421	0.000985907	0.000617413	0	0.003	1317.16	2206.87	5	9422	
145	146	1	5	2	3	220929	280354723	275785	292446332	0.000879905	0.000731456	0	0.00458214	1060.41	2376.27	4	9422	
145	146	1	6	2	3	166375	255464650	199000	262845460	0.000972889	0.000806219	0	0.00408214	1320.83	2739.28	4	9422	
145	146	2	7	3	3	187479	253196123	225451	260848131	0.000932594	0.000767172	0	0.00408214	1157.01	2603.22	4	9422	
146	147	1	1	4	3	81611	226758937	113784	239014831	0.00102907	0.0010557	0	0.00408214	2100.6	3402.66	5	9422	
146	147	1	2	7	3	220941	306917849	264071	318011822	0.000926287	0.000735009	0	0.00408214	1204.27	2414.54	4	9422	
146	147	7	3	1	3	286201	386326057	318589	406174373	0.000958485	0.000651507	0	0.00383214	1274.92	2179.33	5	9422	
146	147	1	4	1	3	285486	386025821	302828	397380642	0.000984849	0.000617213	0	0.003	1312.23	2204.85	5	9422	
146	147	1	5	6	3	223235	282150831	278663	294342169	0.000879311	0.000730434	0	0.00458214	1056.27	2373.04	4	9422	
146	147	3	6	2	3	167103	256986611	199753	264369932	0.000974454	0.000807194	0	0.00408214	1323.48	2742.62	4	9422	
146	147	2	7	3	3	188593	254542925	227133	262251941	0.000931515	0.000767631	0	0.00408214	1154.62	2602.33	4	9422	
147	148	1	1	4	3	82239	228971159	114608	241309696	0.00102873	0.00105565	0	0.00408214	2105.52	3401.48	5	9422	
147	148	1	2	7	3	221891	308973645	265515	320143234	0.000925473	0.000735749	0	0.00408214	1205.74	2416.1	4	9422	
147	148	7	3	1	3	289525	388925355	321941	408781122	0.000958448	0.000649941	0	0.00383214	1269.74	2176.21	5	9422	
147	148	2	4	1	3	287279	388884983	305417	400579410	0.000982862	0.000618344	0	0.003	1311.58	2203.59	5	9422	
147	148	2	5	2	3	224965	284591438	280625	296813159	0.000879623	0.000730034	0	0.00458214	1057.69	2372.68	4	9422	
147	148	3	6	2	3	168974	258828268	202008	266298426	0.000973627	0.000805953	0	0.00408214	1318.26	2737.38	4	9422	
147	148	1	7	3	3	189540	256401021	228600	264405184	0.000930858	0.000768396	0	0.00408214	1156.63	2602.24	4	9422	
148	149	1	1	4	3	82481	230299374	114757	242618829	0.00103118	0.00105729	0	0.00408214	2114.2	3408.59	5	9422	
148	149	3	2	1	3	224903	311270434	268631	322451614	0.000925357	0.000733463	0	0.00408214	1200.35	2411.33	4	9422	
148	149	7	3	1	3	292159	391550988	324618	411429185	0.000958532	0.00064908	0	0.00383214	1267.43	2175.16	5	9422	
148	149	2	4	1	3	289752	391423462	307960	403139763	0.000982585	0.00061783	0	0.003	1309.07	2201.86	5	9422	
148	149	2	5	2	3	226303	286310231	283674	298865638	0.000875555	0.000730957	0	0.00458214	1053.55	2368.38	4	9422	
148	149	1	6	2	3	171531	260555967	204773	268050882	0.000973032	0.000803061	0	0.00408214	1309.01	2730.36	4	9422	
148	149	1	7	3	3	190027	257864505	229169	265881332	0.000931817	0.000769492	0	0.00408214	1160.2	2606.87	4	9422	
149	150	1	1	4	3	82646	231588740	114986	243919763	0.00103319	0.00105903	0	0.00408214	2121.3	3414.56	5	9422	
149	150	1	2	7	3	227063	313377231	270857	324571647	0.000926064	0.000732535	0	0.00408214	1198.31	2409.68	4	9422	
149	150	7	3	1	3	294007	394211538	326515	414101802	0.000958959	0.000649027	0	0.00383214	1268.25	2176.34	5	9422	
149	150	2	4	1	3	292409	394126942	310782	405924435	0.000982195	0.000617186	0	0.003	1306.14	2199.77	5	9422	
149	150	2	5	2	3	229477	288491757	287050	301082169	0.000876231	0.000728813	0	0.00458214	1048.88	2362.74	4	9422	
149	150	1	6	2	3	172530	262046947	205892	269551818	0.000973697	0.000803194	0	0.00408214	1309.19	2732.47	4	9422	
149	150	1	7	3	3	190234	259200909	229338	267207049	0.000933107	0.000771052	0	0.00408214	1165.12	2613.87	4	9422	
150	151	1	1	4	3	82890	232889248	115129	245214810	0.00103563	0.00106063	0	0.00408214	2129.91	3421.38	5	9422	
150	151	3	2	7	3	228242	315429244	272545	326783458	0.000925374	0.000732962	0	0.00408214	1199.01	2410.09	4	9422	
150	151	1	3	1	3	297333	396828840	329914	416737293	0.000959022	0.000647671	0	0.00383214	1263.17	2173.28	5	9422	
150	151	2	4	1	3	295176	396790237	313715	408653581	0.000981744	0.0006165	0	0.003	1302.63	2197.08	5	9422	
150	151	2	5	2	3	232720	290357361	290521	302970638	0.000876604	0.000726586	0	0.00458214	1042.85	2357.46	4	9422	
150	151	3	6	2	3	175207	263977702	208710	271492226	0.000973572	0.000800351	0	0.00408214	1300.81	2724.89	4	9422	
150	151	1	7	3	3	190640	260561468	230249	268634534	0.000932015	0.000772677	0	0.00408214	1166.71	2617.19	4	9422	
151	152	1	1	4	3	83135	234199126	115272	246513978	0.00103807	0.00106223	0	0.00408214	2138.54	3428.15	5	9422	
151	152	1	2	1	3	228586	317116319	273473	328543359	0.000924459	0.000734679	0	0.00408214	1201.37	2413.54	4	9422	
151	152	7	3	1	3	300526	399401359	333223	419328973	0.00095878	0.000646409	0	0.00383214	1258.4	2170.09	5	9422	
151	152	2	4	1	3	297351	399424816	316150	411428688	0.000981883	0.000616374	0	0.003	1301.37	2196.05	5	9422	
151	152	2	5	2	3	235944	293893509	293910	306540802	0.000877375	0.000724574	0	0.00458214	1042.98	2352.44	4	9422	
151	152	1	6	2	3	175903	265356260	209457	272874556	0.000974978	0.000801249	0	0.00408214	1302.77	2728.2	4	9422	
151	152	1	7	3	3	190936	261902634	230476	269982584	0.000933343	0.000774067	0	0.00408214	1171.41	2624.01	4	9422	
152	153	1	1	4	3	83380	235540776	115415	247844918	0.0010405	0.00106381	0	0.00408214	2147.42	3435.33	5	9422	
152	153	1	2	7	3	229052	318510935	274035	329939757	0.000925234	0.000735804	0	0.00408214	1204.01	2418.68	4	9422	
152	153	7	3	1	3	302018	402112648	334799	422124267	0.000959272	0.000646633	0	0.00383214	1260.83	2171.73	5	9422	
152	153	2	4	1	3	299437	402022822	318309	414075786	0.000981778	0.000616175	0	0.003	1300.86	2195.84	5	9422	
152	153	1	5	2	3	238525	295920127	297077	308779726	0.000877079	0.000723532	0	0.00458214	1039.39	2348.01	4	9422	
152	153	1	6	2	3	176100	266694285	209666	274222497	0.000976477	0.000803123	0	0.00408214	1307.9	2735.09	4	9422	
152	153	1	7	3	3	191170	263206041	230704	271285711	0.000934695	0.00077556	0	0.00408214	1175.9	2630.33	4	9422	
153	154	1	1	4	3	83561	236882927	115965	249228575	0.00103933	0.00106531	0	0.00408214	2149.17	3438.66	5	9422	
153	154	1	2	7	3	229577	320581753	274600	332016675	0.000926153	0.00073694	0	0.00408214	1209.09	2423.76	4	9422	
153	154	7	3	1	3	303227	404746207	336194	425012179	0.000960236	0.000647231	0	0.00383214	1264.19	2173.45	5	9422	
153	154	1	4	1	3	302011	404637114	321015	416759028	0.000981605	0.000615655	0	0.003	1298.25	2194.54	5	9422	
153	154	2	5	2	3	240617	297461910	299788	310364089	0.000876402	0.000722979	0	0.00458214	1035.28	2346.08	4	9422	
153	154	1	6	2	3	176729	268342064	210491	275891840	0.000976925	0.000803999	0	0.00408214	1310.71	2738.26	4	9422	
153	154	1	7	3	3	192884	264733932	233108	272858749	0.000933119	0.000775012	0	0.00408214	1170.53	2626.45	4	9422	
154	155	1	1	4	3	83704	238173420	116132	250521588	0.00104153	0.00106687	0	0.00408214	2157.21	3444.93	5	9422	
154	155	1	2	7	3	229817	321865677	274743	333300456	0.000927233	0.000738265	0	0.00408214	1213.14	2429.72	4	9422	
154	155	7	3	1	3	304704	407378352	337735	427710467	0.000960676	0.00064746	0	0.00383214	1266.41	2174.71	5	9422	
154	155	2	4	5	3	304384	407262124	323522	419450545	0.000981569	0.000615317	0	0.003	1296.51	2193.64	5	9422	
154	155	2	5	2	3	243346	300241151	303188	313255608	0.000875738	0.000721772	0	0.00458214	1033.21	2341.45	4	9422	
154	155	1	6	2	3	176872	269683113	210661	277235724	0.000978173	0.000805477	0	0.00408214	1316.03	2745.25	4	9422	
154	155	2	7	3	3	195127	266344085	235705	274494245	0.000932651	0.000773422	0	0.00408214	1164.57	2622.05	4	9422	
155	156	1	1	4	3	85154	240223678	117907	252611306	0.00103909	0.00106282	0	0.00408214	2142.46	3433.94	5	9422	
155	156	1	2	7	3	230278	323192660	275236	334628511	0.000928343	0.000739575	0	0.00408214	1215.79	2434.6	4	9422	
155	156	7	3	1	3	306612	409996228	339731	430399588	0.000961094	0.00064742	0	0.00383214	1266.88	2174.92	5	9422	
155	156	2	4	1	3	306862	409953854	326141	422231731	0.000981422	0.000614872	0	0.003	1294.63	2192.5	5	9422	
155	156	2	5	6	3	246239	302462329	306672	315611124	0.000875419	0.000720335	0	0.00458214	1029.15	2336.45	4	9422	
155	156	1	6	2	3	177015	271030459	210858	278588740	0.000979293	0.000806971	0	0.00408214	1321.21	2752.14	4	9422	
155	156	1	7	3	3	196967	267975475	238075	276190173	0.000931782	0.000772611	0	0.00408214	1160.1	2618.63	4	9422	
156	157	1	1	4	3	85596	241600539	118321	253986272	0.00104134	0.00106357	0	0.00408214	2146.59	3438.29	5	9422	
156	157	3	2	7	3	232199	324849485	277889	336360087	0.000926679	0.000739221	0	0.00408214	1210.41	2431.92	4	9422	
156	157	7	3	1	3	308442	412632604	341634	433084787	0.000961507	0.000647536	0	0.00383214	1267.69	2175.82	5	9422	
156	157	2	4	1	3	309028	412573293	328455	424950990	0.000981419	0.000614717	0	0.003	1293.79	2191.99	5	9422	
156	157	2	5	2	3	248190	304528804	309091	317737697	0.000875348	0.000719996	0	0.00458214	1027.97	2335.57	4	9422	
156	157	1	6	2	3	178472	272638433	212861	280252692	0.00097766	0.000806489	0	0.00408214	1316.6	2749.31	4	9422	
156	157	1	7	3	3	198479	270080701	240036	278361993	0.000930902	0.000772265	0	0.00408214	1159.67	2616.56	4	9422	
157	158	1	1	4	3	85837	242911745	118483	255298746	0.00104396	0.0010653	0	0.00408214	2154.73	3444.81	5	9422	
157	158	3	2	7	3	234234	326898426	280717	338680214	0.000924924	0.000738773	0	0.00408214	1206.48	2427.53	4	9422	
157	158	1	3	1	3	310382	415270347	343614	435753434	0.000961628	0.000647346	0	0.00383214	1268.15	2176.27	5	9422	
157	158	2	4	1	3	311018	415212013	330597	427696073	0.0009818	0.000614773	0	0.003	1293.71	2191.85	5	9422	
157	158	1	5	6	3	249739	306466195	311273	319752378	0.000874683	0.000720183	0	0.00458214	1027.24	2334.83	4	9422	
157	158	1	6	2	3	180860	274325298	215348	281940040	0.00097758	0.000804005	0	0.00408214	1309.23	2744.01	4	9422	
157	158	1	7	3	3	198920	271550471	240505	279842488	0.00093186	0.00077334	0	0.00408214	1163.56	2621.69	4	9422	
158	159	5	1	4	3	86114	244270511	118845	256666437	0.00104577	0.00106644	0	0.00408214	2159.67	3449.69	5	9422	
158	159	1	2	7	3	236443	328854515	284076	340905227	0.000922286	0.000738332	0	0.00408214	1200.05	2421.74	4	9422	
158	159	7	3	1	3	312689	417896850	345961	438387252	0.000961862	0.000646931	0	0.00383214	1267.16	2175.83	5	9422	
158	159	2	4	1	3	312441	417828245	332114	430431500	0.000982228	0.000615214	0	0.003	1296.04	2193.38	5	9422	
158	159	1	5	2	3	250268	307844786	312144	321189364	0.000874764	0.000721335	0	0.00458214	1028.98	2338.69	4	9422	
158	159	1	6	2	3	182905	275922350	217545	283551656	0.00097765	0.000802218	0	0.00408214	1303.42	2740.39	4	9422	
158	159	1	7	3	3	199494	272994177	241053	281295810	0.000933021	0.000774461	0	0.00408214	1166.95	2626.03	4	9422	
159	160	1	1	4	3	86257	245557458	119255	257984776	0.00104578	0.0010679	0	0.00408214	2163.3	3453.39	5	9422	
159	160	1	2	7	3	236802	330407161	285010	342571518	0.000921321	0.000739822	0	0.00408214	1201.96	2424.86	4	9422	
159	160	7	3	1	3	314773	420519472	348113	441051512	0.000962145	0.000646697	0	0.00383214	1266.98	2176.08	5	9422	
159	160	2	4	1	3	313668	420468808	333477	433234782	0.000983007	0.000615879	0	0.003	1299.14	2195.35	5	9422	
159	160	1	5	6	3	250508	309199628	312287	322536710	0.000875737	0.000722601	0	0.00458214	1032.82	2345.04	4	9422	
159	160	3	6	2	3	186297	278143930	220962	285785001	0.000977079	0.000798141	0	0.00408214	1293.37	2729.51	4	9422	
159	160	1	7	3	3	199679	274343162	241284	282646869	0.000934197	0.000776019	0	0.00408214	1171.43	2632.52	4	9422	
160	161	1	1	4	3	86470	246823013	119405	259243634	0.00104805	0.0010694	0	0.00408214	2171.13	3459.16	5	9422	
160	161	1	2	7	3	236997	331733812	285277	343903670	0.000922122	0.000741163	0	0.00408214	1205.51	2430.53	4	9422	
160	161	7	3	1	3	317370	423041112	350819	443610917	0.000962354	0.000646199	0	0.00383214	1264.5	2174.49	5	9422	
160	161	1	4	1	3	315200	423094939	335095	435938618	0.000983327	0.000616181	0	0.003	1300.94	2196.23	5	9422	
160	161	1	5	6	3	250750	310534706	312435	323854989	0.00087671	0.000723877	0	0.00458214	1036.55	2351.11	4	9422	
160	161	1	6	2	3	188102	280058480	222893	287721803	0.00097759	0.000797153	0	0.00408214	1290.85	2726.26	4	9422	
160	161	2	7	3	3	200414	275712629	242308	284037523	0.000934215	0.000776747	0	0.00408214	1172.22	2634.6	4	9422	
161	162	1	1	4	3	86715	248143790	119548	260553701	0.00105039	0.00107088	0	0.00408214	2179.49	3465.61	5	9422	
161	162	1	2	7	3	237205	333044382	285440	345218832	0.000923219	0.00074261	0	0.00408214	1209.43	2436.46	4	9422	
161	162	7	3	1	3	319286	425787091	352852	446411660	0.00096261	0.000646108	0	0.00383214	1265.15	2175.38	5	9422	
161	162	2	4	1	3	317601	425718666	337569	438584369	0.000983203	0.000615814	0	0.003	1299.24	2195.49	5	9422	
161	162	2	5	6	3	251989	312981652	314735	326600117	0.000874873	0.000724588	0	0.00458214	1037.7	2349.94	4	9422	
161	162	1	6	2	3	188578	281915797	223345	289576891	0.000978763	0.000798157	0	0.00408214	1296.55	2731.22	4	9422	
161	162	1	7	3	3	200694	277026356	242605	285351717	0.000935581	0.000778166	0	0.00408214	1176.2	2640.29	4	9422	
162	163	1	1	4	3	86960	249449532	119690	261839550	0.0010527	0.00107235	0	0.00408214	2187.65	3471.78	5	9422	
162	163	3	2	1	3	237453	334350386	285583	346513811	0.000924259	0.000743877	0	0.00408214	1213.36	2442.26	4	9422	
162	163	7	3	1	3	320766	428417335	354452	449183063	0.000963269	0.000646458	0	0.00383214	1267.26	2176.32	5	9422	
162	163	2	4	5	3	319798	428353462	339927	441311790	0.000983336	0.000615646	0	0.003	1298.25	2194.63	5	9422	
162	163	2	5	2	3	255475	317685191	318488	331469130	0.000875245	0.000722472	0	0.00458214	1040.76	2343.13	4	9422	
162	163	1	6	2	3	188721	283214286	223505	290876911	0.000979982	0.000799553	0	0.00408214	1301.43	2737.45	4	9422	
162	163	1	7	3	3	200925	278368619	242795	286692416	0.000936889	0.000779612	0	0.00408214	1180.8	2646.78	4	9422	
163	164	1	1	4	3	87138	250718325	121000	263250688	0.00104503	0.0010735	0	0.00408214	2175.63	3466.49	5	9422	
163	164	1	2	7	3	237865	335694858	286109	347868343	0.000924941	0.000744966	0	0.00408214	1215.86	2446.71	4	9422	
163	164	7	3	1	3	322497	431042916	356254	451858251	0.000963721	0.000646531	0	0.00383214	1268.36	2176.98	5	9422	
163	164	2	4	1	3	321856	430971965	342173	444063015	0.000983602	0.000615631	0	0.003	1297.77	2194.37	5	9422	
163	164	2	5	2	3	257917	320996232	321794	335039754	0.000874304	0.000721886	0	0.00458214	1041.16	2338.68	4	9422	
163	164	1	6	2	3	188864	284547155	223688	292213732	0.000981098	0.000800962	0	0.00408214	1306.35	2743.9	4	9422	
163	164	1	7	3	3	201429	279954830	243236	288267577	0.000937949	0.000780585	0	0.00408214	1185.14	2651.93	4	9422	
164	165	1	1	4	3	87280	251988779	121504	264567991	0.00104423	0.00107488	0	0.00408214	2177.44	3469.11	5	9422	
164	165	1	2	7	3	238008	337002932	286629	349226374	0.00092476	0.000746486	0	0.00408214	1218.39	2451.31	4	9422	
164	165	1	3	1	3	324014	433653588	357847	454545305	0.000964199	0.000646788	0	0.00383214	1270.22	2178.53	5	9422	
164	165	2	4	1	3	323897	433609128	344336	446777264	0.000983679	0.000615637	0	0.003	1297.5	2194.49	5	9422	
164	165	1	5	6	3	258667	322899569	322698	336957305	0.000874764	0.000722631	0	0.00458214	1044.19	2342.08	4	9422	
164	165	1	6	2	3	189569	286065019	225330	293987642	0.000978169	0.000802216	0	0.00408214	1304.7	2742.75	4	9422	
164	165	2	7	3	3	202073	281366385	244249	289701881	0.00093773	0.000781544	0	0.00408214	1186.09	2654.71	4	9422	
165	166	1	1	4	3	87430	253297846	121813	265901497	0.00104519	0.0010763	0	0.00408214	2182.87	3473.8	5	9422	
165	166	1	2	1	3	238151	338328270	286933	350563611	0.000925275	0.000747848	0	0.00408214	1221.76	2456.77	4	9422	
165	166	7	3	1	3	325248	436302224	359168	457307339	0.00096484	0.000647202	0	0.00383214	1273.24	2180.64	5	9422	
165	166	2	4	1	3	325452	436242125	345962	449476147	0.000983857	0.000615922	0	0.003	1299.21	2195.32	5	9422	
165	166	1	5	6	3	258931	324213317	323041	338278271	0.000875501	0.000723844	0	0.00458214	1047.17	2347.16	4	9422	
165	166	1	6	2	3	190296	287464111	226518	295466137	0.000977733	0.000803201	0	0.00408214	1304.38	2743.41	4	9422	
165	166	1	7	3	3	202551	282711237	244748	291057209	0.000938931	0.000782628	0	0.00408214	1189.21	2659.46	4	9422	
166	167	1	1	4	3	87573	254618363	121989	267225479	0.0010472	0.00107774	0	0.00408214	2190.57	3479.93	5	9422	
166	167	1	2	7	3	238727	339709326	287785	351964602	0.000925378	0.000748759	0	0.00408214	1223.01	2459.93	4	9422	
166	167	7	3	1	3	327370	438927711	361354	459980132	0.000965186	0.000646982	0	0.00383214	1272.93	2180.11	5	9422	
166	167	2	4	1	3	326958	438854993	347563	452182102	0.000984185	0.000616244	0	0.003	1301.01	2196.27	5	9422	
166	167	1	5	2	3	259634	326261232	324062	340394810	0.000875633	0.000724783	0	0.00458214	1050.4	2350.11	4	9422	
166	167	1	6	2	3	190607	288775433	226930	296793689	0.00097857	0.000804392	0	0.00408214	1307.86	2748.33	4	9422	
166	167	1	7	3	3	202793	284011385	244914	292352077	0.000940273	0.000784097	0	0.00408214	1193.69	2665.45	4	9422	
167	168	1	1	4	3	87716	255959925	122132	268567041	0.00104948	0.00107918	0	0.00408214	2198.99	3486.6	5	9422	
167	168	3	2	1	3	241825	342816829	290937	355084626	0.000925784	0.000746599	0	0.00408214	1220.49	2453.99	4	9422	
167	168	7	3	1	3	329209	441555730	363280	462694905	0.000965547	0.000646941	0	0.00383214	1273.66	2180.65	5	9422	
167	168	1	4	1	3	329497	440875260	350858	454309357	0.00098249	0.000616554	0	0.003	1294.85	2194.14	5	9422	
167	168	2	5	6	3	261358	328661947	327251	343165389	0.000872912	0.000725112	0	0.00458214	1048.63	2345.83	4	9422	
167	168	1	6	2	3	190801	290048681	227181	298069924	0.00097958	0.000805786	0	0.00408214	1312.04	2753.67	4	9422	
167	168	2	7	3	3	203392	285507371	246034	293962379	0.000939314	0.000785182	0	0.00408214	1194.8	2666.77	4	9422	
168	169	1	1	4	3	87859	257286555	122275	269893671	0.00105177	0.0010806	0	0.00408214	2207.27	3493.01	5	9422	
168	169	3	2	1	3	245596	346354542	294775	358656792	0.000925881	0.00074351	0	0.00408214	1216.71	2445.01	4	9422	
168	169	7	3	1	3	330685	444187575	364861	465443418	0.00096609	0.000647177	0	0.00383214	1275.67	2181.72	5	9422	
168	169	2	4	1	3	332522	444119661	354165	457711779	0.000981742	0.000615818	0	0.003	1292.37	2190.52	5	9422	
168	169	2	5	2	3	263296	331401660	330788	346566112	0.000870018	0.000725272	0	0.00458214	1047.7	2340.32	4	9422	
168	169	1	6	2	3	191393	291365344	228347	299431769	0.000978353	0.00080683	0	0.00408214	1311.3	2754.39	4	9422	
168	169	1	7	3	3	204088	286999415	246852	295459064	0.000939842	0.000785836	0	0.00408214	1196.91	2669.19	4	9422	
169	170	1	1	4	3	88002	258633901	122417	271231595	0.00105403	0.00108201	0	0.00408214	2215.64	3499.61	5	9422	
169	170	3	2	1	3	249283	349550307	298547	361876035	0.000926335	0.000740835	0	0.00408214	1212.12	2437.16	4	9422	
169	170	7	3	1	3	331875	446808064	366148	468185604	0.000966672	0.000647595	0	0.00383214	1278.68	2183.53	5	9422	
169	170	2	4	1	3	335069	446747079	356815	460387156	0.000981428	0.000615263	0	0.003	1290.27	2189.34	5	9422	
169	170	2	5	2	3	266636	334887690	334473	350212582	0.000870415	0.000723432	0	0.00458214	1047.06	2333.7	4	9422	
169	170	3	6	2	3	191815	292722639	228843	300792370	0.00097931	0.000807815	0	0.00408214	1314.4	2759.19	4	9422	
169	170	1	7	3	3	204988	288349600	248237	296847115	0.000939395	0.000786321	0	0.00408214	1195.82	2669.26	4	9422	
170	171	1	1	4	3	88145	259981247	122560	272578941	0.0010563	0.00108342	0	0.00408214	2224.04	3506.21	5	9422	
170	171	1	2	7	3	251198	351625114	300566	363965996	0.000926899	0.000740142	0	0.00408214	1210.94	2436.18	4	9422	
170	171	7	3	1	3	333052	449444447	367476	471032550	0.000967523	0.00064815	0	0.00383214	1281.8	2184.83	5	9422	
170	171	2	4	1	3	337360	449397794	359503	463193850	0.000980638	0.000615294	0	0.003	1288.43	2188.17	5	9422	
170	171	2	5	6	3	268278	336766830	337200	352319401	0.00086894	0.000723559	0	0.00458214	1044.84	2331.3	4	9422	
170	171	1	6	2	3	192859	294207624	230314	302315084	0.000978687	0.000808063	0	0.00408214	1312.62	2758.84	4	9422	
170	171	2	7	3	3	207524	290145262	251134	298679308	0.000938942	0.000784306	0	0.00408214	1189.32	2662.9	4	9422	
171	172	1	1	4	3	88287	261274513	122703	273881629	0.00105856	0.00108481	0	0.00408214	2232.07	3512.16	5	9422	
171	172	3	2	1	3	252625	353419007	302609	366052717	0.000925782	0.000740363	0	0.00408214	1209.66	2435.54	4	9422	
171	172	1	3	1	3	334193	452057602	368766	473849098	0.000968344	0.000648676	0	0.00383214	1284.96	2186.5	5	9422	
171	172	2	4	1	3	339826	452034008	362084	465887627	0.000980345	0.000614844	0	0.003	1286.68	2186.59	5	9422	
171	172	1	5	2	3	268922	338364457	338123	354031727	0.000868886	0.000724463	0	0.00458214	1047.05	2334.37	4	9422	
171	172	1	6	2	3	193190	295549729	230677	303653706	0.000979962	0.000809232	0	0.00408214	1316.36	2763.93	4	9422	
171	172	2	7	3	3	210366	292244603	254737	300922115	0.000936934	0.000782244	0	0.00408214	1181.31	2653.26	4	9422	
172	173	1	1	4	3	88430	262605111	122846	275212227	0.00106082	0.0010862	0	0.00408214	2240.3	3518.45	5	9422	
172	173	1	2	1	3	256283	357365706	306369	370058076	0.000926196	0.000737878	0	0.00408214	1207.88	2427.99	4	9422	
172	173	7	3	1	3	335601	454678605	370300	476617966	0.000968966	0.000649045	0	0.00383214	1287.11	2187.83	5	9422	
172	173	2	4	1	3	341809	454669140	364157	468576993	0.000980483	0.000614821	0	0.003	1286.74	2186.6	5	9422	
172	173	1	5	6	3	269214	339821748	338588	355535884	0.000869188	0.000725701	0	0.00458214	1050.05	2338.82	4	9422	
172	173	1	6	2	3	193428	296897160	230914	304996889	0.00098135	0.000810526	0	0.00408214	1320.82	2769.89	4	9422	
172	173	2	7	3	3	211763	293750974	256262	302450670	0.000937623	0.000781912	0	0.00408214	1180.24	2652.75	4	9422	
173	174	1	1	4	3	88573	263942714	123001	276551090	0.00106297	0.00108758	0	0.00408214	2248.36	3524.67	5	9422	
173	174	3	2	1	3	259935	360136970	310146	372861859	0.000926019	0.000735157	0	0.00408214	1202.21	2420.93	4	9422	
173	174	7	3	1	3	337242	457290703	372030	479300763	0.000969273	0.000649138	0	0.00383214	1288.34	2189	5	9422	
173	174	2	4	1	3	343846	457300004	366295	471282013	0.000980518	0.000614736	0	0.003	1286.62	2186.64	5	9422	
173	174	1	5	6	3	270792	341658220	340373	357401737	0.000869676	0.000725513	0	0.00458214	1050.03	2339.31	4	9422	
173	174	3	6	2	3	195214	299266225	233605	307680240	0.000978171	0.000809784	0	0.00408214	1317.1	2762.64	4	9422	
173	174	1	7	3	3	213885	295346544	258541	304059547	0.000938024	0.000780547	0	0.00408214	1176.06	2649.41	4	9422	
174	175	1	1	4	3	88716	265290060	123164	277900536	0.00106505	0.00108894	0	0.00408214	2256.35	3530.91	5	9422	
174	175	1	2	7	3	262640	362109815	312900	374844059	0.00092644	0.000733546	0	0.00408214	1197.97	2418.09	4	9422	
174	175	7	3	1	3	339370	459946086	374208	481981624	0.000969299	0.000648754	0	0.00383214	1288	2189.56	5	9422	
174	175	1	4	1	3	345580	459918189	368142	473999655	0.000980796	0.000614917	0	0.003	1287.55	2187.42	5	9422	
174	175	1	5	6	3	271980	343190965	342141	358985956	0.000869153	0.000725914	0	0.00458214	1049.23	2340.2	4	9422	
174	175	1	6	2	3	195532	300749918	234035	309179350	0.000978927	0.000810961	0	0.00408214	1321.08	2767.55	4	9422	
174	175	1	7	3	3	214109	296672368	258790	305386673	0.000939243	0.000781874	0	0.00408214	1180.06	2655.06	4	9422	
175	176	1	1	4	3	88859	266637406	123351	279252502	0.00106691	0.00109029	0	0.00408214	2263.89	3536.88	5	9422	
175	176	3	2	1	3	265057	364317283	315411	377071676	0.000926657	0.000732307	0	0.00408214	1195.49	2416.08	4	9422	
175	176	1	3	1	3	342150	462370130	377038	484434504	0.000969244	0.000647889	0	0.00383214	1284.84	2188.14	5	9422	
175	176	2	4	1	3	347165	462540187	369765	476659899	0.000980889	0.000615098	0	0.003	1289.09	2188.83	5	9422	
175	176	2	5	2	3	273630	345401799	343909	361208135	0.000869802	0.000725684	0	0.00458214	1050.3	2341.23	4	9422	
175	176	3	6	2	3	197696	303095453	237192	311861401	0.000975365	0.000809711	0	0.00408214	1314.81	2758.57	4	9422	
175	176	1	7	3	3	214358	298015467	259022	306728869	0.000940521	0.000783291	0	0.00408214	1184.18	2660.9	4	9422	
176	177	1	1	4	3	89002	267984751	123559	280597355	0.00106856	0.00109162	0	0.00408214	2270.96	3542.57	5	9422	
176	177	1	2	7	3	267167	365938195	317636	378704390	0.000926982	0.000731389	0	0.00408214	1192.26	2415.25	4	9422	
176	177	7	3	1	3	345761	465031942	380741	487112175	0.000968872	0.000646408	0	0.00383214	1279.38	2184.56	5	9422	
176	177	1	4	5	3	349365	465189947	372130	479404568	0.00098085	0.000614936	0	0.003	1288.27	2188.07	5	9422	
176	177	2	5	2	3	276829	347714300	347284	363567423	0.000870365	0.000723902	0	0.00458214	1046.89	2337.28	4	9422	
176	177	3	6	2	3	200164	305369043	240329	314213481	0.000973071	0.000807841	0	0.00408214	1307.43	2750	4	9422	
176	177	1	7	3	3	215918	299888916	261241	308693713	0.000938995	0.000782994	0	0.00408214	1181.64	2657.84	4	9422	
177	178	1	1	4	3	89145	269332097	123746	281949321	0.00107042	0.00109295	0	0.00408214	2278.45	3548.45	5	9422	
177	178	1	2	7	3	267799	367315892	318277	380082594	0.000927933	0.000732227	0	0.00408214	1194.19	2419.14	4	9422	
177	178	7	3	1	3	348165	467855882	383577	490098290	0.000968065	0.000646366	0	0.00383214	1277.71	2182.51	5	9422	
177	178	2	4	1	3	351858	467805899	374830	482138876	0.000980871	0.000614622	0	0.003	1286.29	2186.4	5	9422	
177	178	2	5	2	3	280098	350073993	351116	366088343	0.000870291	0.000722227	0	0.00458214	1042.64	2331.87	4	9422	
177	178	1	6	2	3	200610	306718273	240806	315566094	0.000974111	0.000808833	0	0.00408214	1310.46	2754.02	4	9422	
177	178	1	7	3	3	218327	301995007	264446	310993915	0.000936629	0.000781548	0	0.00408214	1176.02	2650.34	4	9422	
178	179	1	1	4	3	89287	270656638	123957	283290424	0.00107205	0.00109428	0	0.00408214	2285.39	3553.9	5	9422	
178	179	3	2	1	3	268568	368780004	319190	381563535	0.00092842	0.000732974	0	0.00408214	1195.41	2422.47	4	9422	
178	179	1	3	1	3	351083	470486864	386576	492757469	0.000967999	0.000645527	0	0.00383214	1274.67	2180.65	5	9422	
178	179	2	4	1	3	354171	470443880	377285	484863414	0.000980892	0.000614374	0	0.003	1285.14	2185.72	5	9422	
178	179	2	5	2	3	283692	353069932	354970	369151944	0.000870782	0.000720224	0	0.00458214	1039.95	2326.01	4	9422	
178	179	1	6	2	3	200847	308036524	241023	316872432	0.000975271	0.000810164	0	0.00408214	1314.7	2759.49	4	9422	
178	179	1	7	3	3	219796	303430790	266049	312435667	0.000937096	0.000781064	0	0.00408214	1174.35	2650.51	4	9422	
179	180	1	1	4	3	89430	271963527	124151	284602668	0.00107383	0.00109559	0	0.00408214	2292.39	3559.1	5	9422	
179	180	1	2	1	3	271017	372599627	321716	385419842	0.000929015	0.000731865	0	0.00408214	1198.01	2419.86	4	9422	
179	180	7	3	1	3	352938	473128721	388494	495453895	0.000968348	0.00064547	0	0.00383214	1275.32	2180.96	5	9422	
179	180	2	4	1	3	356889	473073977	380234	487591754	0.000980624	0.000613951	0	0.003	1282.35	2183.82	5	9422	
179	180	1	5	6	3	286692	355061365	358416	371211025	0.000870566	0.000718782	0	0.00458214	1035.7	2321.73	4	9422	
179	180	3	6	2	3	201800	310194891	242428	319159003	0.00097432	0.000810509	0	0.00408214	1316.51	2759.43	4	9422	
179	180	1	7	3	3	222397	305122911	269145	314189491	0.000936073	0.000779185	0	0.00408214	1167.36	2643.8	4	9422	
180	181	1	1	4	3	89573	273265487	124335	285908933	0.0010757	0.0010969	0	0.00408214	2299.5	3564.3	5	9422	
180	181	3	2	1	3	273168	375806495	325227	389483579	0.000926022	0.000731757	0	0.00408214	1197.57	2413.64	4	9422	
180	181	7	3	1	3	354344	475742627	389995	498177013	0.000968838	0.000645727	0	0.00383214	1277.39	2182.2	5	9422	
180	181	2	4	1	3	358682	475667080	382137	490270248	0.000980794	0.00061408	0	0.003	1282.97	2184.36	5	9422	
180	181	1	5	6	3	288838	357283490	360826	373473724	0.00087099	0.0007182	0	0.00458214	1035.05	2320.53	4	9422	
180	181	3	6	2	3	203925	311909653	244808	320910317	0.00097398	0.000808795	0	0.00408214	1310.87	2754.61	4	9422	
180	181	1	7	3	3	222578	306423112	269453	315496350	0.000936757	0.000780474	0	0.00408214	1170.88	2648.81	4	9422	
181	182	1	1	4	3	89716	274556705	124500	287202461	0.00107772	0.0010982	0	0.00408214	2306.85	3569.54	5	9422	
181	182	3	2	1	3	274304	378471598	326454	392168556	0.000926457	0.000731949	0	0.00408214	1201.3	2415.41	4	9422	
181	182	7	3	1	3	355906	478373638	391695	500974017	0.000969402	0.000646011	0	0.00383214	1278.99	2182.71	5	9422	
181	182	1	4	1	3	360213	478341870	383835	493084316	0.000981272	0.000614522	0	0.003	1284.63	2185.51	5	9422	
181	182	1	5	6	3	288981	358580560	361024	374764531	0.000871693	0.000719325	0	0.00458214	1038.06	2325.47	4	9422	
181	182	1	6	2	3	205806	313521444	246746	322528639	0.00097443	0.000807482	0	0.00408214	1307.13	2751.95	4	9422	
181	182	2	7	3	3	223612	307890225	270594	316971535	0.000937471	0.00078068	0	0.00408214	1171.39	2650.44	4	9422	
182	183	1	1	4	3	89859	275900378	124655	288547394	0.00107982	0.0010995	0	0.00408214	2314.77	3575.46	5	9422	
182	183	3	2	7	3	276524	381307475	329160	395201095	0.000926048	0.000731448	0	0.00408214	1200.64	2411.77	4	9422	
182	183	1	3	1	3	356250	479912677	392055	502533214	0.000970157	0.000647179	0	0.00383214	1281.79	2187.24	5	9422	
182	183	2	4	1	3	362500	480973689	386313	495810993	0.000981306	0.000614376	0	0.003	1283.44	2184.44	5	9422	
182	183	1	5	6	3	290451	360179039	362770	376391223	0.000872033	0.000719343	0	0.00458214	1037.55	2326.44	4	9422	
182	183	3	6	2	3	206526	314947712	247472	323954363	0.000975422	0.000807984	0	0.00408214	1309.05	2755.41	4	9422	
182	183	2	7	3	3	226047	309595842	273204	318693762	0.000937873	0.000779064	0	0.00408214	1166.5	2646	4	9422	
183	184	1	1	4	3	90002	277220172	124841	289863936	0.00108162	0.00110077	0	0.00408214	2321.86	3580.73	5	9422	
183	184	1	2	7	3	276893	382653397	330104	396592261	0.000925332	0.000732716	0	0.00408214	1201.42	2414.82	4	9422	
183	184	7	3	1	3	358931	483637055	394862	506280690	0.000969847	0.000646453	0	0.00383214	1282.17	2185.94	5	9422	
183	184	2	4	5	3	364632	483580776	388592	498503768	0.000981397	0.000614233	0	0.003	1282.85	2183.87	5	9422	
183	184	2	5	2	3	291427	361580186	364062	377822109	0.000872162	0.000719847	0	0.00458214	1037.8	2328.88	4	9422	
183	184	1	6	2	3	206685	316299210	247798	325317725	0.000975949	0.000809309	0	0.00408214	1312.83	2760.68	4	9422	
183	184	1	7	3	3	228702	311439345	276319	320583117	0.000937042	0.000777332	0	0.00408214	1160.19	2639.36	4	9422	
184	185	1	1	4	3	90145	278559526	125008	291204260	0.00108361	0.00110204	0	0.00408214	2329.48	3586.39	5	9422	
184	185	3	2	1	3	278026	384543157	331825	398609441	0.000924731	0.000733317	0	0.00408214	1201.26	2415.26	4	9422	
184	185	7	3	1	3	361562	486276230	397533	508931864	0.000969953	0.000645842	0	0.00383214	1280.23	2184.82	5	9422	
184	185	2	4	1	3	366921	486222720	390997	501234612	0.000981429	0.000613993	0	0.003	1281.94	2183.25	5	9422	
184	185	2	5	2	3	293850	363619217	367019	380020291	0.000871988	0.000719175	0	0.00458214	1035.42	2325.87	4	9422	
184	185	1	6	2	3	206828	317646555	247996	326667325	0.0009769	0.000810575	0	0.00408214	1317.23	2766.51	4	9422	
184	185	1	7	3	3	230556	313216838	278291	322367974	0.000937313	0.000776403	0	0.00408214	1158.38	2637.53	4	9422	
185	186	1	1	4	3	90287	279856452	125151	292510608	0.0010858	0.00110332	0	0.00408214	2337.26	3591.81	5	9422	
185	186	3	2	1	3	281198	387215335	335127	401297627	0.000924935	0.000731463	0	0.00408214	1197.45	2410.78	4	9422	
185	186	1	3	1	3	363558	488695520	399600	511373854	0.000970091	0.000645718	0	0.00383214	1279.71	2184.55	5	9422	
185	186	2	4	1	3	370015	488670247	394533	503789354	0.000980362	0.000613433	0	0.003	1276.93	2180.22	5	9422	
185	186	2	5	2	3	296264	366599823	370716	383706647	0.000869916	0.000718714	0	0.00458214	1035.04	2320.61	4	9422	
185	186	3	6	2	3	207054	318946265	248275	327960197	0.000977841	0.000811706	0	0.00408214	1320.96	2771.38	4	9422	
185	186	1	7	3	3	230777	314553214	278447	323701475	0.000938358	0.000777623	0	0.00408214	1162.52	2643.31	4	9422	
186	187	1	1	4	3	90430	281203798	125315	293860159	0.0010878	0.00110458	0	0.00408214	2344.97	3597.53	5	9422	
186	187	1	2	1	3	283079	389509662	337691	403664251	0.00092377	0.000731181	0	0.00408214	1195.37	2408.86	4	9422	
186	187	7	3	1	3	366287	491508724	402465	514214600	0.000970038	0.000645147	0	0.00383214	1277.66	2183.07	5	9422	
186	187	2	4	1	3	373670	491199150	398381	506372569	0.00097955	0.000612229	0	0.003	1271.08	2176.54	5	9422	
186	187	2	5	2	3	299883	369632870	374574	386826470	0.000869999	0.000716632	0	0.00458214	1032.71	2314.75	4	9422	
186	187	3	6	2	3	209779	321399339	251591	330564680	0.000975963	0.000809362	0	0.00408214	1313.9	2761.22	4	9422	
186	187	1	7	3	3	230924	315868216	278684	325028391	0.000939136	0.000778889	0	0.00408214	1166.3	2648.69	4	9422	
187	188	1	1	4	3	90573	282532392	125465	295189488	0.00108992	0.00110583	0	0.00408214	2352.76	3603.12	5	9422	
187	188	1	2	7	3	286436	392732717	341279	406954641	0.00092374	0.000729202	0	0.00408214	1192.44	2403.38	4	9422	
187	188	7	3	1	3	367686	494110997	404402	517029499	0.000969314	0.000645905	0	0.00383214	1278.5	2183.82	5	9422	
187	188	2	4	1	3	375645	494123908	400475	509406218	0.000979698	0.000612281	0	0.003	1272.01	2176.57	5	9422	
187	188	1	5	6	3	301166	371691335	376169	388959282	0.000870109	0.000716892	0	0.00458214	1034	2315.84	4	9422	
187	188	1	6	2	3	212238	323672204	254361	332974887	0.000974831	0.000807316	0	0.00408214	1309.06	2754.54	4	9422	
187	188	2	7	3	3	231774	317332156	279784	326511447	0.000939341	0.000779396	0	0.00408214	1167.01	2650.26	4	9422	
188	189	1	1	4	3	90716	283837106	125608	296494202	0.00109209	0.00110708	0	0.00408214	2360.47	3608.43	5	9422	
188	189	3	2	1	3	289557	397665251	344896	412218800	0.00092338	0.000727954	0	0.00408214	1195.2	2396.59	4	9422	
188	189	1	3	1	3	369290	496681096	406118	519731571	0.000969768	0.000646002	0	0.00383214	1279.76	2184.96	5	9422	
188	189	1	4	5	3	375925	495460628	400698	510738277	0.000980459	0.000613379	0	0.00408214	1274.62	2181.11	5	9422	
188	189	1	5	6	3	301409	373044170	376311	390293112	0.000870913	0.00071795	0	0.00458214	1037.16	2321.09	4	9422	
188	189	3	6	2	3	212470	324996825	254514	334295576	0.000975969	0.000808523	0	0.00408214	1313.47	2760.16	4	9422	
188	189	2	7	3	3	232686	319213055	280681	328389206	0.00094013	0.000779783	0	0.00408214	1169.97	2652.6	4	9422	
189	190	1	1	4	3	90859	285144991	125760	297803032	0.00109418	0.00110831	0	0.00408214	2368.03	3613.68	5	9422	
189	190	1	2	7	3	291589	399987668	347697	414955992	0.000922161	0.00072782	0	0.00408214	1193.44	2393.7	4	9422	
189	190	7	3	1	3	371415	498475769	408326	521535443	0.000969931	0.00064577	0	0.00383214	1277.25	2185.26	5	9422	
189	190	2	4	1	3	378349	498976380	403284	514267318	0.000980421	0.0006133	0	0.00408214	1275.2	2180.39	5	9422	
189	190	1	5	6	3	301631	374367380	376487	391612836	0.000871669	0.000719013	0	0.00458214	1040.18	2326.09	4	9422	
189	190	1	6	2	3	212643	326281309	254785	335586027	0.000976816	0.000809841	0	0.00408214	1317.13	2764.9	4	9422	
189	190	1	7	3	3	232979	320706491	280984	329879790	0.000941126	0.00078097	0	0.00408214	1174.02	2657.43	4	9422	
190	191	1	1	4	3	91002	286480989	125958	299136201	0.00109585	0.00110953	0	0.00408214	2374.89	3618.78	5	9422	
190	191	3	2	1	3	293943	402113900	350460	417165421	0.000921843	0.000726967	0	0.00408214	1190.34	2390.92	4	9422	
190	191	7	3	1	3	373746	502025520	410774	525176191	0.000969863	0.000645359	0	0.00383214	1278.5	2184.48	5	9422	
190	191	2	4	1	3	380197	502013736	405311	517478233	0.000980316	0.000613416	0	0.00408214	1276.74	2180.59	5	9422	
190	191	1	5	6	3	302245	375768063	377963	393132572	0.000870646	0.000720091	0	0.00458214	1040.14	2327.51	4	9422	
190	191	3	6	2	3	213806	328039248	256440	337393848	0.000975689	0.000809849	0	0.00408214	1315.68	2763.88	4	9422	
190	191	1	7	3	3	233259	322146453	281381	331408621	0.000941541	0.000782241	0	0.00408214	1177.79	2661.98	4	9422	
191	192	1	1	4	3	91145	287783103	126154	300443167	0.00109754	0.00111074	0	0.00408214	2381.56	3623.45	5	9422	
191	192	3	2	1	3	295984	406019556	352897	421271503	0.000921287	0.000726467	0	0.00408214	1193.75	2389.35	4	9422	
191	192	7	3	1	3	375677	504688163	412757	527873760	0.000969975	0.000645283	0	0.00383214	1278.9	2184.97	5	9422	
191	192	2	4	1	3	381942	504640593	407167	520211997	0.000980746	0.000613628	0	0.00408214	1277.64	2181.04	5	9422	
191	192	1	5	6	3	303035	377922841	378823	395321890	0.000871409	0.000720683	0	0.00458214	1043.55	2330.54	4	9422	
191	192	1	6	2	3	216554	330134515	259247	339497924	0.000975474	0.000807252	0	0.00408214	1309.55	2757.5	4	9422	
191	192	1	7	3	3	233546	323479243	281691	332734100	0.000942501	0.000783355	0	0.00408214	1181.2	2666.85	4	9422	
192	193	1	1	4	3	91287	289052292	126328	301725033	0.00109943	0.00111195	0	0.00408214	2388.43	3628.04	5	9422	
192	193	3	2	1	3	299610	409600645	356738	424920274	0.000920907	0.000724241	0	0.00408214	1191.13	2383.4	4	9422	
192	193	1	3	1	3	377479	507313499	414647	530573282	0.000970296	0.000645333	0	0.00383214	1279.58	2185.2	5	9422	
192	193	2	4	1	3	384265	507269794	409633	522895666	0.00098067	0.000613461	0	0.00408214	1276.5	2180.83	5	9422	
192	193	2	5	2	3	304383	379614301	380980	397224756	0.00087034	0.000720986	0	0.00458214	1042.64	2330.13	4	9422	
192	193	1	6	2	3	218982	332613631	261992	342018656	0.000974676	0.000805229	0	0.00408214	1305.45	2751.22	4	9422	
192	193	1	7	3	3	234044	324751682	282329	334009463	0.000943076	0.000784241	0	0.00408214	1183.05	2669.85	4	9422	
193	194	1	1	4	3	91430	290399638	126491	303074479	0.0011014	0.00111315	0	0.00408214	2396.02	3633.52	5	9422	
193	194	1	2	7	3	300463	411071816	357800	426410886	0.000921478	0.000724899	0	0.00408214	1191.76	2385.76	4	9422	
193	194	7	3	1	3	379237	509940949	416502	533294866	0.000970755	0.000645343	0	0.00383214	1280.41	2185.41	5	9422	
193	194	2	4	1	3	386562	509911766	412095	525645463	0.000980765	0.000613261	0	0.00408214	1275.54	2180.22	5	9422	
193	194	2	5	2	3	307894	381820277	384667	399459209	0.000870673	0.000719112	0	0.00458214	1038.45	2325.58	4	9422	
193	194	3	6	2	3	220075	334445243	263255	343885617	0.00097504	0.000805218	0	0.00408214	1306.28	2751.78	4	9422	
193	194	1	7	3	3	235289	326467538	283717	335741988	0.000943126	0.000784118	0	0.00408214	1183.37	2670.31	4	9422	
194	195	1	1	4	3	91573	291733633	126700	304415404	0.00110297	0.00111435	0	0.00408214	2402.65	3638.38	5	9422	
194	195	3	2	1	3	301499	412811423	359474	428248939	0.000921098	0.000725755	0	0.00408214	1191.32	2386.3	4	9422	
194	195	7	3	1	3	380394	512566333	417782	536084344	0.000971378	0.000645779	0	0.00383214	1283.17	2187.26	5	9422	
194	195	2	4	1	3	388455	512537008	414114	528368667	0.000981005	0.000613328	0	0.00408214	1275.9	2180.33	5	9422	
194	195	1	5	6	3	309399	384037240	386260	401675737	0.000871324	0.000719088	0	0.00458214	1039.91	2327.15	4	9422	
194	195	1	6	2	3	221757	336645158	265027	346126116	0.000975406	0.000804295	0	0.00408214	1306	2749.71	4	9422	
194	195	1	7	3	3	235536	327821300	283860	337089334	0.000944163	0.000785278	0	0.00408214	1187.52	2676.03	4	9422	
195	196	1	1	4	3	91716	293053512	126916	305742948	0.00110448	0.00111553	0	0.00408214	2409.02	3643	5	9422	
195	196	3	2	1	3	302365	414819432	361738	430747164	0.000918683	0.000727119	0	0.00408214	1190.77	2384.83	4	9422	
195	196	7	3	1	3	382876	515109338	420823	538786067	0.000970276	0.000645761	0	0.00383214	1280.32	2185.24	5	9422	
195	196	1	4	1	3	389842	515172932	415601	531121575	0.000981405	0.000613701	0	0.00408214	1277.96	2181.29	5	9422	
195	196	1	5	6	3	309551	385385376	386458	403018034	0.000872038	0.000720187	0	0.00458214	1042.85	2332.12	4	9422	
195	196	1	6	2	3	222257	338277510	265839	347832102	0.00097544	0.000805148	0	0.00408214	1308.43	2751.88	4	9422	
195	196	1	7	3	3	235756	329106151	284034	338371433	0.000945215	0.000786503	0	0.00408214	1191.31	2681	4	9422	
196	197	1	1	1	3	91859	294352255	127087	307044631	0.00110636	0.00111671	0	0.00408214	2416.02	3647.73	5	9422	
196	197	3	2	7	3	302994	416288625	364868	433042507	0.000913445	0.000729108	0	0.00408214	1186.85	2381.17	4	9422	
196	197	7	3	1	3	384552	517827798	423161	541984086	0.0009693	0.00064645	0	0.00383214	1280.8	2183.97	5	9422	
196	197	2	4	1	3	391396	517803850	417236	533834395	0.000981673	0.000613954	0	0.00408214	1279.45	2182.3	5	9422	
196	197	1	5	6	3	310113	387334976	387356	404993073	0.000872042	0.000721001	0	0.00458214	1045.53	2335.36	4	9422	
196	197	3	6	2	3	223964	340111953	268838	350111774	0.00097191	0.000804869	0	0.00408214	1302.32	2744.62	4	9422	
196	197	1	7	3	3	236211	330543842	284785	339830974	0.000945277	0.00078748	0	0.00408214	1193.29	2684.26	4	9422	
197	198	1	1	4	3	92002	295645108	127254	308330687	0.00110826	0.00111787	0	0.00408214	2422.95	3652.36	5	9422	
197	198	3	2	1	3	304712	418157205	367904	435090008	0.00091109	0.000729362	0	0.00408214	1182.62	2378.4	4	9422	
197	198	7	3	1	3	386076	520460078	424783	544720466	0.000969767	0.000646655	0	0.00383214	1282.35	2184.93	5	9422	
197	198	2	4	5	3	392993	520422315	418936	536530200	0.000981954	0.000614194	0	0.00408214	1280.7	2183.07	5	9422	
197	198	1	5	6	3	310502	388716446	387883	406401351	0.00087251	0.000721958	0	0.00458214	1047.74	2339.47	4	9422	
197	198	3	6	2	3	225321	342088538	272060	352700482	0.000966505	0.000805474	0	0.00408214	1296.41	2736.18	4	9422	
197	198	1	7	3	3	236418	331965966	285223	341279645	0.000945514	0.000788695	0	0.00408214	1196.54	2688.56	4	9422	
198	199	1	1	4	3	92145	296955561	127405	309641980	0.00111031	0.00111904	0	0.00408214	2430.38	3657.34	5	9422	
198	199	3	2	1	3	306246	419714453	369713	436676524	0.000911165	0.000729325	0	0.00408214	1181.12	2378.59	4	9422	
198	199	7	3	1	3	387536	523063679	426385	547467193	0.000970257	0.000647002	0	0.00383214	1283.97	2185.53	5	9422	
198	199	2	4	1	3	394536	523041049	420597	539280101	0.000982336	0.000614536	0	0.00408214	1282.18	2183.7	5	9422	
198	199	1	5	6	3	310861	390036475	388269	407722655	0.00087331	0.000722933	0	0.00458214	1050.1	2343.58	4	9422	
198	199	1	6	2	3	225673	343523526	273199	354321217	0.000964896	0.000806911	0	0.00408214	1296.93	2737.41	4	9422	
198	199	1	7	3	3	236666	333256019	285369	342552593	0.000946564	0.000789864	0	0.00433214	1200.38	2693.56	4	9422	
199	200	1	1	4	3	92287	298260710	127556	310957391	0.00111236	0.0011202	0	0.00408214	2437.81	3662.31	5	9422	
199	200	3	2	1	3	307976	421596798	371548	438582490	0.000911618	0.00072903	0	0.00408214	1180.42	2378.54	4	9422	
199	200	1	3	1	3	389154	525706604	428197	550283084	0.000970907	0.000647358	0	0.00383214	1285.12	2186.12	5	9422	
199	200	2	4	1	3	395898	525685827	422070	542047274	0.000982698	0.000614922	0	0.00408214	1284.26	2185.07	5	9422	
199	200	1	5	6	3	311102	391378202	388429	409057664	0.000874167	0.000724065	0	0.00458214	1053.11	2348.5	4	9422	
199	200	3	6	2	3	227097	345103568	275561	356008960	0.000962891	0.000806934	0	0.00408214	1291.94	2733.19	4	9422	
199	200	1	7	3	3	236827	334541132	285546	343839147	0.000947519	0.000791035	0	0.00433214	1204.15	2698.47	4	9422	
200	201	1	1	4	3	92430	299601983	127699	312298664	0.00111448	0.00112135	0	0.00408214	2445.58	3667.63	5	9422	
200	201	1	2	7	3	310062	423568375	373633	440551550	0.00091201	0.000728263	0	0.00408214	1179.1	2378.37	4	9422	
200	201	7	3	1	3	391171	528324976	430284	552932981	0.000971106	0.000647235	0	0.00383214	1285.04	2186.26	5	9422	
200	201	2	4	1	3	398480	528302322	424859	544733657	0.000982403	0.000614577	0	0.00408214	1282.15	2183.6	5	9422	
200	201	1	5	6	3	313177	394152664	391101	412059679	0.000873489	0.000723678	0	0.00458214	1053.59	2345.88	4	9422	
200	201	1	6	2	3	229376	347825818	278782	358912568	0.000960012	0.000805726	0	0.00408214	1287.43	2725.01	4	9422	
200	201	1	7	3	3	237343	336020049	286075	345347997	0.000948248	0.000791803	0	0.00433214	1207.19	2702.38	4	9422	
201	202	1	1	4	3	92573	300913489	127842	313610170	0.00111659	0.00112249	0	0.00408214	2453.11	3672.6	5	9422	
201	202	3	2	7	3	312244	427434660	376215	444668777	0.000911823	0.000727794	0	0.00408214	1181.95	2375.6	4	9422	
201	202	7	3	1	3	393484	530944332	432693	555591236	0.000971323	0.000646972	0	0.00383214	1284.03	2186.02	5	9422	
201	202	2	4	1	3	400241	530947834	426681	547427830	0.000982475	0.000614669	0	0.00408214	1282.99	2184.07	5	9422	
201	202	1	5	6	3	314552	396496421	392548	414416684	0.000874153	0.000723726	0	0.00458214	1055.71	2347.54	4	9422	
201	202	1	6	2	3	229879	349206647	279398	360316736	0.000960704	0.000806483	0	0.00408214	1289.62	2728.31	4	9422	
201	202	1	7	3	3	237491	337325388	286423	346668362	0.000948637	0.000793081	0	0.00433214	1210.34	2706.78	4	9422	
202	203	1	1	4	3	92716	302241813	127993	314939334	0.00111862	0.00112363	0	0.00408214	2460.6	3677.63	5	9422	
202	203	3	2	1	3	315551	431078710	380061	448627456	0.000911002	0.000726303	0	0.00408214	1180.41	2370.27	4	9422	
202	203	7	3	1	3	394805	533603973	434133	558415378	0.00097181	0.00064727	0	0.00383214	1286.28	2187.39	5	9422	
202	203	1	4	1	3	401774	533574114	428299	550144433	0.000982713	0.000614929	0	0.00408214	1284.49	2184.89	5	9422	
202	203	1	5	6	3	314751	397806881	392735	415717048	0.00087489	0.000724769	0	0.00458214	1058.52	2352.09	4	9422	
202	203	1	6	2	3	230328	350550175	279894	361662543	0.000961613	0.000807324	0	0.00408214	1292.14	2732.1	4	9422	
202	203	1	7	3	3	237634	338656237	287102	348041349	0.000947887	0.000794522	0	0.00433214	1212.26	2710.07	4	9422	
203	204	1	1	4	3	92859	303487321	128136	316184842	0.00112072	0.00112476	0	0.00408214	2467.57	3681.79	5	9422	
203	204	1	2	7	3	319181	435884185	383798	453480220	0.000911264	0.000724307	0	0.00408214	1181.56	2364.88	4	9422	
203	204	7	3	1	3	395966	536231756	435456	561270902	0.00097252	0.000647737	0	0.00383214	1288.93	2188.59	5	9422	
203	204	2	4	1	3	403855	536201748	430575	552891399	0.00098292	0.000614894	0	0.00408214	1284.08	2184.17	5	9422	
203	204	2	5	2	3	315383	399489573	394280	417678945	0.000873693	0.000725838	0	0.00458214	1059.35	2352.79	4	9422	
203	204	3	6	2	3	230872	352128188	280504	363261653	0.000962504	0.000807981	0	0.00408214	1295.03	2734.94	4	9422	
203	204	1	7	3	3	237777	339998313	287312	349387492	0.000948688	0.000795681	0	0.00433214	1216.06	2715.27	4	9422	
204	205	1	1	4	3	93002	304765888	128300	317456297	0.00112261	0.00112587	0	0.00408214	2474.33	3686.09	5	9422	
204	205	1	2	7	3	320562	437999117	385880	455891969	0.000910324	0.000724672	0	0.00408214	1181.43	2363.84	4	9422	
204	205	7	3	1	3	397524	538823312	437133	563993855	0.000973067	0.000647976	0	0.00383214	1290.21	2189.59	5	9422	
204	205	2	4	5	3	405817	538833268	432663	555592911	0.000982956	0.000614881	0	0.00408214	1284.12	2184.34	5	9422	
204	205	2	5	2	3	317015	401544742	396442	419821452	0.000873504	0.000725846	0	0.00458214	1058.97	2352.31	4	9422	
204	205	1	6	2	3	232457	354091659	282559	365353222	0.000961465	0.000807442	0	0.00408214	1293.02	2731.92	4	9422	
204	205	1	7	3	3	238368	341417146	288202	350906877	0.000948551	0.000796383	0	0.00433214	1217.57	2717.24	4	9422	
205	206	1	1	4	3	93145	306113234	128505	318810153	0.00112416	0.00112698	0	0.00408214	2480.92	3690.8	5	9422	
205	206	3	2	1	3	321651	440200866	387268	458153557	0.000910394	0.000725027	0	0.00408214	1183.04	2365.25	4	9422	
205	206	7	3	1	3	400015	541471970	439744	566679398	0.000973151	0.000647602	0	0.00383214	1288.66	2189.03	5	9422	
205	206	2	4	1	3	407724	541450887	434709	558322030	0.00098314	0.000614927	0	0.00408214	1284.36	2184.57	5	9422	
205	206	1	5	6	3	319158	403977580	398821	422308264	0.000873752	0.000725211	0	0.00458214	1058.89	2351.21	4	9422	
205	206	1	6	2	3	234795	356470715	284936	367736193	0.00096161	0.000805662	0	0.00408214	1290.59	2727.75	4	9422	
205	206	1	7	3	3	239953	342856796	289906	352346080	0.000949068	0.000795716	0	0.00433214	1215.38	2716	4	9422	
206	207	1	1	4	3	93287	307443183	128704	320155404	0.00112575	0.00112809	0	0.00408214	2487.53	3695.42	5	9422	
206	207	1	2	7	3	321874	441485825	387512	459439285	0.00091119	0.000726036	0	0.00408214	1185.61	2369.36	4	9422	
206	207	1	3	1	3	401579	544111574	441434	569444590	0.000973652	0.000647813	0	0.00383214	1289.99	2189.89	5	9422	
206	207	2	4	1	3	409547	543932920	436954	561007176	0.00098251	0.000615324	0	0.00408214	1283.9	2184.09	5	9422	
206	207	2	5	2	3	321284	406203748	401204	424574390	0.000874065	0.000724641	0	0.00458214	1058.25	2350.08	4	9422	
206	207	3	6	2	3	237682	358800432	288286	370152719	0.000960635	0.000803571	0	0.00408214	1283.98	2719.25	4	9422	
206	207	1	7	3	3	240479	344380709	290541	353896124	0.000949719	0.00079641	0	0.00433214	1218.06	2719.14	4	9422	
207	208	1	1	4	3	93430	308763779	128847	321476000	0.00112783	0.00112919	0	0.00408214	2495.02	3700.28	5	9422	
207	208	1	2	7	3	322119	442767655	387669	460716715	0.00091199	0.000727036	0	0.00408214	1188.43	2373.65	4	9422	
207	208	7	3	1	3	403035	546749091	442999	572201644	0.000974082	0.00064803	0	0.00383214	1291.65	2190.76	5	9422	
207	208	2	4	1	3	411928	546712980	439569	563922531	0.000982566	0.000615111	0	0.00408214	1282.9	2182.79	5	9422	
207	208	2	5	2	3	324059	408767251	404460	427222342	0.00087409	0.000723727	0	0.00458214	1056.28	2346.35	4	9422	
207	208	3	6	2	3	241475	362547601	292116	373915739	0.000960605	0.000800078	0	0.00408214	1280.02	2707.76	4	9422	
207	208	1	7	3	3	240932	345891110	291084	355420947	0.00095027	0.000797166	0	0.00433214	1221.03	2722.25	4	9422	
208	209	1	1	4	3	93573	310067864	129041	322785440	0.00112946	0.00113028	0	0.00408214	2501.42	3704.48	5	9422	
208	209	1	2	7	3	322610	444403920	388101	462357656	0.00091275	0.000727843	0	0.00408214	1191.33	2377.47	4	9422	
208	209	7	3	1	3	404835	549372331	444833	574850597	0.000974175	0.00064795	0	0.00383214	1292.28	2191.15	5	9422	
208	209	2	4	1	3	414536	549358759	442418	566667520	0.000982419	0.000614755	0	0.00408214	1280.84	2181.42	5	9422	
208	209	1	5	2	3	327226	410865677	408155	429404820	0.000873771	0.000722371	0	0.00458214	1052.06	2341.44	4	9422	
208	209	3	6	2	3	244070	365022201	294851	376429875	0.000960538	0.000798182	0	0.00408214	1276.68	2702.31	4	9422	
208	209	2	7	3	3	243212	347368338	293653	356916786	0.00094974	0.000795609	0	0.00433214	1215.44	2717.78	4	9422	
209	210	1	1	4	3	93716	311364996	129228	324087192	0.00113114	0.00113136	0	0.00408214	2507.87	3708.65	5	9422	
209	210	1	2	7	3	322826	445703718	388274	463653590	0.000913579	0.000728937	0	0.00408214	1194.14	2381.81	4	9422	
209	210	7	3	1	3	406898	552002726	446976	577542115	0.000974339	0.000647825	0	0.00383214	1292.11	2190.96	5	9422	
209	210	1	4	1	3	417091	551782274	445180	569166556	0.000982243	0.000614461	0	0.00408214	1278.51	2180.22	5	9422	
209	210	2	5	2	3	330303	413122758	411705	431735068	0.000873568	0.000721073	0	0.00458214	1048.65	2337.39	4	9422	
209	210	1	6	2	3	245317	366885840	296086	378290224	0.000961265	0.000798071	0	0.00408214	1277.64	2702.6	4	9422	
209	210	1	7	3	3	244816	348829576	295335	358385913	0.000950134	0.0007949	0	0.00433214	1213.49	2716.68	4	9422	
210	211	1	1	4	3	93859	312646863	129399	325371999	0.00113297	0.00113244	0	0.00408214	2514.49	3712.71	5	9422	
210	211	1	2	7	3	322968	446983736	388743	464971975	0.00091358	0.000730075	0	0.00408214	1196.09	2385.39	4	9422	
210	211	7	3	1	3	408295	554630550	448500	580309776	0.000974852	0.000648114	0	0.00383214	1293.89	2191.75	5	9422	
210	211	2	4	1	3	419946	554409331	448540	571892967	0.000981333	0.000614224	0	0.00408214	1275.01	2177.84	5	9422	
210	211	2	5	2	3	332728	415940273	415203	434940047	0.000872445	0.000720554	0	0.00458214	1047.54	2333.22	4	9422	
210	211	1	6	2	3	246057	368316889	297025	379750347	0.000961487	0.000798571	0	0.00408214	1278.51	2704.4	4	9422	
210	211	1	7	3	3	245491	350204947	296122	359766107	0.000950736	0.000795386	0	0.00433214	1214.93	2719.34	4	9422	
211	212	1	1	4	3	94002	313945689	129558	326663188	0.00113486	0.00113351	0	0.00408214	2521.37	3717.06	5	9422	
211	212	3	2	1	3	326012	449844857	392077	467876151	0.000913225	0.000728603	0	0.00408214	1193.33	2381.52	4	9422	
211	212	7	3	1	3	409819	557245062	450102	583003223	0.000975148	0.000648248	0	0.00383214	1295.27	2192.52	5	9422	
211	212	2	4	1	3	422899	557256488	451696	574805472	0.000980851	0.000613616	0	0.00408214	1272.55	2176.02	5	9422	
211	212	2	5	2	3	335293	418755627	418700	438203123	0.000871251	0.000719893	0	0.00458214	1046.58	2329.1	4	9422	
211	212	3	6	2	3	247483	369750879	298525	381189755	0.000961923	0.000798069	0	0.00408214	1276.91	2704.2	4	9422	
211	212	1	7	3	3	245994	351752250	296661	361318586	0.000951537	0.000796129	0	0.00433214	1217.95	2722.7	4	9422	
212	213	1	1	4	3	94145	315275555	129710	327993999	0.00113684	0.00113457	0	0.00408214	2528.67	3721.77	5	9422	
212	213	3	2	1	3	329276	453100344	395526	471196787	0.000913174	0.000726961	0	0.00433214	1191.32	2376.73	4	9422	
212	213	7	3	1	3	411983	559889556	452310	585680569	0.000975344	0.000647986	0	0.00383214	1294.87	2192.38	5	9422	
212	213	2	4	1	3	425139	559856469	454051	577477937	0.00098083	0.000613427	0	0.00408214	1271.83	2175.6	5	9422	
212	213	2	5	2	3	338886	422703482	422492	442215879	0.000871676	0.000718214	0	0.00458214	1046.68	2324.86	4	9422	
212	213	1	6	2	3	249250	371529430	300851	383036399	0.00096092	0.000797429	0	0.00408214	1273.18	2700.2	4	9422	
212	213	2	7	3	3	246374	353122428	296959	362679825	0.000952465	0.000797051	0	0.00433214	1221.31	2726.67	4	9422	
213	214	1	1	4	3	94287	316610917	129871	329340673	0.00113873	0.00113563	0	0.00408214	2535.91	3726.55	5	9422	
213	214	1	2	7	3	331679	455207367	398184	473353570	0.000913197	0.000726053	0	0.00433214	1188.78	2374.83	4	9422	
213	214	1	3	1	3	413413	562521285	453838	588433407	0.000975739	0.000648221	0	0.00383214	1296.57	2192.94	5	9422	
213	214	2	4	1	3	427461	562519570	456595	580244531	0.000980557	0.000613295	0	0.00408214	1270.81	2175.03	5	9422	
213	214	1	5	6	3	340840	424614415	424577	444136838	0.00087209	0.000717746	0	0.00458214	1046.07	2324.71	4	9422	
213	214	1	6	2	3	252078	373464450	304008	384998663	0.000960344	0.000795339	0	0.00408214	1266.41	2693.7	4	9422	
213	214	1	7	3	3	247845	354978407	298821	364603749	0.000951815	0.000796703	0	0.00433214	1220.14	2724.4	4	9422	
214	215	1	1	4	3	94430	317903133	130020	330633519	0.00114073	0.00113668	0	0.00408214	2542.94	3730.84	5	9422	
214	215	1	2	1	3	333671	457068392	400297	475234147	0.000913545	0.000725519	0	0.00433214	1187.2	2374.06	4	9422	
214	215	7	3	1	3	414608	565148721	455157	591220966	0.00097629	0.000648579	0	0.00383214	1298.94	2194.05	5	9422	
214	215	2	4	1	3	429287	565143663	458608	583024300	0.00098092	0.000613429	0	0.00408214	1271.29	2175.16	5	9422	
214	215	2	5	2	3	343263	427282142	427119	446823928	0.000872765	0.00071706	0	0.00458214	1046.13	2323.55	4	9422	
214	215	3	6	2	3	254099	375489867	306175	387051761	0.000960613	0.000794257	0	0.00408214	1264.15	2690.89	4	9422	
214	215	1	7	3	3	248078	356321225	298964	365951095	0.000952795	0.00079777	0	0.00433214	1224.06	2729.64	4	9422	
215	216	1	1	4	3	94573	319240172	130164	331970663	0.00114276	0.00113772	0	0.00408214	2550.4	3735.62	5	9422	
215	216	3	2	1	3	336821	460079147	403954	478376179	0.000913187	0.000724236	0	0.00433214	1184.23	2369.09	4	9422	
215	216	7	3	1	3	415996	567761309	456661	593963302	0.000976689	0.000648804	0	0.00383214	1300.67	2194.82	5	9422	
215	216	2	4	1	3	430957	567781398	460451	585802234	0.000981326	0.000613705	0	0.00408214	1272.24	2175.76	5	9422	
215	216	1	5	2	3	344357	428982522	428269	448550604	0.000873433	0.00071736	0	0.00458214	1047.36	2325.66	4	9422	
215	216	3	6	2	3	255858	377207874	308225	388813134	0.00096049	0.000793441	0	0.00408214	1261.46	2688.78	4	9422	
215	216	1	7	3	3	248559	357867805	299442	367505788	0.000953704	0.000798541	0	0.00433214	1227.3	2733.09	4	9422	
216	217	1	1	4	3	94716	320557761	130307	333288252	0.0011448	0.00113876	0	0.00408214	2557.72	3740.2	5	9422	
216	217	3	2	1	3	339901	464056575	407676	482686879	0.000912332	0.000723127	0	0.00433214	1184	2363.63	4	9422	
216	217	7	3	1	3	417181	570386474	457981	596762944	0.00097732	0.000649222	0	0.00383214	1303.03	2196.39	5	9422	
216	217	1	4	1	3	433182	570409677	463301	588570591	0.000980346	0.000614145	0	0.00408214	1270.38	2174.25	5	9422	
216	217	2	5	2	3	344734	430587949	428636	450152633	0.00087417	0.000718236	0	0.00458214	1050.2	2329.61	4	9422	
216	217	1	6	2	3	256997	379266520	309502	390891796	0.000960625	0.000793361	0	0.00408214	1262.97	2689.18	4	9422	
216	217	1	7	3	3	248787	359162859	299731	368803605	0.000954526	0.000799573	0	0.00433214	1230.45	2737.26	4	9422	
217	218	1	1	4	3	94859	321871744	130456	334602865	0.00114678	0.00113979	0	0.00408214	2564.87	3744.6	5	9422	
217	218	3	2	1	3	343274	467530348	411432	486350389	0.000911974	0.000721646	0	0.00433214	1182.09	2358.33	4	9422	
217	218	7	3	1	3	419606	573022353	460894	599659468	0.000976592	0.000649138	0	0.00383214	1301.08	2194.72	5	9422	
217	218	2	4	1	3	435224	573015537	465488	591284003	0.000980694	0.000614238	0	0.00408214	1270.25	2174.36	5	9422	
217	218	1	5	6	3	345111	432176484	428928	451736034	0.000874893	0.000719085	0	0.00458214	1053.17	2333.84	4	9422	
217	218	3	6	2	3	257160	380606724	309726	392234766	0.000961369	0.000794428	0	0.00408214	1266.39	2693.92	4	9422	
217	218	1	7	3	3	248930	360457443	299972	370102373	0.00095519	0.000800684	0	0.00433214	1233.79	2741.67	4	9422	
218	219	1	1	4	3	95002	323151757	130599	335873561	0.00114879	0.00114081	0	0.00408214	2571.79	3748.63	5	9422	
218	219	3	2	1	3	347012	472447790	415240	491305044	0.000912321	0.000719776	0	0.00433214	1183.18	2352.47	4	9422	
218	219	7	3	1	3	421846	575656943	463242	602349239	0.00097687	0.000648989	0	0.00383214	1300.29	2194.32	5	9422	
218	219	2	4	5	3	437051	575662603	467636	594168174	0.00098102	0.000614505	0	0.00408214	1270.58	2174.36	5	9422	
218	219	1	5	6	3	345269	433480491	429112	453050039	0.00087554	0.000720037	0	0.00458214	1055.79	2338.11	4	9422	
218	219	1	6	2	3	257367	381957270	309890	393583120	0.000962302	0.000795476	0	0.00408214	1270.07	2698.91	4	9422	
218	219	1	7	3	3	249119	361757732	301636	371677693	0.000951483	0.000802492	0	0.00433214	1232.21	2740.44	4	9422	
219	220	1	1	4	3	95145	324498390	130767	337222819	0.00115059	0.00114183	0	0.00408214	2578.81	3753.2	5	9422	
219	220	3	2	1	3	350480	476048654	418802	494944732	0.000912885	0.000718265	0	0.00433214	1181.81	2347.73	4	9422	
219	220	7	3	1	3	423115	578273215	464637	605118747	0.000977365	0.00064932	0	0.00383214	1302.35	2195.68	5	9422	
219	220	2	4	1	3	439021	578300383	469840	596983464	0.000981298	0.00061461	0	0.00408214	1270.61	2174	5	9422	
219	220	1	5	6	3	345412	434768840	430516	454563831	0.000873682	0.000721459	0	0.00458214	1055.86	2339.37	4	9422	
219	220	1	6	2	3	257560	383291822	310078	394917457	0.000963184	0.00079657	0	0.00408214	1273.61	2703.67	4	9422	
219	220	1	7	3	3	249801	363118664	302383	373035212	0.000952265	0.000802925	0	0.00433214	1233.65	2742.73	4	9422	
220	221	1	1	4	3	95287	325823302	130950	338561353	0.00115226	0.00114284	0	0.00408214	2585.42	3757.5	5	9422	
220	221	1	2	1	3	351867	478611979	420291	497533726	0.000913483	0.000718398	0	0.00433214	1183.78	2348.75	4	9422	
220	221	1	3	1	3	424549	580915735	466203	607925940	0.000977799	0.00064959	0	0.00383214	1303.99	2196.68	5	9422	
220	221	2	4	1	3	440527	580905992	471462	599691339	0.000981578	0.000614955	0	0.00408214	1271.98	2175.08	5	9422	
220	221	1	5	6	3	345668	436322548	431086	456279054	0.000873734	0.000722415	0	0.00458214	1058.44	2342.83	4	9422	
220	221	3	6	2	3	258103	384803466	310643	396429697	0.000964019	0.000797287	0	0.00408214	1276.16	2706.79	4	9422	
220	221	1	7	3	3	250108	364465310	302690	374381795	0.000953398	0.000804002	0	0.00433214	1236.85	2747.1	4	9422	
221	222	1	1	4	3	95430	327121734	131131	339863775	0.00115394	0.00114385	0	0.00408214	2591.79	3761.39	5	9422	
221	222	1	2	7	3	352331	480193746	421308	499367578	0.000913053	0.0007194	0	0.00433214	1185.28	2350.94	4	9422	
221	222	7	3	1	3	426520	583541120	468235	610577225	0.000978005	0.000649565	0	0.00383214	1304	2196.36	5	9422	
221	222	2	4	1	3	442356	583510375	473487	602420984	0.000981607	0.000615095	0	0.00408214	1272.31	2175.49	5	9422	
221	222	1	5	2	3	345916	437630351	431229	457580385	0.000874439	0.000723332	0	0.00458214	1061.11	2347.06	4	9422	
221	222	1	6	2	3	258246	386093643	310890	397725056	0.000964633	0.00079836	0	0.00408214	1279.31	2710.97	4	9422	
221	222	1	7	3	3	252130	366061770	304806	375995393	0.000953687	0.000802778	0	0.00433214	1233.56	2744.64	4	9422	
222	223	1	1	4	3	95573	328393824	131291	341137650	0.0011558	0.00114485	0	0.00408214	2598.33	3765.11	5	9422	
222	223	1	2	7	3	352545	481508906	421565	500677597	0.000913822	0.000720513	0	0.00433214	1187.66	2354.89	4	9422	
222	223	7	3	1	3	428109	586173489	469917	613291348	0.000978187	0.000649685	0	0.00383214	1305.11	2197.1	5	9422	
222	223	2	4	1	3	444264	585701514	476333	604940508	0.000979869	0.000615829	0	0.00408214	1269.99	2174.31	5	9422	
222	223	1	5	2	3	348483	439731184	434173	459815328	0.000874238	0.000722463	0	0.00458214	1059.06	2344.76	4	9422	
222	223	1	6	2	3	258388	387353584	311109	399000985	0.000965333	0.000799413	0	0.00408214	1282.51	2715.11	4	9422	
222	223	2	7	3	3	254578	367643979	307463	377594141	0.00095349	0.000801061	0	0.00433214	1228.1	2740.1	4	9422	
223	224	1	1	4	3	95716	329734238	131434	342478064	0.00115781	0.00114584	0	0.00408214	2605.7	3769.71	5	9422	
223	224	3	2	1	3	353563	483019925	422593	502189266	0.000914523	0.000720834	0	0.00433214	1188.35	2357.34	4	9422	
223	224	7	3	1	3	429491	588794054	471423	616066562	0.000978675	0.000649947	0	0.00383214	1306.82	2198.2	5	9422	
223	224	1	4	1	3	446934	588822230	479123	608129190	0.00097956	0.000615387	0	0.00408214	1269.25	2172.93	5	9422	
223	224	2	5	2	3	352163	442952960	438025	463074018	0.000874536	0.000720689	0	0.00458214	1057.19	2339.57	4	9422	
223	224	3	6	2	3	258531	388651774	311289	400302663	0.000966153	0.000800439	0	0.00408214	1285.95	2719.58	4	9422	
223	224	1	7	3	3	255290	368985241	308270	378939907	0.000954037	0.000801473	0	0.00433214	1229.25	2742.34	4	9422	
224	225	1	1	4	3	95859	331036352	131577	343780178	0.00115981	0.00114682	0	0.00408214	2612.77	3773.87	5	9422	
224	225	1	2	7	3	356276	485049365	425365	504235941	0.000915031	0.000719846	0	0.00433214	1185.42	2355.63	4	9422	
224	225	7	3	1	3	431604	591414253	473613	618721828	0.000978823	0.000649812	0	0.00383214	1306.39	2197.77	5	9422	
224	225	2	4	1	3	448953	591429149	481254	610812333	0.00097959	0.000615343	0	0.00408214	1269.21	2172.63	5	9422	
224	225	2	5	6	3	355026	445350107	441116	465516182	0.000874958	0.000719681	0	0.00458214	1055.31	2336.88	4	9422	
224	225	1	6	2	3	258674	389955595	311503	401611093	0.000966867	0.000801482	0	0.00408214	1289.27	2723.95	4	9422	
224	225	1	7	3	3	255517	370287454	308444	380239481	0.000955044	0.000802572	0	0.00433214	1232.77	2746.88	4	9422	
225	226	1	1	4	3	96002	332336212	131719	345072373	0.0011618	0.00114779	0	0.00408214	2619.76	3777.96	5	9422	
225	226	3	2	1	3	358256	487636287	427371	506817945	0.000915516	0.000719361	0	0.00433214	1185.9	2355.69	4	9422	
225	226	7	3	1	3	433413	594052862	475524	621453392	0.000979055	0.000649786	0	0.00383214	1306.88	2198.09	5	9422	
225	226	2	4	1	3	450954	594079765	483419	613572138	0.000979788	0.000615333	0	0.00408214	1269.23	2172.78	5	9422	
225	226	2	5	2	3	357570	447549879	444293	467811929	0.000874828	0.000719189	0	0.00458214	1052.94	2334.23	4	9422	
225	226	1	6	2	3	258817	391232482	311650	402888228	0.000967787	0.000802483	0	0.00408214	1292.76	2728.33	4	9422	
225	226	1	7	3	3	256073	371784834	309210	381765054	0.000955254	0.000803261	0	0.00433214	1234.65	2749.13	4	9422	
226	227	1	1	4	3	96145	333649565	131881	346385964	0.00116362	0.00114877	0	0.00408214	2626.5	3781.99	5	9422	
226	227	3	2	1	3	361957	491537182	431206	510762994	0.000915636	0.00071758	0	0.00433214	1184.5	2351.08	4	9422	
226	227	7	3	1	3	434779	596682355	476983	624195317	0.000979456	0.000650012	0	0.00383214	1308.63	2199.09	5	9422	
226	227	2	4	1	3	452910	596691407	485521	616293778	0.00098	0.000615391	0	0.00408214	1269.35	2172.94	5	9422	
226	227	2	5	6	3	358718	449612614	445963	470080353	0.000874551	0.000719617	0	0.00458214	1054.08	2335.09	4	9422	
226	227	1	6	2	3	259482	392666106	312695	404468972	0.000967414	0.000803112	0	0.00408214	1293.49	2729.25	4	9422	
226	227	1	7	3	3	256216	373070684	309455	383046545	0.000955875	0.000804325	0	0.00433214	1237.81	2753.24	4	9422	
227	228	1	1	4	3	96287	334981833	132065	347731959	0.00116525	0.00114974	0	0.00408214	2633.04	3786.16	5	9422	
227	228	1	2	7	3	364097	493345409	433496	512592867	0.000915945	0.000716999	0	0.00433214	1182.46	2350.51	4	9422	
227	228	1	3	1	3	436665	599313309	478970	626908643	0.000979658	0.000649944	0	0.00383214	1308.87	2199.48	5	9422	
227	228	2	4	1	3	455797	599344530	488868	619102476	0.000979182	0.000615095	0	0.00408214	1266.4	2170.58	5	9422	
227	228	1	5	6	3	360847	452161331	449036	473023397	0.000873497	0.000719328	0	0.00458214	1053.42	2332.5	4	9422	
227	228	3	6	2	3	261542	395875602	315683	407934905	0.000965255	0.000802445	0	0.00408214	1292.23	2722.48	4	9422	
227	228	2	7	3	3	256505	374436516	310067	384515553	0.000955778	0.000805339	0	0.00433214	1240.1	2756.3	4	9422	
228	229	1	1	4	3	96430	336318559	132264	349074565	0.00116674	0.0011507	0	0.00408214	2639.23	3790.14	5	9422	
228	229	1	2	7	3	365992	495071298	435424	514322013	0.000916498	0.000716625	0	0.00433214	1181.2	2350.88	4	9422	
228	229	7	3	1	3	438424	601919764	480803	629597661	0.000979916	0.000649906	0	0.00383214	1309.47	2199.59	5	9422	
228	229	2	4	1	3	458513	601974848	491677	621770956	0.000978938	0.000614662	0	0.00408214	1264.59	2169.27	5	9422	
228	229	1	5	6	3	361600	453502817	449842	474367525	0.00087413	0.000719823	0	0.00458214	1054.52	2335.16	4	9422	
228	229	1	6	2	3	261732	397193674	315981	409260999	0.000965864	0.000803451	0	0.00408214	1295.21	2726.55	4	9422	
228	229	2	7	3	3	259237	376435563	313023	386548685	0.00095558	0.000803324	0	0.00433214	1234.89	2750.41	4	9422	
229	230	1	1	4	3	96573	337633179	132436	350392230	0.00116846	0.00115166	0	0.00408214	2645.75	3794.06	5	9422	
229	230	1	2	7	3	366240	496385416	435637	515623139	0.000917419	0.000717789	0	0.00433214	1183.61	2354.76	4	9422	
229	230	7	3	1	3	440758	604579833	483219	632290899	0.00097997	0.000649621	0	0.00383214	1308.5	2198.99	5	9422	
229	230	2	4	1	3	460407	604589084	493674	624468978	0.000979042	0.000614702	0	0.00408214	1264.94	2169.49	5	9422	
229	230	1	5	6	3	362010	454860741	450250	475724641	0.000874841	0.000720618	0	0.00458214	1056.58	2338.83	4	9422	
229	230	1	6	2	3	262122	398762183	316462	410859527	0.000966446	0.000804297	0	0.00408214	1298.29	2729.71	4	9422	
229	230	1	7	3	3	260935	378096133	314854	388222834	0.000955839	0.00080259	0	0.00433214	1233.02	2748.85	4	9422	
230	231	1	1	4	3	96716	338942259	132598	351703305	0.00117027	0.00115261	0	0.00408214	2652.4	3797.94	5	9422	
230	231	1	2	7	3	366594	497710433	435992	516948934	0.000918133	0.000718648	0	0.00433214	1185.68	2358.33	4	9422	
230	231	7	3	1	3	442316	607183853	484814	634942383	0.000980151	0.000649683	0	0.00383214	1309.66	2200.03	5	9422	
230	231	1	4	1	3	462807	607244244	496268	627217433	0.0009791	0.000614566	0	0.00408214	1263.87	2168.54	5	9422	
230	231	2	5	2	3	364248	456812999	453033	477719850	0.000874576	0.000720124	0	0.00458214	1054.49	2336.78	4	9422	
230	231	1	6	2	3	262265	400079908	316682	412184682	0.00096713	0.000805318	0	0.00408214	1301.57	2734.05	4	9422	
230	231	1	7	3	3	261159	379436444	315026	389560907	0.00095679	0.000803625	0	0.00433214	1236.6	2753.58	4	9422	
231	232	1	1	4	3	96859	340228104	132777	352992930	0.00117192	0.00115356	0	0.00408214	2658.54	3801.42	5	9422	
231	232	1	2	7	3	367429	499187945	437137	518469837	0.000918177	0.00071922	0	0.00433214	1186.06	2360.31	4	9422	
231	232	7	3	1	3	443493	609825966	486116	637749550	0.000980598	0.00064998	0	0.00383214	1311.93	2201.19	5	9422	
231	232	2	4	1	3	464382	609864265	498033	629991342	0.000979413	0.000614833	0	0.00408214	1264.96	2169.05	5	9422	
231	232	1	5	6	3	365613	459019409	454453	479941274	0.000875094	0.000720171	0	0.00458214	1056.09	2337.83	4	9422	
231	232	1	6	2	3	262408	401393418	316920	413506709	0.000967757	0.000806347	0	0.00408214	1304.77	2738.29	4	9422	
231	232	1	7	3	3	261425	380759633	315288	390883172	0.000957735	0.000804653	0	0.00433214	1239.77	2757.79	4	9422	
232	233	1	1	4	3	97002	341473749	132928	354230098	0.0011738	0.00115449	0	0.00408214	2664.83	3804.73	5	9422	
232	233	1	2	7	3	368898	501173785	438662	520465774	0.000918923	0.000719327	0	0.00433214	1186.48	2361.35	4	9422	
232	233	7	3	1	3	444639	612453337	487378	640531093	0.000981144	0.000650379	0	0.00383214	1314.24	2202.69	5	9422	
232	233	2	4	1	3	466317	612498467	500097	632729096	0.000979627	0.000614886	0	0.00408214	1265.21	2169.29	5	9422	
232	233	2	5	2	3	366540	461003121	455730	481961606	0.000875022	0.000720615	0	0.00458214	1057.56	2339.56	4	9422	
232	233	1	6	2	3	262551	402729659	317094	414845266	0.000968579	0.000807336	0	0.00408214	1308.27	2742.9	4	9422	
232	233	1	7	3	3	261670	382095112	315440	392213055	0.000958706	0.000805701	0	0.00433214	1243.38	2762.49	4	9422	
233	234	1	1	4	3	97145	342793292	133079	355550481	0.00117569	0.00115542	0	0.00408214	2671.72	3808.77	5	9422	
233	234	1	2	7	3	369406	502484010	439488	521805245	0.00091902	0.000720098	0	0.00433214	1187.3	2363.69	4	9422	
233	234	7	3	1	3	446463	615079459	489336	643261928	0.000981506	0.000650454	0	0.00383214	1314.56	2202.53	5	9422	
233	234	2	4	1	3	468193	615118820	502092	635444418	0.000979752	0.000614936	0	0.00408214	1265.59	2169.17	5	9422	
233	234	1	5	6	3	368109	463278315	457363	484235877	0.000875568	0.000720481	0	0.00458214	1058.76	2340.43	4	9422	
233	234	1	6	2	3	264562	405187242	319474	417395626	0.000967945	0.000806334	0	0.00408214	1306.51	2739.28	4	9422	
233	234	2	7	3	3	262045	383395601	315842	393503945	0.000959583	0.000806552	0	0.00433214	1245.89	2765.78	4	9422	
234	235	1	1	4	3	97287	344088954	133224	356855775	0.00117763	0.00115634	0	0.00408214	2678.61	3812.66	5	9422	
234	235	3	2	1	3	369886	503919299	440058	523252387	0.000919548	0.000720794	0	0.00433214	1189.05	2366.58	4	9422	
234	235	1	3	1	3	448351	617629251	491506	645944786	0.000981698	0.000650713	0	0.00383214	1314.22	2202.17	5	9422	
234	235	2	4	1	3	470077	617751298	504042	638099853	0.000979829	0.000614986	0	0.00408214	1265.97	2169.84	5	9422	
234	235	1	5	6	3	368314	464522889	457529	485478072	0.000876247	0.000721388	0	0.00458214	1061.09	2343.98	4	9422	
234	235	1	6	2	3	265922	407460506	320986	419681748	0.000968287	0.000806019	0	0.00408214	1307.48	2738.34	4	9422	
234	235	1	7	3	3	262213	384722056	316188	394839524	0.00095997	0.000807599	0	0.00433214	1248.75	2769.68	4	9422	
235	236	1	1	4	3	97430	345405136	133395	358174897	0.00117934	0.00115727	0	0.00408214	2685.07	3816.43	5	9422	
235	236	1	2	7	3	370305	505291103	440581	524635544	0.000920052	0.000721583	0	0.00433214	1190.78	2369.94	4	9422	
235	236	7	3	1	3	450572	620337896	494174	648832965	0.000980891	0.000650723	0	0.00383214	1312.96	2201.28	5	9422	
235	236	2	4	1	3	473021	619872408	507455	640300430	0.000979011	0.000614789	0	0.00408214	1261.79	2168.16	5	9422	
235	236	1	5	6	3	368825	466192559	457971	487148398	0.000876827	0.000722051	0	0.00458214	1063.71	2347.41	4	9422	
235	236	1	6	2	3	266095	408760530	321189	420984584	0.000969165	0.000807153	0	0.00408214	1310.71	2742.49	4	9422	
235	236	1	7	3	3	262592	386177869	317201	396384253	0.000958911	0.000808617	0	0.00433214	1249.63	2771.18	4	9422	
236	237	1	1	4	3	97573	346672235	133619	359450501	0.00118057	0.00115819	0	0.00408214	2690.12	3819.3	5	9422	
236	237	3	2	1	3	372617	507861619	443009	527229627	0.000920674	0.000721058	0	0.00433214	1190.11	2368.46	4	9422	
236	237	7	3	1	3	452125	622964248	495765	651496654	0.000981024	0.000650767	0	0.00383214	1314.12	2202.32	5	9422	
236	237	2	4	1	3	475646	623023054	510329	643602432	0.000978766	0.000614497	0	0.00408214	1261.15	2166.51	5	9422	
236	237	1	5	2	3	370614	467925503	460202	488953364	0.000876576	0.000721883	0	0.00458214	1062.48	2346.88	4	9422	
236	237	3	6	2	3	266481	410113886	321755	422360919	0.000969565	0.000807952	0	0.00408214	1312.68	2745.51	4	9422	
236	237	1	7	3	3	263713	387864379	318445	398078956	0.000959143	0.000808507	0	0.00433214	1250.07	2771.59	4	9422	
237	238	1	1	1	3	97716	347954027	133848	360741323	0.00118176	0.00115911	0	0.00408214	2695.16	3822.28	5	9422	
237	238	3	2	1	3	374399	511086246	445450	530777253	0.000919996	0.000721182	0	0.00433214	1191.55	2366.81	4	9422	
237	238	7	3	1	3	453895	625584709	497616	654220190	0.000981245	0.000650753	0	0.00383214	1314.71	2202.58	5	9422	
237	238	1	4	1	3	477950	625520118	512815	646203707	0.00097876	0.00061435	0	0.00408214	1260.11	2165.93	5	9422	
237	238	2	5	2	3	373839	470480799	463644	491528594	0.000876812	0.000720555	0	0.00458214	1060.14	2343.46	4	9422	
237	238	1	6	2	3	266944	411560594	322249	423814542	0.000970342	0.000808662	0	0.00408214	1315.18	2748.59	4	9422	
237	238	1	7	3	3	264287	389239593	319108	399458553	0.000959684	0.000809036	0	0.00433214	1251.8	2774.52	4	9422	
238	239	1	1	4	3	97859	349227443	134043	362020199	0.00118324	0.00116002	0	0.00408214	2700.78	3825.37	5	9422	
238	239	1	2	7	3	374625	512408489	445611	532101972	0.000920697	0.000722122	0	0.00433214	1194.1	2370.83	4	9422	
238	239	7	3	1	3	455255	628227743	499096	657017559	0.000981688	0.000651004	0	0.00383214	1316.42	2203.54	5	9422	
238	239	2	4	1	3	480783	628293460	515769	649011005	0.000978449	0.000613874	0	0.00408214	1258.34	2164.61	5	9422	
238	239	1	5	6	3	375331	472272603	465328	493331909	0.000877062	0.000720484	0	0.00458214	1060.18	2344.09	4	9422	
238	239	1	6	2	3	267143	412859915	322434	425112387	0.000971244	0.000809778	0	0.00408214	1318.45	2752.72	4	9422	
238	239	2	7	3	3	266376	391047458	321440	401293690	0.000959451	0.000807852	0	0.00433214	1248.42	2771.13	4	9422	
239	240	1	1	4	3	98002	350533445	134194	363317724	0.00118508	0.00116092	0	0.00408214	2707.41	3829.07	5	9422	
239	240	1	2	7	3	374861	513765600	445755	533449423	0.00092137	0.000722978	0	0.00433214	1196.73	2375.02	4	9422	
239	240	7	3	1	3	456494	630852953	500500	659851154	0.000982201	0.000651364	0	0.00383214	1318.38	2204.55	5	9422	
239	240	2	4	1	3	482940	630904028	518022	651685554	0.00097831	0.000613741	0	0.00408214	1258.03	2164.39	5	9422	
239	240	2	5	2	3	377923	473974502	468016	495053440	0.000877507	0.000719594	0	0.00458214	1057.77	2342.4	4	9422	
239	240	1	6	2	3	267433	414203096	322828	426468930	0.000971855	0.000810695	0	0.00408214	1321.04	2756.3	4	9422	
239	240	1	7	3	3	267252	392506483	322368	402757767	0.000960155	0.000808015	0	0.00433214	1249.37	2773.03	4	9422	
240	241	1	1	4	3	98145	351782295	134337	364566574	0.00118701	0.00116181	0	0.00408214	2713.82	3832.32	5	9422	
240	241	3	2	1	3	375357	515417248	446614	535301877	0.00092115	0.000723859	0	0.00433214	1198.58	2377.25	4	9422	
240	241	7	3	1	3	457719	633489511	501844	662636220	0.000982627	0.000651689	0	0.00383214	1320.4	2205.82	5	9422	
240	241	2	4	1	3	485382	633543821	520662	654437222	0.000978403	0.000613518	0	0.00408214	1256.93	2163.42	5	9422	
240	241	2	5	2	3	381274	476690541	471849	497887541	0.000877306	0.00071824	0	0.00458214	1055.18	2338	4	9422	
240	241	1	6	2	3	267626	415554702	323010	427819958	0.000972755	0.000811731	0	0.00408214	1324.48	2760.82	4	9422	
240	241	2	7	3	3	269858	394443411	325204	404732127	0.00095994	0.000806163	0	0.00433214	1244.55	2767.57	4	9422	
241	242	1	1	1	3	98287	353080803	134510	365877654	0.00118867	0.0011627	0	0.00408214	2720.08	3835.87	5	9422	
241	242	1	2	7	3	375611	516838838	447537	537031828	0.000920454	0.000724954	0	0.00433214	1199.97	2379.44	4	9422	
241	242	1	3	1	3	458857	636114387	503134	665464977	0.000983176	0.000652106	0	0.00383214	1322.64	2207.01	5	9422	
241	242	2	4	1	3	487446	636175878	522885	657179413	0.000978636	0.00061352	0	0.00408214	1256.83	2163.36	5	9422	
241	242	2	5	2	3	384376	479291706	475183	500538322	0.000877761	0.000717161	0	0.00458214	1053.36	2334.7	4	9422	
241	242	1	6	2	3	267896	416920379	323344	429181670	0.000973409	0.000812601	0	0.00408214	1327.32	2764.76	4	9422	
241	242	1	7	3	3	270882	396393510	326342	406684268	0.00096022	0.00080616	0	0.00433214	1246.19	2768.51	4	9422	
242	243	1	1	4	3	98430	354372744	134672	367171590	0.00119043	0.00116358	0	0.00408214	2726.41	3839.37	5	9422	
242	243	1	2	7	3	375790	518171520	447733	538365689	0.000921116	0.000725804	0	0.00433214	1202.43	2383.38	4	9422	
242	243	7	3	1	3	460104	638742200	504477	668207967	0.000983528	0.000652332	0	0.00383214	1324.56	2207.88	5	9422	
242	243	2	4	1	3	489739	638806450	525275	659864534	0.000978573	0.000613323	0	0.00408214	1256.23	2162.9	5	9422	
242	243	2	5	2	3	387073	481635415	478891	503077969	0.000876711	0.000716548	0	0.00458214	1050.51	2330.93	4	9422	
242	243	1	6	2	3	269831	418770622	325731	431092026	0.00097262	0.000811827	0	0.00408214	1323.46	2761.29	4	9422	
242	243	1	7	3	3	272954	398086718	328629	408401862	0.000959926	0.000804998	0	0.00433214	1242.74	2765.11	4	9422	
243	244	1	1	4	3	98573	355687375	134829	368487691	0.00119223	0.00116446	0	0.00408214	2733	3843.06	5	9422	
243	244	1	2	7	3	376795	520851054	448952	541074784	0.000921396	0.000726257	0	0.00433214	1205.2	2384.97	4	9422	
243	244	7	3	1	3	462393	641147726	506834	670643424	0.000983503	0.000651998	0	0.00383214	1323.2	2207.55	5	9422	
243	244	2	4	1	3	492425	641431702	528116	662546239	0.000978462	0.000613013	0	0.00408214	1254.55	2161.76	5	9422	
243	244	1	5	2	3	389399	483798171	481970	505380073	0.000876222	0.000716178	0	0.00458214	1048.57	2328.46	4	9422	
243	244	1	6	2	3	270737	420221839	326675	432554953	0.000973397	0.000811997	0	0.00408214	1324.11	2763.12	4	9422	
243	244	2	7	3	3	273857	399465919	329633	409785428	0.000960419	0.000805163	0	0.00433214	1243.16	2766.43	4	9422	
244	245	1	1	4	3	98716	357017585	134988	369819581	0.001194	0.00116533	0	0.00408214	2739.65	3846.88	5	9422	
244	245	3	2	1	3	377001	522176302	449135	542401251	0.000921993	0.000727101	0	0.00433214	1207.66	2388.85	4	9422	
244	245	7	3	1	3	465334	643985708	509840	673511294	0.000983361	0.000651299	0	0.00383214	1321.02	2205.86	5	9422	
244	245	1	4	1	3	495498	644061308	531365	665237577	0.000978052	0.000612457	0	0.00408214	1251.94	2159.96	5	9422	
244	245	1	5	6	3	390545	485209638	483623	506818249	0.000876124	0.00071651	0	0.00458214	1047.96	2329.06	4	9422	
244	245	3	6	2	3	274066	423051038	330060	435397366	0.00097327	0.000809369	0	0.00408214	1319.15	2755.36	4	9422	
244	245	2	7	3	3	276007	401301625	332244	411647166	0.000959492	0.000804019	0	0.00433214	1238.99	2761.96	4	9422	
245	246	1	1	4	3	98859	358315233	135136	371117754	0.00119587	0.00116619	0	0.00408214	2746.25	3850.47	5	9422	
245	246	3	2	1	3	377692	523591741	450629	543950829	0.00092111	0.000727958	0	0.00433214	1207.09	2389.63	4	9422	
245	246	7	3	1	3	466937	646610053	511507	676192421	0.000983535	0.000651365	0	0.00383214	1321.96	2206.37	5	9422	
245	246	2	4	1	3	497858	646712514	533840	667942389	0.000978003	0.000612246	0	0.00408214	1251.2	2159.35	5	9422	
245	246	1	5	6	3	391653	486628442	485140	508263704	0.000876204	0.000716824	0	0.00458214	1047.66	2330.04	4	9422	
245	246	3	6	2	3	276776	425106063	332898	437479543	0.000973252	0.000807465	0	0.00408214	1314.15	2750.17	4	9422	
245	246	1	7	3	3	278413	403463056	334915	413844811	0.000959173	0.00080252	0	0.00433214	1235.67	2757.49	4	9422	
246	247	1	1	4	3	99002	359585927	135303	372381651	0.00119754	0.00116705	0	0.00408214	2752.21	3853.55	5	9422	
246	247	1	2	7	3	378389	525128224	451727	545603887	0.000921033	0.000728532	0	0.00433214	1207.82	2391.35	4	9422	
246	247	1	3	1	3	468814	648944575	513507	678607024	0.000983654	0.000651287	0	0.00383214	1321.51	2206.68	5	9422	
246	247	2	4	1	3	499638	649350733	535790	670744861	0.000978316	0.000612405	0	0.00408214	1251.88	2159.35	5	9422	
246	247	1	5	6	3	391795	487937565	485346	509585382	0.000876716	0.000717667	0	0.00458214	1049.94	2333.83	4	9422	
246	247	1	6	2	3	279947	429004466	336390	441624017	0.00097251	0.000805175	0	0.00408214	1312.83	2742.12	4	9422	
246	247	1	7	3	3	280381	405411734	337087	415820410	0.000959032	0.000801576	0	0.00433214	1233.57	2754.74	4	9422	
247	248	1	1	4	3	99145	360915729	135479	373714918	0.00119915	0.00116791	0	0.00408214	2758.47	3857.18	5	9422	
247	248	1	2	7	3	378532	526459691	451996	546946369	0.000921434	0.000729416	0	0.00433214	1210.07	2395.07	4	9422	
247	248	7	3	1	3	470081	651883119	515038	681743692	0.000983881	0.000651672	0	0.00383214	1323.68	2207.7	5	9422	
247	248	2	4	1	3	501873	651971463	538172	673471826	0.000978452	0.000612277	0	0.00408214	1251.41	2158.77	5	9422	
247	248	1	5	6	3	391938	489241979	485642	510897026	0.000877065	0.000718542	0	0.00458214	1052	2337.34	4	9422	
247	248	1	6	2	3	281249	430532489	337702	443153013	0.000973155	0.000804944	0	0.00408214	1312.26	2742.39	4	9422	
247	248	1	7	3	3	283672	408554751	340467	418971644	0.000958673	0.000799102	0	0.00433214	1230.58	2747.43	4	9422	
248	249	1	1	4	3	99287	362248545	135666	375061776	0.00120066	0.00116876	0	0.00408214	2764.6	3860.82	5	9422	
248	249	1	2	7	3	378675	527790974	452433	548312970	0.000921493	0.000730377	0	0.00433214	1211.92	2398.41	4	9422	
248	249	1	3	1	3	471343	654514097	516395	684493848	0.000984211	0.000651936	0	0.00383214	1325.52	2208.67	5	9422	
248	249	2	4	1	3	503818	654553908	540260	676165277	0.000978576	0.000612328	0	0.00408214	1251.56	2158.98	5	9422	
248	249	2	5	2	3	393482	491734214	487654	513580359	0.000877026	0.00071859	0	0.00458214	1053.17	2337.04	4	9422	
248	249	3	6	2	3	281647	431904790	338092	444514942	0.000974014	0.000805726	0	0.00408214	1314.78	2745.99	4	9422	
248	249	1	7	3	3	283819	409875351	340736	420299397	0.000959192	0.000800095	0	0.00433214	1233.5	2751.38	4	9422	
249	250	1	1	4	3	99430	363574948	135850	376392484	0.00120219	0.00116962	0	0.00408214	2770.65	3864.32	5	9422	
249	250	1	2	1	3	380004	529787771	454049	550392637	0.000921547	0.000730549	0	0.00433214	1212.19	2398.79	4	9422	
249	250	7	3	1	3	473248	657074520	519003	687353271	0.000983166	0.000652337	0	0.00383214	1324.37	2207.7	5	9422	
249	250	2	4	1	3	506313	657222482	542935	678909540	0.000978374	0.000612135	0	0.00408214	1250.44	2158.11	5	9422	
249	250	2	5	2	3	394751	494017700	489268	515930028	0.000877073	0.000718747	0	0.00458214	1054.49	2337.69	4	9422	
249	250	3	6	2	3	283230	434130359	339864	446784551	0.000974133	0.000805238	0	0.00408214	1314.6	2744.58	4	9422	
249	250	2	7	3	3	284419	411596491	341471	422057907	0.000959473	0.000800584	0	0.00433214	1236	2753.64	4	9422	
250	251	1	1	4	3	99573	364896896	136006	377715797	0.00120397	0.00117045	0	0.00408214	2777.2	3867.98	5	9422	
250	251	3	2	1	3	380841	531242978	455165	551870073	0.000921638	0.000731044	0	0.00433214	1212.46	2400.35	4	9422	
250	251	1	3	1	3	475470	659711683	522059	690390329	0.000981956	0.000652736	0	0.00383214	1322.44	2206.02	5	9422	
250	251	2	4	1	3	508838	659854537	545614	681613900	0.000978278	0.000611863	0	0.00408214	1249.26	2157.39	5	9422	
250	251	1	5	2	3	397088	495911208	492265	517880695	0.000876567	0.000718298	0	0.00458214	1052.04	2335.75	4	9422	
250	251	1	6	2	3	285303	435874527	341989	448544478	0.000974392	0.000804099	0	0.00408214	1311.58	2742.03	4	9422	
250	251	2	7	3	3	284918	413130302	342136	423598831	0.000959733	0.000801205	0	0.00433214	1238.1	2756.09	4	9422	
251	252	1	1	4	3	99716	366244242	136154	379063668	0.00120581	0.00117129	0	0.00408214	2784.08	3871.9	5	9422	
251	252	3	2	1	3	384574	535109310	458972	555756576	0.000921902	0.000729338	0	0.00433214	1210.87	2395.65	4	9422	
251	252	7	3	1	3	476771	662384730	524093	693382848	0.000981069	0.000653463	0	0.00383214	1323.01	2206.15	5	9422	
251	252	1	4	1	3	511130	662218065	548534	684112993	0.000977355	0.00061216	0	0.00408214	1247.17	2156.31	5	9422	
251	252	2	5	6	3	398933	498000319	494368	519971765	0.000876697	0.000718016	0	0.00458214	1051.79	2335.83	4	9422	
251	252	1	6	2	3	285542	437141722	342196	449810082	0.000975368	0.000805024	0	0.00408214	1314.48	2745.65	4	9422	
251	252	2	7	3	3	286260	414566251	343735	425051290	0.000959706	0.000800927	0	0.00433214	1236.57	2755.28	4	9422	
252	253	1	1	4	3	99859	367591588	136303	380411644	0.00120764	0.00117211	0	0.00408214	2790.93	3875.78	5	9422	
252	253	3	2	1	3	387935	537468032	462457	558146034	0.000922275	0.000728027	0	0.00433214	1206.91	2391.89	4	9422	
252	253	7	3	1	3	478176	665015823	525574	696096592	0.000981308	0.000653613	0	0.00383214	1324.45	2207.08	5	9422	
252	253	2	4	1	3	513377	665134000	551679	687475333	0.000976096	0.000612638	0	0.00408214	1246.15	2154.45	5	9422	
252	253	2	5	2	3	399702	499611637	495242	521589008	0.000876938	0.000718521	0	0.00458214	1053.2	2338.2	4	9422	
252	253	1	6	2	3	285775	438442820	342385	451108704	0.000976313	0.000805982	0	0.00408214	1317.55	2749.58	4	9422	
252	253	1	7	3	3	288852	416752373	346467	427263317	0.000959599	0.000799243	0	0.00433214	1233.2	2750.12	4	9422	
253	254	1	1	4	3	100002	368891170	136468	381705406	0.0012093	0.00117293	0	0.00408214	2797.03	3879.03	5	9422	
253	254	3	2	1	3	390997	539539608	465736	560277066	0.0009222	0.000726849	0	0.00433214	1202.99	2388.75	4	9422	
253	254	7	3	1	3	479651	667654626	527136	698834594	0.000981518	0.000653748	0	0.00383214	1325.72	2207.98	5	9422	
253	254	2	4	5	3	514856	667744873	553254	690177846	0.000976395	0.0006129	0	0.00408214	1247.49	2155.37	5	9422	
253	254	2	5	2	3	400025	501146661	495543	523133984	0.000877581	0.000719325	0	0.00458214	1055.68	2341.87	4	9422	
253	254	1	6	2	3	286060	439797319	342679	452463336	0.000977172	0.000806809	0	0.00408214	1320.37	2753.51	4	9422	
253	254	1	7	3	3	289311	418589821	346938	429102143	0.000960234	0.000799901	0	0.00433214	1236.83	2753.28	4	9422	
254	255	1	1	4	3	100145	370197428	136644	383013942	0.00121088	0.00117376	0	0.00408214	2803.01	3882.21	5	9422	
254	255	3	2	1	3	393502	543169070	468439	563940266	0.000922226	0.000726012	0	0.00433214	1203.87	2386.91	4	9422	
254	255	7	3	1	3	480791	670267329	528357	701557277	0.000981871	0.000654031	0	0.00383214	1327.81	2209.27	5	9422	
254	255	2	4	1	3	516493	670391759	554989	692923288	0.000976546	0.00061306	0	0.00408214	1248.54	2156.26	5	9422	
254	255	1	5	6	3	400431	502949136	496232	525063748	0.00087776	0.000720046	0	0.00458214	1058.1	2344.7	4	9422	
254	255	1	6	2	3	286620	441773877	344129	454521667	0.000975406	0.000807766	0	0.00408214	1320.79	2753.36	4	9422	
254	255	1	7	3	3	289546	419882504	347149	430384222	0.000961225	0.000800966	0	0.00433214	1239.77	2757.02	4	9422	
255	256	5	1	1	3	100287	371535352	136797	384362338	0.00121266	0.00117457	0	0.00408214	2809.73	3886	5	9422	
255	256	3	2	1	3	394780	544687206	469807	565468391	0.000922614	0.000726098	0	0.00433214	1203.62	2388.14	4	9422	
255	256	1	3	1	3	481967	672915256	529642	704345338	0.000982287	0.00065431	0	0.00383214	1329.85	2210.56	5	9422	
255	256	2	4	1	3	518583	673002590	557165	695585688	0.000976504	0.000612945	0	0.00408214	1248.44	2156.34	5	9422	
255	256	1	5	6	3	400574	504296482	496381	526411262	0.000878361	0.000720844	0	0.00458214	1060.5	2348.64	4	9422	
255	256	3	6	2	3	288578	443871888	346486	456691462	0.000974701	0.000806899	0	0.00408214	1318.07	2750.23	4	9422	
255	256	2	7	3	3	291737	421868904	350124	432465147	0.000959581	0.000800129	0	0.00433214	1235.18	2751.42	4	9422	
256	257	1	1	4	3	100430	372837952	136969	385667983	0.00121427	0.00117539	0	0.00408214	2815.73	3889.24	5	9422	
256	257	1	2	1	3	397496	546447998	472608	567239194	0.000922856	0.000725071	0	0.00433214	1200.23	2386.36	4	9422	
256	257	7	3	1	3	483161	675539138	530882	707020094	0.000982502	0.000654542	0	0.00383214	1331.78	2211.75	5	9422	
256	257	2	4	1	3	520784	675652349	559479	698309829	0.000976563	0.000612834	0	0.00408214	1248.14	2156.1	5	9422	
256	257	2	5	6	3	400717	505621401	496976	528002262	0.000878173	0.000721797	0	0.00458214	1062.43	2351.44	4	9422	
256	257	3	6	2	3	290982	447194757	349049	460069294	0.000974295	0.000805377	0	0.00408214	1318.07	2745.79	4	9422	
256	257	2	7	3	3	294489	424681995	353652	435601434	0.000958057	0.000798695	0	0.00433214	1231.72	2743.6	4	9422	
257	258	1	1	4	3	100573	374185298	137112	387015329	0.00121613	0.00117619	0	0.00408214	2822.62	3893.05	5	9422	
257	258	3	2	1	3	401034	548920894	476382	569770962	0.000922685	0.000723445	0	0.00433214	1196.04	2382.34	4	9422	
257	258	7	3	1	3	484521	678172125	532333	709756515	0.000982822	0.000654772	0	0.00383214	1333.29	2212.76	5	9422	
257	258	2	4	1	3	523292	678286685	562160	701033415	0.000976533	0.000612588	0	0.00408214	1247.04	2154.96	5	9422	
257	258	1	5	6	3	402823	507274894	499396	529746222	0.000878365	0.000721388	0	0.00458214	1060.77	2350.6	4	9422	
257	258	3	6	2	3	294140	450518616	352788	463694984	0.000972793	0.000803184	0	0.00408214	1314.37	2736.86	4	9422	
257	258	1	7	3	3	296753	426463484	356611	437461438	0.000956703	0.000797673	0	0.00433214	1226.72	2738.49	4	9422	
258	259	1	1	4	3	100716	375532644	137257	388362885	0.00121797	0.00117698	0	0.00408214	2829.46	3896.83	5	9422	
258	259	1	2	7	3	403150	551379422	479265	572416822	0.000921788	0.000723272	0	0.00433214	1194.36	2379.92	4	9422	
258	259	7	3	1	3	486279	680794190	534144	712432618	0.000982999	0.000654781	0	0.00383214	1333.78	2212.91	5	9422	
258	259	1	4	1	3	525265	680913030	564241	703735524	0.000976621	0.000612582	0	0.00408214	1247.23	2155.12	5	9422	
258	259	2	5	2	3	404210	508855520	500910	531328917	0.000878882	0.000721421	0	0.00458214	1060.73	2351.54	4	9422	
258	259	1	6	2	3	294650	451898252	353404	465083450	0.000973353	0.000803761	0	0.00408214	1316.01	2739.47	4	9422	
258	259	1	7	3	3	299131	428721002	359166	439757638	0.000956738	0.000796332	0	0.00433214	1224.39	2734.61	4	9422	
259	260	1	1	4	3	100859	376855372	137405	389686138	0.00121979	0.00117777	0	0.00408214	2836.04	3900.34	5	9422	
259	260	3	2	1	3	404536	552858537	480706	573910262	0.000922336	0.000723283	0	0.00433214	1193.89	2380.71	4	9422	
259	260	7	3	1	3	487684	683417393	535657	715165861	0.000983267	0.000654965	0	0.00383214	1335.12	2213.64	5	9422	
259	260	2	4	1	3	527549	683548811	566718	706475158	0.000976708	0.00061246	0	0.00408214	1246.61	2154.77	5	9422	
259	260	2	5	6	3	407649	511791171	504569	534308220	0.000879115	0.000720121	0	0.00458214	1058.94	2347.59	4	9422	
259	260	1	6	2	3	295261	453761619	354022	466950189	0.000974003	0.000804291	0	0.00408214	1318.99	2741.84	4	9422	
259	260	2	7	3	3	299618	430206384	360230	441411851	0.000955926	0.00079714	0	0.00433214	1225.36	2735.89	4	9422	
260	261	1	1	4	3	101002	378166582	137552	390988451	0.00122158	0.00117855	0	0.00408214	2842.48	3903.65	5	9422	
260	261	1	2	7	3	407974	554961805	484310	576038776	0.000922241	0.000721805	0	0.00433214	1189.4	2376.86	4	9422	
260	261	7	3	1	3	489100	686045546	537168	717890078	0.000983511	0.00065514	0	0.00383214	1336.43	2214.37	5	9422	
260	261	2	4	1	3	529678	686180081	569023	709204590	0.000976824	0.000612461	0	0.00408214	1246.35	2154.36	5	9422	
260	261	2	5	2	3	408369	513750399	505481	536301182	0.000879416	0.000720649	0	0.00458214	1060.97	2349.98	4	9422	
260	261	3	6	2	3	297176	455700978	356248	468911340	0.000973381	0.000803428	0	0.00408214	1316.25	2739.35	4	9422	
260	261	1	7	3	3	300431	431587191	361133	442799967	0.000956426	0.000797468	0	0.00433214	1226.14	2737.51	4	9422	
261	262	1	1	4	3	101145	379500435	137703	392323144	0.00122335	0.00117934	0	0.00408214	2849.05	3907.18	5	9422	
261	262	3	2	1	3	408460	556292276	484855	577372911	0.000922806	0.000722414	0	0.00433214	1190.82	2379.6	4	9422	
261	262	7	3	1	3	490261	688677366	538400	720615777	0.000983804	0.000655387	0	0.00383214	1338.44	2215.52	5	9422	
261	262	2	4	1	3	532050	688787825	571512	711870219	0.000976936	0.000612366	0	0.00408214	1245.59	2153.86	5	9422	
261	262	2	5	2	3	408843	515226286	506248	537806640	0.000879538	0.000721332	0	0.00458214	1062.34	2352.61	4	9422	
261	262	1	6	2	3	299293	458047216	358411	471272369	0.000973629	0.000802358	0	0.00408214	1314.89	2736.57	4	9422	
261	262	2	7	3	3	300997	433251648	361732	444471057	0.000957156	0.000798027	0	0.00433214	1228.73	2739.72	4	9422	
262	263	1	1	4	3	101287	380818509	137855	393651585	0.00122512	0.00118011	0	0.00408214	2855.55	3910.62	5	9422	
262	263	1	2	7	3	409254	557684929	485714	578769428	0.000923347	0.00072283	0	0.00433214	1191.58	2381.92	4	9422	
262	263	1	3	1	3	492052	691307890	540224	723286012	0.0009839	0.000655277	0	0.00383214	1338.86	2216	5	9422	
262	263	2	4	1	3	533954	691428194	573554	714628918	0.00097711	0.000612413	0	0.00408214	1245.97	2154.27	5	9422	
262	263	1	5	2	3	409237	516739572	506685	539331578	0.00088006	0.000721947	0	0.00458214	1064.43	2355.81	4	9422	
262	263	1	6	2	3	301250	459727988	360423	472948851	0.000973971	0.000801504	0	0.00408214	1312.2	2734.49	4	9422	
262	263	2	7	3	3	301708	434681573	362871	445998737	0.000956881	0.000798585	0	0.00433214	1229.08	2740.56	4	9422	
263	264	1	1	4	3	101430	382099095	138008	394933221	0.00122687	0.00118089	0	0.00408214	2861.67	3913.61	5	9422	
263	264	1	2	1	3	411422	560605643	488611	581983380	0.000922621	0.000722744	0	0.00433214	1191.1	2379.34	4	9422	
263	264	7	3	1	3	493199	693928226	541446	725998477	0.000984221	0.000655543	0	0.00383214	1340.85	2217.28	5	9422	
263	264	2	4	1	3	535460	694062239	575180	717379067	0.000977491	0.000612713	0	0.00408214	1247.23	2155.15	5	9422	
263	264	1	5	6	3	409534	518100770	507016	540695530	0.000880677	0.000722736	0	0.00458214	1066.43	2359.3	4	9422	
263	264	1	6	2	3	301827	461042109	361097	474267627	0.000974561	0.000802007	0	0.00408214	1313.41	2736.63	4	9422	
263	264	1	7	3	3	302186	436470475	363383	447806157	0.000957568	0.000799224	0	0.00433214	1232.33	2743.46	4	9422	
264	265	1	1	4	3	101573	383421372	138170	396257493	0.00122853	0.00118166	0	0.00408214	2867.9	3916.9	5	9422	
264	265	3	2	1	3	413080	562836374	491041	584367283	0.000921768	0.000722825	0	0.00433214	1190.06	2377.74	4	9422	
264	265	7	3	1	3	494361	696548453	542687	728724848	0.000984554	0.00065581	0	0.00383214	1342.81	2218.24	5	9422	
264	265	2	4	1	3	536851	696692348	576715	720158209	0.000977863	0.000613035	0	0.00408214	1248.72	2156.01	5	9422	
264	265	1	5	6	3	409743	519452860	507215	542046274	0.000881305	0.000723581	0	0.00458214	1068.67	2363.02	4	9422	
264	265	3	6	2	3	302683	462772743	363566	476351250	0.000971089	0.000802954	0	0.00408214	1310.22	2733.32	4	9422	
264	265	1	7	3	3	302672	438216911	363848	449557318	0.000958361	0.000799882	0	0.00433214	1235.56	2746.57	4	9422	
265	266	1	1	4	3	101716	384752190	138333	397590411	0.00123019	0.00118243	0	0.00408214	2874.15	3920.23	5	9422	
265	266	3	2	1	3	416344	564985346	494544	586566025	0.000921779	0.000721502	0	0.00433214	1186.07	2374.37	4	9422	
265	266	7	3	1	3	495511	699182766	543978	731557165	0.000984989	0.000656137	0	0.00383214	1344.83	2219.32	5	9422	
265	266	1	4	1	3	539111	699319034	579154	722885103	0.000977904	0.000612943	0	0.00408214	1248.17	2155.56	5	9422	
265	266	1	5	6	3	410331	521305402	507751	543892849	0.000881865	0.00072413	0	0.00458214	1071.18	2365.97	4	9422	
265	266	3	6	2	3	304572	464791170	367110	478727951	0.000967411	0.000802718	0	0.00408214	1304.04	2726.39	4	9422	
265	266	1	7	3	3	303668	439949317	365464	451605395	0.000957392	0.000800179	0	0.00433214	1235.7	2745.98	4	9422	
266	267	1	1	4	3	101859	386096349	138477	398934675	0.00123201	0.00118318	0	0.00408214	2880.87	3923.8	5	9422	
266	267	3	2	1	3	419521	567208310	497887	588826057	0.000921981	0.000720364	0	0.00433214	1182.65	2371.42	4	9422	
266	267	7	3	1	3	496862	701809237	545429	734304987	0.000985304	0.00065636	0	0.00383214	1346.29	2220.17	5	9422	
266	267	2	4	1	3	541128	701952617	581342	725613011	0.000977982	0.000612934	0	0.00408214	1248.17	2155.4	5	9422	
266	267	2	5	2	3	410508	522684744	508616	545344713	0.000881256	0.000725114	0	0.00458214	1072.21	2368.36	4	9422	
266	267	1	6	2	3	305649	466645038	368417	480661800	0.000967328	0.000802737	0	0.00408214	1304.67	2726.5	4	9422	
266	267	2	7	3	3	305415	442065655	367280	453739408	0.00095772	0.000799483	0	0.00433214	1235.4	2744.63	4	9422	
267	268	1	1	4	3	102002	387443695	138619	400272599	0.00123382	0.00118393	0	0.00408214	2887.57	3927.37	5	9422	
267	268	1	2	7	3	421123	568799440	499510	590420357	0.000922525	0.000720247	0	0.00433214	1182	2371.77	4	9422	
267	268	7	3	1	3	498139	704435488	546770	736985974	0.000985486	0.000656556	0	0.00383214	1347.89	2221.21	5	9422	
267	268	2	4	1	3	543363	704583784	583844	728391424	0.000978184	0.000612913	0	0.00408214	1247.58	2155.04	5	9422	
267	268	2	5	2	3	412772	525153460	511081	547864104	0.000881475	0.000724555	0	0.00458214	1071.97	2366.7	4	9422	
267	268	1	6	2	3	306104	468178701	368897	482213719	0.000967854	0.000803319	0	0.00408214	1307.18	2729.36	4	9422	
267	268	1	7	3	3	308513	443769368	370638	455466783	0.000957322	0.000797417	0	0.00433214	1228.87	2738.59	4	9422	
268	269	1	1	4	3	102145	388773937	138770	401603681	0.00123557	0.00118468	0	0.00408214	2894.02	3930.73	5	9422	
268	269	1	2	7	3	421366	570100547	499696	591716192	0.000923223	0.000721142	0	0.00433214	1184.15	2375.13	4	9422	
268	269	7	3	1	3	499962	707069498	548647	739670724	0.000985648	0.000656487	0	0.00383214	1348.17	2221.5	5	9422	
268	269	2	4	5	3	545705	706920497	586801	730892227	0.000977551	0.000613056	0	0.00408214	1245.55	2154.06	5	9422	
268	269	2	5	2	3	415068	526655061	513554	549378424	0.000881677	0.000723917	0	0.00458214	1069.76	2365.64	4	9422	
268	269	1	6	2	3	306247	469465973	369346	483628250	0.000967839	0.000804309	0	0.00408214	1309.42	2732.13	4	9422	
268	269	2	7	3	3	311982	445884927	374310	457606207	0.000956859	0.000794982	0	0.00433214	1222.53	2731.57	4	9422	
269	270	1	1	4	3	102287	390084363	138960	402928464	0.00123696	0.00118544	0	0.00408214	2899.6	3933.72	5	9422	
269	270	1	2	7	3	422102	571910776	500844	593586523	0.000923125	0.000721776	0	0.00433214	1185.17	2376.78	4	9422	
269	270	1	3	1	3	501423	709686005	550177	742363143	0.000985838	0.000656602	0	0.00383214	1349.32	2221.93	5	9422	
269	270	2	4	1	3	547830	709037989	590066	733144182	0.00097589	0.000613774	0	0.00408214	1242.48	2152.89	5	9422	
269	270	2	5	2	3	416181	528305386	514720	551033448	0.000882064	0.000724068	0	0.00458214	1070.55	2367.12	4	9422	
269	270	1	6	2	3	306390	470771637	369549	484930143	0.00096846	0.00080517	0	0.00408214	1312.22	2735.77	4	9422	
269	270	1	7	3	3	314548	447509570	377043	459241669	0.000956728	0.000793476	0	0.00433214	1218.01	2727.62	4	9422	
270	271	1	1	4	3	102430	391388349	139140	404236335	0.00123845	0.00118619	0	0.00408214	2905.25	3936.6	5	9422	
270	271	1	2	1	3	422738	573329995	501499	595007434	0.000923817	0.000722393	0	0.00433214	1186.46	2379.33	4	9422	
270	271	7	3	1	3	502612	712323589	551510	745184458	0.000986246	0.000656897	0	0.00383214	1351.17	2222.58	5	9422	
270	271	2	4	1	3	550443	711545350	593406	735723318	0.000974703	0.000613961	0	0.00408214	1239.83	2151.48	5	9422	
270	271	1	5	6	3	416519	529636849	515152	552369298	0.00088251	0.000724755	0	0.00458214	1072.25	2370.19	4	9422	
270	271	3	6	2	3	306627	472073937	369719	486225743	0.000969291	0.000806053	0	0.00408214	1315.12	2739.45	4	9422	
270	271	2	7	3	3	315865	449307095	379072	461130668	0.000955538	0.00079347	0	0.00433214	1216.47	2725.62	4	9422	
271	272	1	1	4	3	102573	392681122	139283	405529108	0.00124026	0.00118692	0	0.00408214	2911.55	3939.61	5	9422	
271	272	1	2	7	3	423243	575148776	501938	596818886	0.000924405	0.000722964	0	0.00433214	1189.03	2382.36	4	9422	
271	272	7	3	1	3	503761	714949676	552783	747984085	0.000986713	0.000657227	0	0.00383214	1353.12	2223.6	5	9422	
271	272	2	4	1	3	553214	714524676	597157	739023064	0.000973285	0.000614186	0	0.00408214	1237.57	2149.14	5	9422	
271	272	1	5	2	3	419205	531130757	518225	553879954	0.000882372	0.000723957	0	0.00458214	1068.8	2368.22	4	9422	
271	272	1	6	2	3	307258	473478246	370528	487662640	0.000969583	0.000806647	0	0.00408214	1316.13	2741.31	4	9422	
271	272	2	7	3	3	318776	451113706	382861	463045598	0.000953939	0.000791886	0	0.00433214	1209.44	2718.34	4	9422	
272	273	1	1	4	3	102716	394019003	139455	406870034	0.0012418	0.00118766	0	0.00408214	2917.57	3942.81	5	9422	
272	273	1	2	7	3	423490	576497353	502081	598160212	0.000924996	0.000723709	0	0.00433214	1191.36	2386.03	4	9422	
272	273	7	3	1	3	504860	717544583	553965	750693204	0.000987049	0.000657536	0	0.00383214	1355.13	2224.98	5	9422	
272	273	1	4	1	3	556003	717756168	600428	742473170	0.000972622	0.000614067	0	0.00408214	1236.57	2147.41	5	9422	
272	273	2	5	2	3	422941	532988668	522134	555749354	0.000882447	0.000722363	0	0.00458214	1064.38	2364.63	4	9422	
272	273	3	6	2	3	309733	475804301	373067	489996821	0.000969809	0.000805309	0	0.00408214	1313.43	2737.18	4	9422	
272	273	2	7	3	3	321284	452796982	386642	464845290	0.000951114	0.000790951	0	0.00433214	1202.26	2711.63	4	9422	
273	274	1	1	4	3	102859	395324698	139620	408178039	0.00124341	0.00118839	0	0.00408214	2923.49	3945.74	5	9422	
273	274	1	2	1	3	423732	577819007	502224	599482084	0.000925587	0.000724453	0	0.00433214	1193.65	2389.58	4	9422	
273	274	7	3	1	3	506221	720194582	555381	753407275	0.000987252	0.000657716	0	0.00383214	1356.56	2225.97	5	9422	
273	274	2	4	1	3	558340	720324826	602926	745114667	0.000972651	0.000613911	0	0.00408214	1235.83	2146.91	5	9422	
273	274	2	5	2	3	426706	535234133	526051	558022202	0.000882611	0.000720779	0	0.00458214	1060.78	2360.3	4	9422	
273	274	1	6	2	3	310285	477190247	373674	491392885	0.000970497	0.00080589	0	0.00408214	1315.03	2739.71	4	9422	
273	274	2	7	3	3	323722	454402120	389385	466478430	0.000950804	0.000789627	0	0.00433214	1197.99	2707.71	4	9422	
274	275	1	1	4	3	103002	396672044	139800	409519953	0.00124485	0.00118912	0	0.00408214	2929.33	3948.9	5	9422	
274	275	3	2	1	3	423930	579170651	502402	600832754	0.000926141	0.000725234	0	0.00433214	1195.92	2393.2	4	9422	
274	275	7	3	1	3	507945	722815188	557188	756101706	0.000987455	0.00065776	0	0.00383214	1357	2226.17	5	9422	
274	275	2	4	1	3	560965	722936052	606447	747933425	0.00097125	0.000614138	0	0.00408214	1233.3	2145.29	5	9422	
274	275	2	5	6	3	429810	537181158	529774	560063119	0.000882192	0.000719775	0	0.00458214	1057.17	2356.86	4	9422	
274	275	3	6	2	3	311196	478639748	374619	492845124	0.000971164	0.000806087	0	0.00408214	1315.59	2741.18	4	9422	
274	275	1	7	3	3	325616	456101832	391803	468218036	0.000950018	0.000789024	0	0.00433214	1195.03	2705.06	4	9422	
275	276	1	1	4	3	103145	397984994	139977	410836473	0.00124634	0.00118985	0	0.00408214	2935.03	3951.77	5	9422	
275	276	1	2	7	3	424073	580517997	502806	602220934	0.00092625	0.000726092	0	0.00433214	1197.72	2396.38	4	9422	
275	276	7	3	1	3	509367	725453373	558688	758828888	0.000987671	0.000657877	0	0.00383214	1358.23	2226.61	5	9422	
275	276	2	4	1	3	563373	725649347	609068	750762930	0.000971278	0.000613996	0	0.00408214	1232.64	2144.64	5	9422	
275	276	2	5	2	3	431490	538632568	531812	561560765	0.000882277	0.000719685	0	0.00458214	1055.94	2356.76	4	9422	
275	276	1	6	2	3	312464	480218892	375967	494432880	0.000971657	0.000805888	0	0.00408214	1315.1	2741.47	4	9422	
275	276	1	7	3	3	326945	457809025	393840	470038911	0.000948965	0.000789014	0	0.00433214	1193.48	2703.32	4	9422	
276	277	1	1	4	3	103287	399304028	140120	412164929	0.00124813	0.00119056	0	0.00408214	2941.51	3955.02	5	9422	
276	277	3	2	1	3	425972	582428728	505649	604347403	0.000925016	0.000726093	0	0.00433214	1195.19	2394.58	4	9422	
276	277	1	3	1	3	510495	728064513	559935	761600395	0.000988084	0.000658182	0	0.00383214	1360.16	2227.82	5	9422	
276	277	2	4	1	3	565714	728125271	611615	753329877	0.000971336	0.000613875	0	0.00408214	1231.71	2144.44	5	9422	
276	277	1	5	6	3	432431	539987899	532867	562921815	0.000882776	0.000719975	0	0.00458214	1056.4	2358.47	4	9422	
276	277	3	6	2	3	313360	481624989	376934	495835175	0.000972144	0.000805994	0	0.00408214	1315.44	2742.95	4	9422	
276	277	2	7	3	3	329730	459969667	396790	472225955	0.000948953	0.000787484	0	0.00433214	1190.12	2698.78	4	9422	
277	278	1	1	4	3	103430	400582213	140275	413444374	0.00124981	0.00119127	0	0.00408214	2947.38	3957.71	5	9422	
277	278	1	2	1	3	429103	585145567	509121	607148311	0.000924872	0.000725066	0	0.00433214	1192.54	2391.04	4	9422	
277	278	7	3	1	3	511601	730681231	561117	764314402	0.000988406	0.000658471	0	0.00383214	1362.13	2229.17	5	9422	
277	278	2	4	1	3	568039	730730876	615332	756230776	0.000969401	0.000614595	0	0.00408214	1228.98	2142.57	5	9422	
277	278	1	5	6	3	432658	541332976	533028	564264689	0.000883339	0.000720723	0	0.00458214	1058.6	2362.07	4	9422	
277	278	1	6	2	3	314594	483375233	378275	497592507	0.000972368	0.000805772	0	0.00408214	1315.43	2743.22	4	9422	
277	278	2	7	3	3	332866	461986206	400154	474281074	0.000948678	0.000785547	0	0.00433214	1185.25	2692.83	4	9422	
278	279	1	1	4	3	103573	401918310	140448	414783621	0.00125133	0.00119198	0	0.00408214	2953.29	3960.77	5	9422	
278	279	3	2	1	3	431349	588161908	511767	610240877	0.000924713	0.000724668	0	0.00433214	1192.42	2389.39	4	9422	
278	279	7	3	1	3	512757	733331269	562363	767091307	0.000988737	0.000658746	0	0.00383214	1364.05	2230.24	5	9422	
278	279	2	4	1	3	570255	733538917	617669	759118251	0.000969427	0.000614481	0	0.00408214	1229	2142.37	5	9422	
278	279	1	5	2	3	433166	542659199	533609	565593478	0.000883817	0.000721293	0	0.00458214	1059.94	2364.65	4	9422	
278	279	1	6	2	3	315328	485380563	379073	499629346	0.000972863	0.000806091	0	0.00408214	1318.03	2744.83	4	9422	
278	279	2	7	3	3	335389	464102975	402865	476430484	0.00094869	0.000784273	0	0.00433214	1182.61	2688.81	4	9422	
279	280	1	1	4	3	103716	403219789	140625	416088670	0.0012528	0.0011927	0	0.00408214	2958.85	3963.5	5	9422	
279	280	3	2	1	3	432713	590618813	513259	612711845	0.000924986	0.000724687	0	0.00433214	1193.77	2390.11	4	9422	
279	280	7	3	1	3	513924	735945448	563620	769836117	0.000989034	0.000659012	0	0.00383214	1365.88	2231.09	5	9422	
279	280	1	4	1	3	571831	736143631	619339	761825882	0.000969666	0.000614658	0	0.00408214	1230.06	2143.06	5	9422	
279	280	1	5	6	3	433653	544010213	534502	566959492	0.000883765	0.00072202	0	0.00458214	1060.72	2366.65	4	9422	
279	280	3	6	2	3	315969	486979177	380270	501313892	0.000972088	0.000806658	0	0.00408214	1318.31	2745.45	4	9422	
279	280	1	7	3	3	335616	465452939	403403	477806486	0.000948704	0.000785139	0	0.00433214	1184.44	2691.6	4	9422	
280	281	1	1	4	3	103859	404537222	140803	417409778	0.00125427	0.0011934	0	0.00408214	2964.49	3966.32	5	9422	
280	281	1	2	7	3	434491	592392544	515149	614508753	0.000925272	0.000724459	0	0.00433214	1192.88	2390.14	4	9422	
280	281	7	3	1	3	515096	738586883	564895	772615365	0.000989392	0.000659298	0	0.00383214	1367.72	2231.97	5	9422	
280	281	2	4	1	3	573391	738805321	621009	764599335	0.000969887	0.000614837	0	0.00408214	1231.22	2143.88	5	9422	
280	281	1	5	6	3	434842	546212722	535761	569161662	0.000884183	0.000722124	0	0.00458214	1062.34	2368.17	4	9422	
280	281	1	6	2	3	317030	488459327	381552	502810342	0.000972079	0.00080666	0	0.00408214	1317.8	2745.9	4	9422	
280	281	1	7	3	3	335759	466763838	404140	479166235	0.000948036	0.000786213	0	0.00433214	1185.64	2693.71	4	9422	
281	282	1	1	4	3	104002	405762492	140966	418629381	0.00125584	0.0011941	0	0.00408214	2969.72	3968.44	5	9422	
281	282	1	2	7	3	435452	594700351	516115	616813788	0.000925814	0.000724756	0	0.00433214	1195.11	2392.15	4	9422	
281	282	7	3	1	3	516192	741188832	566100	775363664	0.000989788	0.00065963	0	0.00383214	1369.66	2233.29	5	9422	
281	282	2	4	1	3	574611	741434295	622299	767324104	0.000970117	0.000615152	0	0.00408214	1233.05	2145.27	5	9422	
281	282	1	5	6	3	435016	547493714	535953	570451522	0.000884724	0.0007229	0	0.00458214	1064.37	2371.37	4	9422	
281	282	1	6	2	3	317233	489791173	381753	504142558	0.000972854	0.000807604	0	0.00408214	1320.6	2749.57	4	9422	
281	282	1	7	3	3	335902	468098863	404445	480516141	0.000948382	0.000787092	0	0.00433214	1188.09	2697.16	4	9422	
282	283	1	1	4	3	104145	407059552	141122	419926256	0.00125749	0.00119479	0	0.00408214	2975.63	3971.19	5	9422	
282	283	1	2	7	3	437099	597068373	518025	619224092	0.000925885	0.000724733	0	0.00433214	1195.36	2392.27	4	9422	
282	283	7	3	1	3	517482	743835639	567428	778061021	0.000989925	0.000659788	0	0.00383214	1371.21	2234.08	5	9422	
282	283	2	4	1	3	576011	744051319	623864	770114110	0.000970527	0.000615472	0	0.00408214	1234.43	2145.89	5	9422	
282	283	1	5	6	3	435358	548836253	536444	571810869	0.000885089	0.000723633	0	0.00458214	1065.93	2374.15	4	9422	
282	283	1	6	2	3	317529	491148873	382054	505500316	0.000973622	0.000808396	0	0.00408214	1323.11	2753.02	4	9422	
282	283	1	7	3	3	336045	469446209	404935	481927194	0.000948286	0.000788043	0	0.00433214	1190.13	2700.09	4	9422	
283	284	1	1	4	3	104287	408370446	141277	421247832	0.00125915	0.00119547	0	0.00408214	2981.72	3974.14	5	9422	
283	284	3	2	1	3	440205	599092184	521323	621279717	0.000925825	0.000723562	0	0.00433214	1191.74	2389.58	4	9422	
283	284	1	3	1	3	518717	746461946	568730	780774391	0.000990156	0.000659989	0	0.00383214	1372.84	2235	5	9422	
283	284	2	4	1	3	577494	746676222	625448	772833200	0.000970818	0.000615701	0	0.00408214	1235.65	2146.63	5	9422	
283	284	1	5	6	3	435601	550142596	536593	573110869	0.000885674	0.000724386	0	0.00458214	1068.06	2377.48	4	9422	
283	284	3	6	2	3	318941	492925976	384841	507498200	0.000970825	0.000808528	0	0.00408214	1318.72	2748.77	4	9422	
283	284	1	7	3	3	336188	470793555	405143	483279624	0.000948858	0.000788875	0	0.00433214	1192.86	2703.86	4	9422	
284	285	1	1	4	3	104430	409658110	141448	422538436	0.00126066	0.00119616	0	0.00408214	2987.24	3976.73	5	9422	
284	285	1	2	1	3	442773	601573935	524726	623976134	0.000924882	0.000723138	0	0.00433214	1189.15	2386	4	9422	
284	285	7	3	1	3	520215	749089066	570291	783436030	0.000990356	0.000660087	0	0.00383214	1373.75	2235.68	5	9422	
284	285	2	4	1	3	578875	749305992	627004	775644637	0.000971152	0.000616008	0	0.00408214	1237.06	2147.39	5	9422	
284	285	1	5	6	3	435808	551489622	536814	574458014	0.000886221	0.000725144	0	0.00458214	1070.12	2380.9	4	9422	
284	285	1	6	2	3	319753	494376339	385852	508970948	0.000971031	0.000808718	0	0.00408214	1319.08	2750.04	4	9422	
284	285	2	7	3	3	336625	472128396	405590	484624498	0.000949566	0.000789451	0	0.00433214	1194.86	2706.79	4	9422	
285	286	1	1	4	3	104573	410954469	141612	423837000	0.00126223	0.00119684	0	0.00408214	2992.95	3979.44	5	9422	
285	286	3	2	1	3	445872	604661021	528047	627137457	0.000925082	0.000722142	0	0.00433214	1187.65	2382.77	4	9422	
285	286	7	3	1	3	521415	751720120	571591	786190843	0.000990628	0.000660323	0	0.00383214	1375.44	2236.75	5	9422	
285	286	2	4	1	3	580921	751936516	629217	778393159	0.000971309	0.000615964	0	0.00408214	1237.08	2147.28	5	9422	
285	286	1	5	2	3	437651	553620402	539065	576633931	0.00088611	0.000724943	0	0.00458214	1069.69	2380	4	9422	
285	286	3	6	2	3	319931	495690534	386635	510416825	0.000970256	0.000809753	0	0.00408214	1320.15	2751.74	4	9422	
285	286	1	7	3	3	337143	473869122	406155	486371266	0.000950116	0.000790018	0	0.00433214	1197.5	2709.31	4	9422	
286	287	1	1	4	3	104716	412287758	141766	425171444	0.00126388	0.00119752	0	0.00408214	2999.11	3982.46	5	9422	
286	287	3	2	7	3	448483	607294627	531538	630111137	0.00092414	0.000721612	0	0.00433214	1185.45	2379.03	4	9422	
286	287	7	3	1	3	522677	754313700	572928	788866265	0.000990883	0.000660542	0	0.00383214	1376.9	2237.86	5	9422	
286	287	1	4	1	3	583085	754549047	631578	781122638	0.00097144	0.000615883	0	0.00408214	1236.78	2147.13	5	9422	
286	287	2	5	2	3	440808	555849354	542642	578917314	0.000886046	0.000723921	0	0.00458214	1066.85	2376.63	4	9422	
286	287	1	6	2	3	320966	497528551	387794	512283188	0.000970552	0.000809697	0	0.00408214	1321.02	2752.32	4	9422	
286	287	1	7	3	3	337650	475428236	406695	487939156	0.000950611	0.000790557	0	0.00433214	1199.77	2711.66	4	9422	
287	288	1	1	4	3	104859	413603840	141927	426489416	0.00126547	0.00119819	0	0.00408214	3004.99	3985.28	5	9422	
287	288	1	2	7	3	451031	610195226	534207	633058647	0.000924215	0.000720887	0	0.00433214	1185.04	2377.66	4	9422	
287	288	7	3	1	3	523810	756946761	574125	791584382	0.000991152	0.000660788	0	0.00383214	1378.77	2239.11	5	9422	
287	288	2	4	5	3	584951	757191523	633625	783889986	0.000971687	0.000615962	0	0.00408214	1237.15	2147.45	5	9422	
287	288	1	5	6	3	442176	557484412	544723	580660855	0.000885554	0.000724136	0	0.00458214	1065.97	2376.51	4	9422	
287	288	3	6	2	3	322251	500179669	389227	514944630	0.000970723	0.000809472	0	0.00408214	1322.99	2751.69	4	9422	
287	288	1	7	3	3	338168	476843513	407432	489372428	0.000950672	0.00079116	0	0.00433214	1201.11	2713.59	4	9422	
288	289	1	1	4	3	105002	414912945	142104	427792774	0.00126689	0.00119886	0	0.00408214	3010.42	3987.88	5	9422	
288	289	1	2	7	3	452113	611840340	535675	634755301	0.000924107	0.000721172	0	0.00433214	1184.96	2378.33	4	9422	
288	289	7	3	1	3	524944	759584219	575398	794407626	0.000991544	0.000661073	0	0.00383214	1380.62	2240.17	5	9422	
288	289	2	4	1	3	587092	759824362	635887	786607568	0.000971788	0.000615886	0	0.00408214	1237.02	2147.3	5	9422	
288	289	2	5	2	3	444301	559138085	547323	582366813	0.000885399	0.000723792	0	0.00458214	1064.03	2375.18	4	9422	
288	289	3	6	2	3	325601	503014446	392680	517806192	0.000970302	0.000807205	0	0.00408214	1318.65	2744.89	4	9422	
288	289	1	7	3	3	338788	478422584	408506	490976661	0.000950203	0.00079173	0	0.00433214	1201.88	2714.78	4	9422	
289	290	1	1	4	3	105145	416203774	142278	429086858	0.00126836	0.00119953	0	0.00408214	3015.83	3990.34	5	9422	
289	290	1	2	1	3	452315	613142613	535865	636057559	0.000924625	0.000721903	0	0.00433214	1186.97	2381.47	4	9422	
289	290	7	3	1	3	526243	762217277	576800	797155626	0.000991851	0.000661301	0	0.00383214	1382.03	2241.06	5	9422	
289	290	2	4	1	3	589515	762460752	638483	789332637	0.000971761	0.000615682	0	0.00408214	1236.26	2146.81	5	9422	
289	290	1	5	6	3	445977	560601245	549378	583859318	0.000885401	0.000723672	0	0.00458214	1062.76	2374.97	4	9422	
289	290	1	6	2	3	328892	505441762	396038	520246635	0.000970184	0.000805048	0	0.00408214	1313.63	2738.84	4	9422	
289	290	1	7	3	3	341418	480226134	411661	492820790	0.000949325	0.000790483	0	0.00433214	1197.15	2709.9	4	9422	
290	291	1	1	4	3	105287	417523020	142447	430418256	0.00126987	0.0012002	0	0.00408214	3021.6	3993.16	5	9422	
290	291	1	2	7	3	452474	614428946	536057	637345511	0.000925119	0.000722629	0	0.00433214	1188.95	2384.53	4	9422	
290	291	1	3	1	3	527492	764841383	578107	799842664	0.000992051	0.000661481	0	0.00383214	1383.55	2242.15	5	9422	
290	291	2	4	1	3	591682	765091177	640865	792095595	0.000971985	0.000615653	0	0.00408214	1235.98	2146.62	5	9422	
290	291	2	5	2	3	447651	562053250	551176	585317625	0.000885834	0.000723491	0	0.00458214	1061.94	2375.35	4	9422	
290	291	3	6	2	3	332443	508079372	399618	522884219	0.000970099	0.000802715	0	0.00408214	1308.46	2731.99	4	9422	
290	291	1	7	3	3	344562	482437301	415153	495088045	0.000948858	0.000788723	0	0.00433214	1192.54	2704.02	4	9422	
291	292	1	1	4	3	105430	418813894	142618	431712070	0.00127135	0.00120086	0	0.00408214	3027.05	3995.61	5	9422	
291	292	1	2	7	3	452700	615696420	536382	638727296	0.000925372	0.000723424	0	0.00433214	1190.81	2387.16	4	9422	
291	292	1	3	1	3	528673	767474195	579433	802653774	0.000992343	0.000661771	0	0.00383214	1385.24	2242.98	5	9422	
291	292	2	4	1	3	593736	767719431	643153	794890799	0.000972194	0.000615638	0	0.00408214	1235.93	2146.51	5	9422	
291	292	2	5	2	3	451147	566064088	554851	589387833	0.000886106	0.000722212	0	0.00458214	1062.25	2371.7	4	9422	
291	292	1	6	2	3	333815	509740652	401022	524550466	0.000970628	0.000802538	0	0.00408214	1308.03	2731.92	4	9422	
291	292	1	7	3	3	345004	483785456	415627	496446796	0.000949574	0.000789315	0	0.00433214	1194.45	2706.95	4	9422	
292	293	1	1	4	3	105573	420147948	142843	433054734	0.00127235	0.00120154	0	0.00408214	3031.68	3998.08	5	9422	
292	293	3	2	1	3	454542	617574528	538975	640759750	0.000924802	0.00072346	0	0.00433214	1188.85	2385.69	4	9422	
292	293	1	3	1	3	529682	770094103	580894	805845261	0.000992067	0.000662337	0	0.00383214	1387.25	2243.75	5	9422	
292	293	2	4	1	3	596417	770322643	646069	797580924	0.000972088	0.000615354	0	0.00408214	1234.51	2145.38	5	9422	
292	293	1	5	2	3	454876	568891719	558773	592278189	0.000886185	0.000720749	0	0.00458214	1059.96	2367.81	4	9422	
292	293	1	6	2	3	334268	511317499	401481	526149700	0.000971355	0.000803155	0	0.00408214	1310.52	2734.5	4	9422	
292	293	2	7	3	3	347711	485893278	418945	498608044	0.000948386	0.000787996	0	0.00433214	1190.15	2701.73	4	9422	
293	294	1	1	4	3	105716	421488055	143024	434398831	0.00127374	0.0012022	0	0.00408214	3037.24	4000.87	5	9422	
293	294	3	2	1	3	456499	619620143	541729	642933745	0.000923885	0.00072341	0	0.00433214	1186.82	2384.16	4	9422	
293	294	7	3	1	3	530829	772722931	582094	808557917	0.000992276	0.000662559	0	0.00383214	1389.05	2244.79	5	9422	
293	294	1	4	1	3	598854	772473928	649800	800087312	0.00097031	0.000615883	0	0.00408214	1231.28	2143.61	5	9422	
293	294	1	5	6	3	457623	571043346	561993	594508805	0.0008859	0.000719996	0	0.00458214	1057.86	2365.15	4	9422	
293	294	1	6	2	3	334496	512641617	401686	527472354	0.00097217	0.000804018	0	0.00408214	1313.15	2737.97	4	9422	
293	294	1	7	3	3	349813	487340752	421555	500081424	0.000947681	0.000787222	0	0.00433214	1186.28	2698.69	4	9422	
294	295	1	1	4	3	105859	422827650	143184	435740211	0.00127531	0.00120285	0	0.00408214	3043.22	4003.77	5	9422	
294	295	1	2	7	3	458336	623263583	543654	646633768	0.000924249	0.000723178	0	0.00433214	1189.42	2384.24	4	9422	
294	295	7	3	1	3	532009	775356522	583351	811296768	0.000992539	0.000662781	0	0.00383214	1390.75	2245.49	5	9422	
294	295	2	4	1	3	601979	775631557	653133	803336730	0.000970093	0.000615392	0	0.00408214	1229.97	2141.83	5	9422	
294	295	2	5	2	3	460492	572900614	565272	596403185	0.000885727	0.000719161	0	0.00458214	1055.07	2362.58	4	9422	
294	295	1	6	2	3	334724	513945796	401859	528772244	0.000972993	0.000804904	0	0.00408214	1315.82	2741.37	4	9422	
294	295	2	7	3	3	351720	488784899	423647	501535690	0.000947758	0.000786519	0	0.00433214	1183.85	2697.15	4	9422	
295	296	1	1	4	3	106002	424161353	143327	437064597	0.00127701	0.00120348	0	0.00408214	3049.42	4006.68	5	9422	
295	296	1	2	7	3	458539	624560034	543822	647926544	0.000924777	0.000723903	0	0.00433214	1191.43	2387.32	4	9422	
295	296	7	3	1	3	533192	777982851	584599	814000914	0.000992773	0.000662992	0	0.00383214	1392.41	2246.49	5	9422	
295	296	2	4	1	3	604233	778263093	655539	806050447	0.000970176	0.000615285	0	0.00408214	1229.6	2141.5	5	9422	
295	296	2	5	2	3	462986	574594238	568130	598135221	0.000885742	0.00071856	0	0.00458214	1052.81	2361.21	4	9422	
295	296	1	6	2	3	334924	515257841	402005	530078619	0.000973707	0.000805669	0	0.00408214	1318.59	2744.89	4	9422	
295	296	1	7	3	3	353808	490263685	425911	503026662	0.000947858	0.000785659	0	0.00433214	1181.06	2694.78	4	9422	
296	297	1	1	4	3	106145	425508699	143485	438413518	0.0012786	0.00120411	0	0.00408214	3055.47	4009.64	5	9422	
296	297	1	2	7	3	458749	625856948	543989	649218979	0.000925325	0.000724636	0	0.00433214	1193.44	2390.38	4	9422	
296	297	7	3	1	3	534363	780609423	585894	816797896	0.000993126	0.000663242	0	0.00383214	1394.11	2247.16	5	9422	
296	297	2	4	1	3	605641	780849091	657062	808747633	0.000970416	0.000615501	0	0.00408214	1230.85	2142.55	5	9422	
296	297	1	5	6	3	463384	575968434	568578	599512368	0.000886285	0.000719224	0	0.00458214	1054.41	2364.09	4	9422	
296	297	1	6	2	3	335870	516728112	403456	531767647	0.000973068	0.000805939	0	0.00408214	1318.03	2744.65	4	9422	
296	297	2	7	3	3	354524	491636896	426682	504394601	0.000948539	0.000786105	0	0.00433214	1182.13	2696.55	4	9422	
297	298	1	1	4	3	106287	426805606	143632	439720267	0.00128028	0.00120474	0	0.00408214	3061.44	4012.29	5	9422	
297	298	1	2	7	3	460551	627978721	546709	651655285	0.000924364	0.000724765	0	0.00433214	1191.96	2388.45	4	9422	
297	298	1	3	1	3	535902	783240922	587493	819487917	0.000993353	0.000663321	0	0.00383214	1394.89	2247.68	5	9422	
297	298	2	4	1	3	607748	783488058	659317	811475714	0.000970558	0.000615475	0	0.00408214	1230.78	2142.57	5	9422	
297	298	1	5	6	3	463563	577277932	568795	600822940	0.000886769	0.000719946	0	0.00458214	1056.31	2367.18	4	9422	
297	298	1	6	2	3	336169	518072587	403767	533103539	0.000973759	0.000806648	0	0.00408214	1320.32	2747.84	4	9422	
297	298	2	7	3	3	357593	494278158	430320	507168686	0.000947983	0.000784655	0	0.00433214	1178.58	2690.35	4	9422	
298	299	1	1	4	3	106430	428117096	143800	441034382	0.00128176	0.00120537	0	0.00408214	3067	4014.82	5	9422	
298	299	1	2	7	3	463397	631013707	550103	654884356	0.000923784	0.000724026	0	0.00433214	1190.48	2385.08	4	9422	
298	299	7	3	1	3	537232	785869400	588988	822312921	0.000993775	0.000663536	0	0.00383214	1396.15	2247.98	5	9422	
298	299	2	4	1	3	609769	786074670	661461	814141384	0.000970701	0.000615455	0	0.00408214	1230.82	2142.8	5	9422	
298	299	1	5	6	3	464145	578878448	569364	602423876	0.000887212	0.000720432	0	0.00458214	1058.06	2369.68	4	9422	
298	299	3	6	2	3	337885	519609645	405767	534661271	0.00097348	0.000806056	0	0.00408214	1317.66	2746.31	4	9422	
298	299	2	7	3	3	360481	496595040	433734	509667659	0.000947138	0.000783267	0	0.00433214	1175.07	2684.83	4	9422	
299	300	1	1	4	3	106564	429308123	143937	442234999	0.00128334	0.00120595	0	0.00408214	3072.42	4017.08	5	9422	
299	300	3	2	1	3	466180	634076186	553076	657993034	0.000923756	0.000723157	0	0.00433214	1189.7	2382.83	4	9422	
299	300	1	3	1	3	538386	788267105	590218	824805022	0.000994002	0.000663716	0	0.00383214	1397.46	2248.9	5	9422	
299	300	2	4	5	3	611473	788549801	663329	816737946	0.000970893	0.000615539	0	0.00408214	1231.27	2143.21	5	9422	
299	300	2	5	2	3	465704	581202157	571223	604834929	0.000887346	0.0007204	0	0.00458214	1058.84	2369.33	4	9422	
299	300	3	6	2	3	340289	522200363	408253	537305950	0.000973321	0.000804782	0	0.00408214	1316.11	2742.44	4	9422	
299	300	2	7	3	3	361652	497959878	434920	511034845	0.000947585	0.00078319	0	0.00433214	1175.01	2685.28	4	9422	
